timestamp_ns=1784169749487974663
online=1 transport=shm total_conns=4 active_conns=4
shm=1 daemon_online=1 daemon_generation=1 global_submit_sequence=0 ring_entries=512 payload_entries=8192 transfer_payload_slots=1
conn=0 lane=0 stream=0 failed=0 pending=0 inflight_count=0 inflight_slots=0 req_prod=0 req_cons=0 req_used=0 comp_prod=0 comp_cons=0 comp_ready=0 next_comp_sequence=0 next_req_slot=0 next_req_slot_busy=0 payload_free_slots=8192 payload_lease_hwm=0 request_wake_armed=1 completion_wake_armed=1 request_publishes=0 request_kicks=0 completion_kicks=0 has_capacity=1
conn=1 lane=1 stream=0 failed=0 pending=0 inflight_count=0 inflight_slots=0 req_prod=0 req_cons=0 req_used=0 comp_prod=0 comp_cons=0 comp_ready=0 next_comp_sequence=0 next_req_slot=0 next_req_slot_busy=0 payload_free_slots=8192 payload_lease_hwm=0 request_wake_armed=1 completion_wake_armed=1 request_publishes=0 request_kicks=0 completion_kicks=0 has_capacity=1
conn=2 lane=2 stream=0 failed=0 pending=0 inflight_count=0 inflight_slots=0 req_prod=0 req_cons=0 req_used=0 comp_prod=0 comp_cons=0 comp_ready=0 next_comp_sequence=0 next_req_slot=0 next_req_slot_busy=0 payload_free_slots=8192 payload_lease_hwm=0 request_wake_armed=1 completion_wake_armed=1 request_publishes=0 request_kicks=0 completion_kicks=0 has_capacity=1
conn=3 lane=3 stream=0 failed=0 pending=0 inflight_count=0 inflight_slots=0 req_prod=0 req_cons=0 req_used=0 comp_prod=0 comp_cons=0 comp_ready=0 next_comp_sequence=0 next_req_slot=0 next_req_slot_busy=0 payload_free_slots=8192 payload_lease_hwm=0 request_wake_armed=1 completion_wake_armed=1 request_publishes=0 request_kicks=0 completion_kicks=0 has_capacity=1
timestamp_ns=1784169749747530714
online=1 transport=shm total_conns=4 active_conns=4
shm=1 daemon_online=1 daemon_generation=1 global_submit_sequence=2322 ring_entries=512 payload_entries=8192 transfer_payload_slots=1
conn=0 lane=0 stream=0 failed=0 pending=0 inflight_count=64 inflight_slots=64 req_prod=307 req_cons=243 req_used=64 comp_prod=243 comp_cons=243 comp_ready=0 next_comp_sequence=0 next_req_slot=307 next_req_slot_busy=0 payload_free_slots=8003 payload_lease_hwm=0 request_wake_armed=0 completion_wake_armed=1 request_publishes=307 request_kicks=1 completion_kicks=0 has_capacity=1
conn=1 lane=1 stream=0 failed=0 pending=0 inflight_count=64 inflight_slots=64 req_prod=951 req_cons=887 req_used=64 comp_prod=887 comp_cons=887 comp_ready=0 next_comp_sequence=376 next_req_slot=439 next_req_slot_busy=0 payload_free_slots=7790 payload_lease_hwm=0 request_wake_armed=0 completion_wake_armed=1 request_publishes=951 request_kicks=2 completion_kicks=1 has_capacity=1
conn=2 lane=2 stream=0 failed=0 pending=0 inflight_count=64 inflight_slots=64 req_prod=927 req_cons=863 req_used=64 comp_prod=863 comp_cons=863 comp_ready=0 next_comp_sequence=352 next_req_slot=415 next_req_slot_busy=0 payload_free_slots=7676 payload_lease_hwm=0 request_wake_armed=0 completion_wake_armed=1 request_publishes=927 request_kicks=0 completion_kicks=0 has_capacity=1
conn=3 lane=3 stream=0 failed=0 pending=0 inflight_count=64 inflight_slots=64 req_prod=137 req_cons=129 req_used=8 comp_prod=73 comp_cons=73 comp_ready=0 next_comp_sequence=0 next_req_slot=137 next_req_slot_busy=0 payload_free_slots=8067 payload_lease_hwm=0 request_wake_armed=0 completion_wake_armed=1 request_publishes=137 request_kicks=0 completion_kicks=0 has_capacity=1
timestamp_ns=1784169750006337942
online=1 transport=shm total_conns=4 active_conns=4
shm=1 daemon_online=1 daemon_generation=1 global_submit_sequence=2322 ring_entries=512 payload_entries=8192 transfer_payload_slots=1
conn=0 lane=0 stream=0 failed=0 pending=0 inflight_count=64 inflight_slots=64 req_prod=307 req_cons=243 req_used=64 comp_prod=243 comp_cons=243 comp_ready=0 next_comp_sequence=0 next_req_slot=307 next_req_slot_busy=0 payload_free_slots=8003 payload_lease_hwm=0 request_wake_armed=0 completion_wake_armed=1 request_publishes=307 request_kicks=1 completion_kicks=0 has_capacity=1
conn=1 lane=1 stream=0 failed=0 pending=0 inflight_count=64 inflight_slots=64 req_prod=951 req_cons=887 req_used=64 comp_prod=887 comp_cons=887 comp_ready=0 next_comp_sequence=376 next_req_slot=439 next_req_slot_busy=0 payload_free_slots=7790 payload_lease_hwm=0 request_wake_armed=0 completion_wake_armed=1 request_publishes=951 request_kicks=2 completion_kicks=1 has_capacity=1
conn=2 lane=2 stream=0 failed=0 pending=0 inflight_count=64 inflight_slots=64 req_prod=927 req_cons=863 req_used=64 comp_prod=863 comp_cons=863 comp_ready=0 next_comp_sequence=352 next_req_slot=415 next_req_slot_busy=0 payload_free_slots=7676 payload_lease_hwm=0 request_wake_armed=0 completion_wake_armed=1 request_publishes=927 request_kicks=0 completion_kicks=0 has_capacity=1
conn=3 lane=3 stream=0 failed=0 pending=0 inflight_count=64 inflight_slots=64 req_prod=137 req_cons=129 req_used=8 comp_prod=73 comp_cons=73 comp_ready=0 next_comp_sequence=0 next_req_slot=137 next_req_slot_busy=0 payload_free_slots=8067 payload_lease_hwm=0 request_wake_armed=0 completion_wake_armed=1 request_publishes=137 request_kicks=0 completion_kicks=0 has_capacity=1
timestamp_ns=1784169750264653114
online=1 transport=shm total_conns=4 active_conns=4
shm=1 daemon_online=1 daemon_generation=1 global_submit_sequence=9297 ring_entries=512 payload_entries=8192 transfer_payload_slots=1
conn=0 lane=0 stream=0 failed=0 pending=0 inflight_count=64 inflight_slots=64 req_prod=2342 req_cons=2341 req_used=1 comp_prod=2278 comp_cons=2278 comp_ready=0 next_comp_sequence=1767 next_req_slot=294 next_req_slot_busy=0 payload_free_slots=6942 payload_lease_hwm=0 request_wake_armed=0 completion_wake_armed=1 request_publishes=2342 request_kicks=1 completion_kicks=1 has_capacity=1
conn=1 lane=1 stream=0 failed=0 pending=0 inflight_count=64 inflight_slots=64 req_prod=2889 req_cons=2889 req_used=0 comp_prod=2849 comp_cons=2825 comp_ready=24 next_comp_sequence=2826 next_req_slot=329 next_req_slot_busy=0 payload_free_slots=6813 payload_lease_hwm=0 request_wake_armed=0 completion_wake_armed=1 request_publishes=2889 request_kicks=2 completion_kicks=2 has_capacity=1
conn=2 lane=2 stream=0 failed=0 pending=0 inflight_count=64 inflight_slots=64 req_prod=2156 req_cons=2135 req_used=21 comp_prod=2092 comp_cons=2092 comp_ready=0 next_comp_sequence=1581 next_req_slot=108 next_req_slot_busy=0 payload_free_slots=7050 payload_lease_hwm=0 request_wake_armed=0 completion_wake_armed=1 request_publishes=2156 request_kicks=0 completion_kicks=1 has_capacity=1
conn=3 lane=3 stream=0 failed=0 pending=0 inflight_count=64 inflight_slots=64 req_prod=1910 req_cons=1846 req_used=64 comp_prod=1846 comp_cons=1846 comp_ready=0 next_comp_sequence=1335 next_req_slot=374 next_req_slot_busy=0 payload_free_slots=7194 payload_lease_hwm=0 request_wake_armed=0 completion_wake_armed=1 request_publishes=1910 request_kicks=0 completion_kicks=2 has_capacity=1
timestamp_ns=1784169750522912827
online=1 transport=shm total_conns=4 active_conns=4
shm=1 daemon_online=1 daemon_generation=1 global_submit_sequence=10461 ring_entries=512 payload_entries=8192 transfer_payload_slots=1
conn=0 lane=0 stream=0 failed=0 pending=0 inflight_count=64 inflight_slots=64 req_prod=2342 req_cons=2341 req_used=1 comp_prod=2278 comp_cons=2278 comp_ready=0 next_comp_sequence=1767 next_req_slot=294 next_req_slot_busy=0 payload_free_slots=6942 payload_lease_hwm=0 request_wake_armed=0 completion_wake_armed=1 request_publishes=2342 request_kicks=1 completion_kicks=1 has_capacity=1
conn=1 lane=1 stream=0 failed=0 pending=0 inflight_count=64 inflight_slots=64 req_prod=4017 req_cons=3987 req_used=30 comp_prod=3953 comp_cons=3953 comp_ready=0 next_comp_sequence=3442 next_req_slot=433 next_req_slot_busy=0 payload_free_slots=6244 payload_lease_hwm=0 request_wake_armed=0 completion_wake_armed=1 request_publishes=4017 request_kicks=2 completion_kicks=3 has_capacity=1
conn=2 lane=2 stream=0 failed=0 pending=0 inflight_count=64 inflight_slots=64 req_prod=2192 req_cons=2166 req_used=26 comp_prod=2128 comp_cons=2128 comp_ready=0 next_comp_sequence=1617 next_req_slot=144 next_req_slot_busy=0 payload_free_slots=7035 payload_lease_hwm=0 request_wake_armed=0 completion_wake_armed=1 request_publishes=2192 request_kicks=0 completion_kicks=2 has_capacity=1
conn=3 lane=3 stream=0 failed=0 pending=0 inflight_count=64 inflight_slots=64 req_prod=1910 req_cons=1846 req_used=64 comp_prod=1846 comp_cons=1846 comp_ready=0 next_comp_sequence=1335 next_req_slot=374 next_req_slot_busy=0 payload_free_slots=7194 payload_lease_hwm=0 request_wake_armed=0 completion_wake_armed=1 request_publishes=1910 request_kicks=0 completion_kicks=2 has_capacity=1
timestamp_ns=1784169750781041688
online=1 transport=shm total_conns=4 active_conns=4
shm=1 daemon_online=1 daemon_generation=1 global_submit_sequence=12377 ring_entries=512 payload_entries=8192 transfer_payload_slots=1
conn=0 lane=0 stream=0 failed=0 pending=0 inflight_count=64 inflight_slots=64 req_prod=3159 req_cons=3095 req_used=64 comp_prod=3095 comp_cons=3095 comp_ready=0 next_comp_sequence=2584 next_req_slot=87 next_req_slot_busy=0 payload_free_slots=6561 payload_lease_hwm=0 request_wake_armed=0 completion_wake_armed=1 request_publishes=3159 request_kicks=1 completion_kicks=2 has_capacity=1
conn=1 lane=1 stream=0 failed=0 pending=0 inflight_count=64 inflight_slots=64 req_prod=4417 req_cons=4417 req_used=0 comp_prod=4353 comp_cons=4353 comp_ready=0 next_comp_sequence=3842 next_req_slot=321 next_req_slot_busy=0 payload_free_slots=6036 payload_lease_hwm=0 request_wake_armed=0 completion_wake_armed=1 request_publishes=4417 request_kicks=2 completion_kicks=4 has_capacity=1
conn=2 lane=2 stream=0 failed=0 pending=0 inflight_count=64 inflight_slots=64 req_prod=2759 req_cons=2759 req_used=0 comp_prod=2695 comp_cons=2695 comp_ready=0 next_comp_sequence=2184 next_req_slot=199 next_req_slot_busy=0 payload_free_slots=6749 payload_lease_hwm=0 request_wake_armed=0 completion_wake_armed=1 request_publishes=2759 request_kicks=0 completion_kicks=3 has_capacity=1
conn=3 lane=3 stream=0 failed=0 pending=0 inflight_count=64 inflight_slots=64 req_prod=2042 req_cons=2024 req_used=18 comp_prod=1978 comp_cons=1978 comp_ready=0 next_comp_sequence=1467 next_req_slot=506 next_req_slot_busy=0 payload_free_slots=7103 payload_lease_hwm=0 request_wake_armed=0 completion_wake_armed=1 request_publishes=2042 request_kicks=0 completion_kicks=3 has_capacity=1
timestamp_ns=1784169751040263643
online=1 transport=shm total_conns=4 active_conns=4
shm=1 daemon_online=1 daemon_generation=1 global_submit_sequence=12377 ring_entries=512 payload_entries=8192 transfer_payload_slots=1
conn=0 lane=0 stream=0 failed=0 pending=0 inflight_count=64 inflight_slots=64 req_prod=3159 req_cons=3095 req_used=64 comp_prod=3095 comp_cons=3095 comp_ready=0 next_comp_sequence=2584 next_req_slot=87 next_req_slot_busy=0 payload_free_slots=6561 payload_lease_hwm=0 request_wake_armed=0 completion_wake_armed=1 request_publishes=3159 request_kicks=1 completion_kicks=2 has_capacity=1
conn=1 lane=1 stream=0 failed=0 pending=0 inflight_count=64 inflight_slots=64 req_prod=4417 req_cons=4417 req_used=0 comp_prod=4353 comp_cons=4353 comp_ready=0 next_comp_sequence=3842 next_req_slot=321 next_req_slot_busy=0 payload_free_slots=6036 payload_lease_hwm=0 request_wake_armed=0 completion_wake_armed=1 request_publishes=4417 request_kicks=2 completion_kicks=4 has_capacity=1
conn=2 lane=2 stream=0 failed=0 pending=0 inflight_count=64 inflight_slots=64 req_prod=2759 req_cons=2759 req_used=0 comp_prod=2695 comp_cons=2695 comp_ready=0 next_comp_sequence=2184 next_req_slot=199 next_req_slot_busy=0 payload_free_slots=6749 payload_lease_hwm=0 request_wake_armed=0 completion_wake_armed=1 request_publishes=2759 request_kicks=0 completion_kicks=3 has_capacity=1
conn=3 lane=3 stream=0 failed=0 pending=0 inflight_count=64 inflight_slots=64 req_prod=2042 req_cons=2024 req_used=18 comp_prod=1978 comp_cons=1978 comp_ready=0 next_comp_sequence=1467 next_req_slot=506 next_req_slot_busy=0 payload_free_slots=7103 payload_lease_hwm=0 request_wake_armed=0 completion_wake_armed=1 request_publishes=2042 request_kicks=0 completion_kicks=3 has_capacity=1
timestamp_ns=1784169751298079883
online=1 transport=shm total_conns=4 active_conns=4
shm=1 daemon_online=1 daemon_generation=1 global_submit_sequence=12399 ring_entries=512 payload_entries=8192 transfer_payload_slots=1
conn=0 lane=0 stream=0 failed=0 pending=0 inflight_count=64 inflight_slots=64 req_prod=3159 req_cons=3095 req_used=64 comp_prod=3095 comp_cons=3095 comp_ready=0 next_comp_sequence=2584 next_req_slot=87 next_req_slot_busy=0 payload_free_slots=6561 payload_lease_hwm=0 request_wake_armed=0 completion_wake_armed=1 request_publishes=3159 request_kicks=1 completion_kicks=2 has_capacity=1
conn=1 lane=1 stream=0 failed=0 pending=0 inflight_count=64 inflight_slots=64 req_prod=4417 req_cons=4417 req_used=0 comp_prod=4353 comp_cons=4353 comp_ready=0 next_comp_sequence=3842 next_req_slot=321 next_req_slot_busy=0 payload_free_slots=6036 payload_lease_hwm=0 request_wake_armed=0 completion_wake_armed=1 request_publishes=4417 request_kicks=2 completion_kicks=4 has_capacity=1
conn=2 lane=2 stream=0 failed=0 pending=0 inflight_count=64 inflight_slots=64 req_prod=2759 req_cons=2759 req_used=0 comp_prod=2695 comp_cons=2695 comp_ready=0 next_comp_sequence=2184 next_req_slot=199 next_req_slot_busy=0 payload_free_slots=6749 payload_lease_hwm=0 request_wake_armed=0 completion_wake_armed=1 request_publishes=2759 request_kicks=0 completion_kicks=3 has_capacity=1
conn=3 lane=3 stream=0 failed=0 pending=0 inflight_count=64 inflight_slots=64 req_prod=2064 req_cons=2042 req_used=22 comp_prod=2000 comp_cons=2000 comp_ready=0 next_comp_sequence=1489 next_req_slot=16 next_req_slot_busy=0 payload_free_slots=7095 payload_lease_hwm=0 request_wake_armed=0 completion_wake_armed=1 request_publishes=2064 request_kicks=0 completion_kicks=4 has_capacity=1
timestamp_ns=1784169751555950345
online=1 transport=shm total_conns=4 active_conns=4
shm=1 daemon_online=1 daemon_generation=1 global_submit_sequence=12826 ring_entries=512 payload_entries=8192 transfer_payload_slots=1
conn=0 lane=0 stream=0 failed=0 pending=0 inflight_count=64 inflight_slots=64 req_prod=3159 req_cons=3095 req_used=64 comp_prod=3095 comp_cons=3095 comp_ready=0 next_comp_sequence=2584 next_req_slot=87 next_req_slot_busy=0 payload_free_slots=6561 payload_lease_hwm=0 request_wake_armed=0 completion_wake_armed=1 request_publishes=3159 request_kicks=1 completion_kicks=2 has_capacity=1
conn=1 lane=1 stream=0 failed=0 pending=0 inflight_count=64 inflight_slots=64 req_prod=4821 req_cons=4757 req_used=64 comp_prod=4757 comp_cons=4757 comp_ready=0 next_comp_sequence=4246 next_req_slot=213 next_req_slot_busy=0 payload_free_slots=5862 payload_lease_hwm=0 request_wake_armed=0 completion_wake_armed=1 request_publishes=4821 request_kicks=2 completion_kicks=5 has_capacity=1
conn=2 lane=2 stream=0 failed=0 pending=0 inflight_count=64 inflight_slots=64 req_prod=2759 req_cons=2759 req_used=0 comp_prod=2695 comp_cons=2695 comp_ready=0 next_comp_sequence=2184 next_req_slot=199 next_req_slot_busy=0 payload_free_slots=6749 payload_lease_hwm=0 request_wake_armed=0 completion_wake_armed=1 request_publishes=2759 request_kicks=0 completion_kicks=3 has_capacity=1
conn=3 lane=3 stream=0 failed=0 pending=0 inflight_count=64 inflight_slots=64 req_prod=2087 req_cons=2073 req_used=14 comp_prod=2023 comp_cons=2023 comp_ready=0 next_comp_sequence=1512 next_req_slot=39 next_req_slot_busy=0 payload_free_slots=7081 payload_lease_hwm=0 request_wake_armed=0 completion_wake_armed=1 request_publishes=2087 request_kicks=0 completion_kicks=5 has_capacity=1
timestamp_ns=1784169751813750054
online=1 transport=shm total_conns=4 active_conns=4
shm=1 daemon_online=1 daemon_generation=1 global_submit_sequence=12835 ring_entries=512 payload_entries=8192 transfer_payload_slots=1
conn=0 lane=0 stream=0 failed=0 pending=0 inflight_count=64 inflight_slots=64 req_prod=3159 req_cons=3095 req_used=64 comp_prod=3095 comp_cons=3095 comp_ready=0 next_comp_sequence=2584 next_req_slot=87 next_req_slot_busy=0 payload_free_slots=6561 payload_lease_hwm=0 request_wake_armed=0 completion_wake_armed=1 request_publishes=3159 request_kicks=1 completion_kicks=2 has_capacity=1
conn=1 lane=1 stream=0 failed=0 pending=0 inflight_count=64 inflight_slots=64 req_prod=4821 req_cons=4757 req_used=64 comp_prod=4757 comp_cons=4757 comp_ready=0 next_comp_sequence=4246 next_req_slot=213 next_req_slot_busy=0 payload_free_slots=5862 payload_lease_hwm=0 request_wake_armed=0 completion_wake_armed=1 request_publishes=4821 request_kicks=2 completion_kicks=5 has_capacity=1
conn=2 lane=2 stream=0 failed=0 pending=0 inflight_count=64 inflight_slots=64 req_prod=2759 req_cons=2759 req_used=0 comp_prod=2695 comp_cons=2695 comp_ready=0 next_comp_sequence=2184 next_req_slot=199 next_req_slot_busy=0 payload_free_slots=6749 payload_lease_hwm=0 request_wake_armed=0 completion_wake_armed=1 request_publishes=2759 request_kicks=0 completion_kicks=3 has_capacity=1
conn=3 lane=3 stream=0 failed=0 pending=0 inflight_count=64 inflight_slots=64 req_prod=2096 req_cons=2087 req_used=9 comp_prod=2032 comp_cons=2032 comp_ready=0 next_comp_sequence=1521 next_req_slot=48 next_req_slot_busy=0 payload_free_slots=7076 payload_lease_hwm=0 request_wake_armed=0 completion_wake_armed=1 request_publishes=2096 request_kicks=0 completion_kicks=6 has_capacity=1
timestamp_ns=1784169752071438540
online=1 transport=shm total_conns=4 active_conns=4
shm=1 daemon_online=1 daemon_generation=1 global_submit_sequence=12835 ring_entries=512 payload_entries=8192 transfer_payload_slots=1
conn=0 lane=0 stream=0 failed=0 pending=0 inflight_count=64 inflight_slots=64 req_prod=3159 req_cons=3095 req_used=64 comp_prod=3095 comp_cons=3095 comp_ready=0 next_comp_sequence=2584 next_req_slot=87 next_req_slot_busy=0 payload_free_slots=6561 payload_lease_hwm=0 request_wake_armed=0 completion_wake_armed=1 request_publishes=3159 request_kicks=1 completion_kicks=2 has_capacity=1
conn=1 lane=1 stream=0 failed=0 pending=0 inflight_count=64 inflight_slots=64 req_prod=4821 req_cons=4757 req_used=64 comp_prod=4757 comp_cons=4757 comp_ready=0 next_comp_sequence=4246 next_req_slot=213 next_req_slot_busy=0 payload_free_slots=5862 payload_lease_hwm=0 request_wake_armed=0 completion_wake_armed=1 request_publishes=4821 request_kicks=2 completion_kicks=5 has_capacity=1
conn=2 lane=2 stream=0 failed=0 pending=0 inflight_count=64 inflight_slots=64 req_prod=2759 req_cons=2759 req_used=0 comp_prod=2695 comp_cons=2695 comp_ready=0 next_comp_sequence=2184 next_req_slot=199 next_req_slot_busy=0 payload_free_slots=6749 payload_lease_hwm=0 request_wake_armed=0 completion_wake_armed=1 request_publishes=2759 request_kicks=0 completion_kicks=3 has_capacity=1
conn=3 lane=3 stream=0 failed=0 pending=0 inflight_count=64 inflight_slots=64 req_prod=2096 req_cons=2087 req_used=9 comp_prod=2032 comp_cons=2032 comp_ready=0 next_comp_sequence=1521 next_req_slot=48 next_req_slot_busy=0 payload_free_slots=7076 payload_lease_hwm=0 request_wake_armed=0 completion_wake_armed=1 request_publishes=2096 request_kicks=0 completion_kicks=6 has_capacity=1
timestamp_ns=1784169752329072083
online=1 transport=shm total_conns=4 active_conns=4
shm=1 daemon_online=1 daemon_generation=1 global_submit_sequence=12835 ring_entries=512 payload_entries=8192 transfer_payload_slots=1
conn=0 lane=0 stream=0 failed=0 pending=0 inflight_count=64 inflight_slots=64 req_prod=3159 req_cons=3095 req_used=64 comp_prod=3095 comp_cons=3095 comp_ready=0 next_comp_sequence=2584 next_req_slot=87 next_req_slot_busy=0 payload_free_slots=6561 payload_lease_hwm=0 request_wake_armed=0 completion_wake_armed=1 request_publishes=3159 request_kicks=1 completion_kicks=2 has_capacity=1
conn=1 lane=1 stream=0 failed=0 pending=0 inflight_count=64 inflight_slots=64 req_prod=4821 req_cons=4757 req_used=64 comp_prod=4757 comp_cons=4757 comp_ready=0 next_comp_sequence=4246 next_req_slot=213 next_req_slot_busy=0 payload_free_slots=5862 payload_lease_hwm=0 request_wake_armed=0 completion_wake_armed=1 request_publishes=4821 request_kicks=2 completion_kicks=5 has_capacity=1
conn=2 lane=2 stream=0 failed=0 pending=0 inflight_count=64 inflight_slots=64 req_prod=2759 req_cons=2759 req_used=0 comp_prod=2695 comp_cons=2695 comp_ready=0 next_comp_sequence=2184 next_req_slot=199 next_req_slot_busy=0 payload_free_slots=6749 payload_lease_hwm=0 request_wake_armed=0 completion_wake_armed=1 request_publishes=2759 request_kicks=0 completion_kicks=3 has_capacity=1
conn=3 lane=3 stream=0 failed=0 pending=0 inflight_count=64 inflight_slots=64 req_prod=2096 req_cons=2087 req_used=9 comp_prod=2032 comp_cons=2032 comp_ready=0 next_comp_sequence=1521 next_req_slot=48 next_req_slot_busy=0 payload_free_slots=7076 payload_lease_hwm=0 request_wake_armed=0 completion_wake_armed=1 request_publishes=2096 request_kicks=0 completion_kicks=6 has_capacity=1
timestamp_ns=1784169752587018245
online=1 transport=shm total_conns=4 active_conns=4
shm=1 daemon_online=1 daemon_generation=1 global_submit_sequence=13806 ring_entries=512 payload_entries=8192 transfer_payload_slots=1
conn=0 lane=0 stream=0 failed=0 pending=0 inflight_count=64 inflight_slots=64 req_prod=3723 req_cons=3659 req_used=64 comp_prod=3659 comp_cons=3659 comp_ready=0 next_comp_sequence=3148 next_req_slot=139 next_req_slot_busy=0 payload_free_slots=6279 payload_lease_hwm=0 request_wake_armed=0 completion_wake_armed=1 request_publishes=3723 request_kicks=1 completion_kicks=3 has_capacity=1
conn=1 lane=1 stream=0 failed=0 pending=0 inflight_count=64 inflight_slots=64 req_prod=5043 req_cons=4979 req_used=64 comp_prod=4979 comp_cons=4979 comp_ready=0 next_comp_sequence=4468 next_req_slot=435 next_req_slot_busy=0 payload_free_slots=5743 payload_lease_hwm=0 request_wake_armed=0 completion_wake_armed=1 request_publishes=5043 request_kicks=2 completion_kicks=6 has_capacity=1
conn=2 lane=2 stream=0 failed=0 pending=0 inflight_count=64 inflight_slots=64 req_prod=2897 req_cons=2833 req_used=64 comp_prod=2833 comp_cons=2833 comp_ready=0 next_comp_sequence=2322 next_req_slot=337 next_req_slot_busy=0 payload_free_slots=6715 payload_lease_hwm=0 request_wake_armed=0 completion_wake_armed=1 request_publishes=2897 request_kicks=0 completion_kicks=4 has_capacity=1
conn=3 lane=3 stream=0 failed=0 pending=0 inflight_count=64 inflight_slots=64 req_prod=2143 req_cons=2121 req_used=22 comp_prod=2079 comp_cons=2079 comp_ready=0 next_comp_sequence=1568 next_req_slot=95 next_req_slot_busy=0 payload_free_slots=7059 payload_lease_hwm=0 request_wake_armed=0 completion_wake_armed=1 request_publishes=2143 request_kicks=0 completion_kicks=8 has_capacity=1
timestamp_ns=1784169752844861701
online=1 transport=shm total_conns=4 active_conns=4
shm=1 daemon_online=1 daemon_generation=1 global_submit_sequence=13806 ring_entries=512 payload_entries=8192 transfer_payload_slots=1
conn=0 lane=0 stream=0 failed=0 pending=0 inflight_count=64 inflight_slots=64 req_prod=3723 req_cons=3659 req_used=64 comp_prod=3659 comp_cons=3659 comp_ready=0 next_comp_sequence=3148 next_req_slot=139 next_req_slot_busy=0 payload_free_slots=6279 payload_lease_hwm=0 request_wake_armed=0 completion_wake_armed=1 request_publishes=3723 request_kicks=1 completion_kicks=3 has_capacity=1
conn=1 lane=1 stream=0 failed=0 pending=0 inflight_count=64 inflight_slots=64 req_prod=5043 req_cons=4979 req_used=64 comp_prod=4979 comp_cons=4979 comp_ready=0 next_comp_sequence=4468 next_req_slot=435 next_req_slot_busy=0 payload_free_slots=5743 payload_lease_hwm=0 request_wake_armed=0 completion_wake_armed=1 request_publishes=5043 request_kicks=2 completion_kicks=6 has_capacity=1
conn=2 lane=2 stream=0 failed=0 pending=0 inflight_count=64 inflight_slots=64 req_prod=2897 req_cons=2833 req_used=64 comp_prod=2833 comp_cons=2833 comp_ready=0 next_comp_sequence=2322 next_req_slot=337 next_req_slot_busy=0 payload_free_slots=6715 payload_lease_hwm=0 request_wake_armed=0 completion_wake_armed=1 request_publishes=2897 request_kicks=0 completion_kicks=4 has_capacity=1
conn=3 lane=3 stream=0 failed=0 pending=0 inflight_count=64 inflight_slots=64 req_prod=2143 req_cons=2121 req_used=22 comp_prod=2079 comp_cons=2079 comp_ready=0 next_comp_sequence=1568 next_req_slot=95 next_req_slot_busy=0 payload_free_slots=7059 payload_lease_hwm=0 request_wake_armed=0 completion_wake_armed=1 request_publishes=2143 request_kicks=0 completion_kicks=8 has_capacity=1
timestamp_ns=1784169753102767752
online=1 transport=shm total_conns=4 active_conns=4
shm=1 daemon_online=1 daemon_generation=1 global_submit_sequence=13842 ring_entries=512 payload_entries=8192 transfer_payload_slots=1
conn=0 lane=0 stream=0 failed=0 pending=0 inflight_count=64 inflight_slots=64 req_prod=3723 req_cons=3659 req_used=64 comp_prod=3659 comp_cons=3659 comp_ready=0 next_comp_sequence=3148 next_req_slot=139 next_req_slot_busy=0 payload_free_slots=6279 payload_lease_hwm=0 request_wake_armed=0 completion_wake_armed=1 request_publishes=3723 request_kicks=1 completion_kicks=3 has_capacity=1
conn=1 lane=1 stream=0 failed=0 pending=0 inflight_count=64 inflight_slots=64 req_prod=5043 req_cons=4979 req_used=64 comp_prod=4979 comp_cons=4979 comp_ready=0 next_comp_sequence=4468 next_req_slot=435 next_req_slot_busy=0 payload_free_slots=5743 payload_lease_hwm=0 request_wake_armed=0 completion_wake_armed=1 request_publishes=5043 request_kicks=2 completion_kicks=6 has_capacity=1
conn=2 lane=2 stream=0 failed=0 pending=0 inflight_count=64 inflight_slots=64 req_prod=2897 req_cons=2833 req_used=64 comp_prod=2833 comp_cons=2833 comp_ready=0 next_comp_sequence=2322 next_req_slot=337 next_req_slot_busy=0 payload_free_slots=6715 payload_lease_hwm=0 request_wake_armed=0 completion_wake_armed=1 request_publishes=2897 request_kicks=0 completion_kicks=4 has_capacity=1
conn=3 lane=3 stream=0 failed=0 pending=0 inflight_count=64 inflight_slots=64 req_prod=2179 req_cons=2160 req_used=19 comp_prod=2115 comp_cons=2115 comp_ready=0 next_comp_sequence=1604 next_req_slot=131 next_req_slot_busy=0 payload_free_slots=7041 payload_lease_hwm=0 request_wake_armed=0 completion_wake_armed=1 request_publishes=2179 request_kicks=0 completion_kicks=9 has_capacity=1
timestamp_ns=1784169753360497795
online=1 transport=shm total_conns=4 active_conns=4
shm=1 daemon_online=1 daemon_generation=1 global_submit_sequence=13842 ring_entries=512 payload_entries=8192 transfer_payload_slots=1
conn=0 lane=0 stream=0 failed=0 pending=0 inflight_count=64 inflight_slots=64 req_prod=3723 req_cons=3659 req_used=64 comp_prod=3659 comp_cons=3659 comp_ready=0 next_comp_sequence=3148 next_req_slot=139 next_req_slot_busy=0 payload_free_slots=6279 payload_lease_hwm=0 request_wake_armed=0 completion_wake_armed=1 request_publishes=3723 request_kicks=1 completion_kicks=3 has_capacity=1
conn=1 lane=1 stream=0 failed=0 pending=0 inflight_count=64 inflight_slots=64 req_prod=5043 req_cons=4979 req_used=64 comp_prod=4979 comp_cons=4979 comp_ready=0 next_comp_sequence=4468 next_req_slot=435 next_req_slot_busy=0 payload_free_slots=5743 payload_lease_hwm=0 request_wake_armed=0 completion_wake_armed=1 request_publishes=5043 request_kicks=2 completion_kicks=6 has_capacity=1
conn=2 lane=2 stream=0 failed=0 pending=0 inflight_count=64 inflight_slots=64 req_prod=2897 req_cons=2833 req_used=64 comp_prod=2833 comp_cons=2833 comp_ready=0 next_comp_sequence=2322 next_req_slot=337 next_req_slot_busy=0 payload_free_slots=6715 payload_lease_hwm=0 request_wake_armed=0 completion_wake_armed=1 request_publishes=2897 request_kicks=0 completion_kicks=4 has_capacity=1
conn=3 lane=3 stream=0 failed=0 pending=0 inflight_count=64 inflight_slots=64 req_prod=2179 req_cons=2160 req_used=19 comp_prod=2115 comp_cons=2115 comp_ready=0 next_comp_sequence=1604 next_req_slot=131 next_req_slot_busy=0 payload_free_slots=7041 payload_lease_hwm=0 request_wake_armed=0 completion_wake_armed=1 request_publishes=2179 request_kicks=0 completion_kicks=9 has_capacity=1
timestamp_ns=1784169753618382216
online=1 transport=shm total_conns=4 active_conns=4
shm=1 daemon_online=1 daemon_generation=1 global_submit_sequence=17808 ring_entries=512 payload_entries=8192 transfer_payload_slots=1
conn=0 lane=0 stream=0 failed=0 pending=0 inflight_count=64 inflight_slots=64 req_prod=4360 req_cons=4360 req_used=0 comp_prod=4296 comp_cons=4296 comp_ready=0 next_comp_sequence=3785 next_req_slot=264 next_req_slot_busy=0 payload_free_slots=5917 payload_lease_hwm=0 request_wake_armed=0 completion_wake_armed=1 request_publishes=4360 request_kicks=1 completion_kicks=4 has_capacity=1
conn=1 lane=1 stream=0 failed=0 pending=0 inflight_count=64 inflight_slots=64 req_prod=7440 req_cons=7435 req_used=5 comp_prod=7376 comp_cons=7376 comp_ready=0 next_comp_sequence=6865 next_req_slot=272 next_req_slot_busy=0 payload_free_slots=4487 payload_lease_hwm=0 request_wake_armed=0 completion_wake_armed=1 request_publishes=7440 request_kicks=2 completion_kicks=7 has_capacity=1
conn=2 lane=2 stream=0 failed=0 pending=0 inflight_count=64 inflight_slots=64 req_prod=3798 req_cons=3734 req_used=64 comp_prod=3734 comp_cons=3734 comp_ready=0 next_comp_sequence=3223 next_req_slot=214 next_req_slot_busy=0 payload_free_slots=6251 payload_lease_hwm=0 request_wake_armed=0 completion_wake_armed=1 request_publishes=3798 request_kicks=0 completion_kicks=6 has_capacity=1
conn=3 lane=3 stream=0 failed=0 pending=0 inflight_count=64 inflight_slots=64 req_prod=2210 req_cons=2198 req_used=12 comp_prod=2146 comp_cons=2146 comp_ready=0 next_comp_sequence=1635 next_req_slot=162 next_req_slot_busy=0 payload_free_slots=7023 payload_lease_hwm=0 request_wake_armed=0 completion_wake_armed=1 request_publishes=2210 request_kicks=0 completion_kicks=10 has_capacity=1
timestamp_ns=1784169753876449552
online=1 transport=shm total_conns=4 active_conns=4
shm=1 daemon_online=1 daemon_generation=1 global_submit_sequence=17832 ring_entries=512 payload_entries=8192 transfer_payload_slots=1
conn=0 lane=0 stream=0 failed=0 pending=0 inflight_count=64 inflight_slots=64 req_prod=4360 req_cons=4360 req_used=0 comp_prod=4296 comp_cons=4296 comp_ready=0 next_comp_sequence=3785 next_req_slot=264 next_req_slot_busy=0 payload_free_slots=5917 payload_lease_hwm=0 request_wake_armed=0 completion_wake_armed=1 request_publishes=4360 request_kicks=1 completion_kicks=4 has_capacity=1
conn=1 lane=1 stream=0 failed=0 pending=0 inflight_count=64 inflight_slots=64 req_prod=7440 req_cons=7440 req_used=0 comp_prod=7380 comp_cons=7376 comp_ready=4 next_comp_sequence=7377 next_req_slot=272 next_req_slot_busy=0 payload_free_slots=4487 payload_lease_hwm=0 request_wake_armed=0 completion_wake_armed=1 request_publishes=7440 request_kicks=2 completion_kicks=7 has_capacity=1
conn=2 lane=2 stream=0 failed=0 pending=0 inflight_count=64 inflight_slots=64 req_prod=3798 req_cons=3734 req_used=64 comp_prod=3734 comp_cons=3734 comp_ready=0 next_comp_sequence=3223 next_req_slot=214 next_req_slot_busy=0 payload_free_slots=6251 payload_lease_hwm=0 request_wake_armed=0 completion_wake_armed=1 request_publishes=3798 request_kicks=0 completion_kicks=6 has_capacity=1
conn=3 lane=3 stream=0 failed=0 pending=0 inflight_count=64 inflight_slots=64 req_prod=2234 req_cons=2222 req_used=12 comp_prod=2170 comp_cons=2170 comp_ready=0 next_comp_sequence=1659 next_req_slot=186 next_req_slot_busy=0 payload_free_slots=7011 payload_lease_hwm=0 request_wake_armed=0 completion_wake_armed=1 request_publishes=2234 request_kicks=0 completion_kicks=11 has_capacity=1
timestamp_ns=1784169754137922636
online=1 transport=shm total_conns=4 active_conns=4
shm=1 daemon_online=1 daemon_generation=1 global_submit_sequence=17832 ring_entries=512 payload_entries=8192 transfer_payload_slots=1
conn=0 lane=0 stream=0 failed=0 pending=0 inflight_count=64 inflight_slots=64 req_prod=4360 req_cons=4360 req_used=0 comp_prod=4296 comp_cons=4296 comp_ready=0 next_comp_sequence=3785 next_req_slot=264 next_req_slot_busy=0 payload_free_slots=5917 payload_lease_hwm=0 request_wake_armed=0 completion_wake_armed=1 request_publishes=4360 request_kicks=1 completion_kicks=4 has_capacity=1
conn=1 lane=1 stream=0 failed=0 pending=0 inflight_count=64 inflight_slots=64 req_prod=7440 req_cons=7440 req_used=0 comp_prod=7380 comp_cons=7376 comp_ready=4 next_comp_sequence=7377 next_req_slot=272 next_req_slot_busy=0 payload_free_slots=4487 payload_lease_hwm=0 request_wake_armed=0 completion_wake_armed=1 request_publishes=7440 request_kicks=2 completion_kicks=7 has_capacity=1
conn=2 lane=2 stream=0 failed=0 pending=0 inflight_count=64 inflight_slots=64 req_prod=3798 req_cons=3734 req_used=64 comp_prod=3734 comp_cons=3734 comp_ready=0 next_comp_sequence=3223 next_req_slot=214 next_req_slot_busy=0 payload_free_slots=6251 payload_lease_hwm=0 request_wake_armed=0 completion_wake_armed=1 request_publishes=3798 request_kicks=0 completion_kicks=6 has_capacity=1
conn=3 lane=3 stream=0 failed=0 pending=0 inflight_count=64 inflight_slots=64 req_prod=2234 req_cons=2222 req_used=12 comp_prod=2170 comp_cons=2170 comp_ready=0 next_comp_sequence=1659 next_req_slot=186 next_req_slot_busy=0 payload_free_slots=7011 payload_lease_hwm=0 request_wake_armed=0 completion_wake_armed=1 request_publishes=2234 request_kicks=0 completion_kicks=11 has_capacity=1
timestamp_ns=1784169754395833662
online=1 transport=shm total_conns=4 active_conns=4
shm=1 daemon_online=1 daemon_generation=1 global_submit_sequence=18249 ring_entries=512 payload_entries=8192 transfer_payload_slots=1
conn=0 lane=0 stream=0 failed=0 pending=0 inflight_count=64 inflight_slots=64 req_prod=4485 req_cons=4479 req_used=6 comp_prod=4421 comp_cons=4421 comp_ready=0 next_comp_sequence=3910 next_req_slot=389 next_req_slot_busy=0 payload_free_slots=5861 payload_lease_hwm=0 request_wake_armed=0 completion_wake_armed=1 request_publishes=4485 request_kicks=1 completion_kicks=5 has_capacity=1
conn=1 lane=1 stream=0 failed=0 pending=0 inflight_count=64 inflight_slots=64 req_prod=7440 req_cons=7440 req_used=0 comp_prod=7380 comp_cons=7376 comp_ready=4 next_comp_sequence=7377 next_req_slot=272 next_req_slot_busy=0 payload_free_slots=4487 payload_lease_hwm=0 request_wake_armed=0 completion_wake_armed=1 request_publishes=7440 request_kicks=2 completion_kicks=7 has_capacity=1
conn=2 lane=2 stream=0 failed=0 pending=0 inflight_count=64 inflight_slots=64 req_prod=4090 req_cons=4038 req_used=52 comp_prod=4026 comp_cons=4026 comp_ready=0 next_comp_sequence=3515 next_req_slot=506 next_req_slot_busy=0 payload_free_slots=6098 payload_lease_hwm=0 request_wake_armed=0 completion_wake_armed=1 request_publishes=4090 request_kicks=0 completion_kicks=7 has_capacity=1
conn=3 lane=3 stream=0 failed=0 pending=0 inflight_count=64 inflight_slots=64 req_prod=2234 req_cons=2222 req_used=12 comp_prod=2170 comp_cons=2170 comp_ready=0 next_comp_sequence=1659 next_req_slot=186 next_req_slot_busy=0 payload_free_slots=7011 payload_lease_hwm=0 request_wake_armed=0 completion_wake_armed=1 request_publishes=2234 request_kicks=0 completion_kicks=11 has_capacity=1
timestamp_ns=1784169754653620195
online=1 transport=shm total_conns=4 active_conns=4
shm=1 daemon_online=1 daemon_generation=1 global_submit_sequence=18550 ring_entries=512 payload_entries=8192 transfer_payload_slots=1
conn=0 lane=0 stream=0 failed=0 pending=0 inflight_count=64 inflight_slots=64 req_prod=4485 req_cons=4479 req_used=6 comp_prod=4421 comp_cons=4421 comp_ready=0 next_comp_sequence=3910 next_req_slot=389 next_req_slot_busy=0 payload_free_slots=5861 payload_lease_hwm=0 request_wake_armed=0 completion_wake_armed=1 request_publishes=4485 request_kicks=1 completion_kicks=5 has_capacity=1
conn=1 lane=1 stream=0 failed=0 pending=0 inflight_count=64 inflight_slots=64 req_prod=7704 req_cons=7640 req_used=64 comp_prod=7640 comp_cons=7640 comp_ready=0 next_comp_sequence=7129 next_req_slot=24 next_req_slot_busy=0 payload_free_slots=4381 payload_lease_hwm=0 request_wake_armed=0 completion_wake_armed=1 request_publishes=7704 request_kicks=2 completion_kicks=8 has_capacity=1
conn=2 lane=2 stream=0 failed=0 pending=0 inflight_count=64 inflight_slots=64 req_prod=4102 req_cons=4038 req_used=64 comp_prod=4038 comp_cons=4038 comp_ready=0 next_comp_sequence=3527 next_req_slot=6 next_req_slot_busy=0 payload_free_slots=6098 payload_lease_hwm=0 request_wake_armed=0 completion_wake_armed=1 request_publishes=4102 request_kicks=0 completion_kicks=8 has_capacity=1
conn=3 lane=3 stream=0 failed=0 pending=0 inflight_count=64 inflight_slots=64 req_prod=2259 req_cons=2229 req_used=30 comp_prod=2195 comp_cons=2195 comp_ready=0 next_comp_sequence=1684 next_req_slot=211 next_req_slot_busy=0 payload_free_slots=7007 payload_lease_hwm=0 request_wake_armed=0 completion_wake_armed=1 request_publishes=2259 request_kicks=0 completion_kicks=12 has_capacity=1
timestamp_ns=1784169754911473084
online=1 transport=shm total_conns=4 active_conns=4
shm=1 daemon_online=1 daemon_generation=1 global_submit_sequence=19355 ring_entries=512 payload_entries=8192 transfer_payload_slots=1
conn=0 lane=0 stream=0 failed=0 pending=0 inflight_count=64 inflight_slots=64 req_prod=4485 req_cons=4479 req_used=6 comp_prod=4421 comp_cons=4421 comp_ready=0 next_comp_sequence=3910 next_req_slot=389 next_req_slot_busy=0 payload_free_slots=5861 payload_lease_hwm=0 request_wake_armed=0 completion_wake_armed=1 request_publishes=4485 request_kicks=1 completion_kicks=5 has_capacity=1
conn=1 lane=1 stream=0 failed=0 pending=0 inflight_count=64 inflight_slots=64 req_prod=8497 req_cons=8433 req_used=64 comp_prod=8433 comp_cons=8433 comp_ready=0 next_comp_sequence=7922 next_req_slot=305 next_req_slot_busy=0 payload_free_slots=3985 payload_lease_hwm=0 request_wake_armed=0 completion_wake_armed=1 request_publishes=8497 request_kicks=2 completion_kicks=9 has_capacity=1
conn=2 lane=2 stream=0 failed=0 pending=0 inflight_count=64 inflight_slots=64 req_prod=4102 req_cons=4038 req_used=64 comp_prod=4038 comp_cons=4038 comp_ready=0 next_comp_sequence=3527 next_req_slot=6 next_req_slot_busy=0 payload_free_slots=6098 payload_lease_hwm=0 request_wake_armed=0 completion_wake_armed=1 request_publishes=4102 request_kicks=0 completion_kicks=8 has_capacity=1
conn=3 lane=3 stream=0 failed=0 pending=0 inflight_count=64 inflight_slots=64 req_prod=2271 req_cons=2229 req_used=42 comp_prod=2207 comp_cons=2207 comp_ready=0 next_comp_sequence=1696 next_req_slot=223 next_req_slot_busy=0 payload_free_slots=7007 payload_lease_hwm=0 request_wake_armed=0 completion_wake_armed=1 request_publishes=2271 request_kicks=0 completion_kicks=13 has_capacity=1
timestamp_ns=1784169755169162049
online=1 transport=shm total_conns=4 active_conns=4
shm=1 daemon_online=1 daemon_generation=1 global_submit_sequence=19363 ring_entries=512 payload_entries=8192 transfer_payload_slots=1
conn=0 lane=0 stream=0 failed=0 pending=0 inflight_count=64 inflight_slots=64 req_prod=4485 req_cons=4479 req_used=6 comp_prod=4421 comp_cons=4421 comp_ready=0 next_comp_sequence=3910 next_req_slot=389 next_req_slot_busy=0 payload_free_slots=5861 payload_lease_hwm=0 request_wake_armed=0 completion_wake_armed=1 request_publishes=4485 request_kicks=1 completion_kicks=5 has_capacity=1
conn=1 lane=1 stream=0 failed=0 pending=0 inflight_count=64 inflight_slots=64 req_prod=8497 req_cons=8433 req_used=64 comp_prod=8433 comp_cons=8433 comp_ready=0 next_comp_sequence=7922 next_req_slot=305 next_req_slot_busy=0 payload_free_slots=3985 payload_lease_hwm=0 request_wake_armed=0 completion_wake_armed=1 request_publishes=8497 request_kicks=2 completion_kicks=9 has_capacity=1
conn=2 lane=2 stream=0 failed=0 pending=0 inflight_count=64 inflight_slots=64 req_prod=4102 req_cons=4038 req_used=64 comp_prod=4038 comp_cons=4038 comp_ready=0 next_comp_sequence=3527 next_req_slot=6 next_req_slot_busy=0 payload_free_slots=6098 payload_lease_hwm=0 request_wake_armed=0 completion_wake_armed=1 request_publishes=4102 request_kicks=0 completion_kicks=8 has_capacity=1
conn=3 lane=3 stream=0 failed=0 pending=0 inflight_count=64 inflight_slots=64 req_prod=2279 req_cons=2229 req_used=50 comp_prod=2215 comp_cons=2215 comp_ready=0 next_comp_sequence=1704 next_req_slot=231 next_req_slot_busy=0 payload_free_slots=7007 payload_lease_hwm=0 request_wake_armed=0 completion_wake_armed=1 request_publishes=2279 request_kicks=0 completion_kicks=14 has_capacity=1
timestamp_ns=1784169755426888332
online=1 transport=shm total_conns=4 active_conns=4
shm=1 daemon_online=1 daemon_generation=1 global_submit_sequence=19414 ring_entries=512 payload_entries=8192 transfer_payload_slots=1
conn=0 lane=0 stream=0 failed=0 pending=0 inflight_count=64 inflight_slots=64 req_prod=4485 req_cons=4479 req_used=6 comp_prod=4421 comp_cons=4421 comp_ready=0 next_comp_sequence=3910 next_req_slot=389 next_req_slot_busy=0 payload_free_slots=5861 payload_lease_hwm=0 request_wake_armed=0 completion_wake_armed=1 request_publishes=4485 request_kicks=1 completion_kicks=5 has_capacity=1
conn=1 lane=1 stream=0 failed=0 pending=0 inflight_count=64 inflight_slots=64 req_prod=8497 req_cons=8433 req_used=64 comp_prod=8433 comp_cons=8433 comp_ready=0 next_comp_sequence=7922 next_req_slot=305 next_req_slot_busy=0 payload_free_slots=3985 payload_lease_hwm=0 request_wake_armed=0 completion_wake_armed=1 request_publishes=8497 request_kicks=2 completion_kicks=9 has_capacity=1
conn=2 lane=2 stream=0 failed=0 pending=0 inflight_count=64 inflight_slots=64 req_prod=4102 req_cons=4038 req_used=64 comp_prod=4038 comp_cons=4038 comp_ready=0 next_comp_sequence=3527 next_req_slot=6 next_req_slot_busy=0 payload_free_slots=6098 payload_lease_hwm=0 request_wake_armed=0 completion_wake_armed=1 request_publishes=4102 request_kicks=0 completion_kicks=8 has_capacity=1
conn=3 lane=3 stream=0 failed=0 pending=0 inflight_count=64 inflight_slots=64 req_prod=2330 req_cons=2306 req_used=24 comp_prod=2266 comp_cons=2266 comp_ready=0 next_comp_sequence=1755 next_req_slot=282 next_req_slot_busy=0 payload_free_slots=6971 payload_lease_hwm=0 request_wake_armed=0 completion_wake_armed=1 request_publishes=2330 request_kicks=0 completion_kicks=15 has_capacity=1
timestamp_ns=1784169755684699514
online=1 transport=shm total_conns=4 active_conns=4
shm=1 daemon_online=1 daemon_generation=1 global_submit_sequence=19414 ring_entries=512 payload_entries=8192 transfer_payload_slots=1
conn=0 lane=0 stream=0 failed=0 pending=0 inflight_count=64 inflight_slots=64 req_prod=4485 req_cons=4479 req_used=6 comp_prod=4421 comp_cons=4421 comp_ready=0 next_comp_sequence=3910 next_req_slot=389 next_req_slot_busy=0 payload_free_slots=5861 payload_lease_hwm=0 request_wake_armed=0 completion_wake_armed=1 request_publishes=4485 request_kicks=1 completion_kicks=5 has_capacity=1
conn=1 lane=1 stream=0 failed=0 pending=0 inflight_count=64 inflight_slots=64 req_prod=8497 req_cons=8433 req_used=64 comp_prod=8433 comp_cons=8433 comp_ready=0 next_comp_sequence=7922 next_req_slot=305 next_req_slot_busy=0 payload_free_slots=3985 payload_lease_hwm=0 request_wake_armed=0 completion_wake_armed=1 request_publishes=8497 request_kicks=2 completion_kicks=9 has_capacity=1
conn=2 lane=2 stream=0 failed=0 pending=0 inflight_count=64 inflight_slots=64 req_prod=4102 req_cons=4038 req_used=64 comp_prod=4038 comp_cons=4038 comp_ready=0 next_comp_sequence=3527 next_req_slot=6 next_req_slot_busy=0 payload_free_slots=6098 payload_lease_hwm=0 request_wake_armed=0 completion_wake_armed=1 request_publishes=4102 request_kicks=0 completion_kicks=8 has_capacity=1
conn=3 lane=3 stream=0 failed=0 pending=0 inflight_count=64 inflight_slots=64 req_prod=2330 req_cons=2306 req_used=24 comp_prod=2266 comp_cons=2266 comp_ready=0 next_comp_sequence=1755 next_req_slot=282 next_req_slot_busy=0 payload_free_slots=6971 payload_lease_hwm=0 request_wake_armed=0 completion_wake_armed=1 request_publishes=2330 request_kicks=0 completion_kicks=15 has_capacity=1
timestamp_ns=1784169755942436110
online=1 transport=shm total_conns=4 active_conns=4
shm=1 daemon_online=1 daemon_generation=1 global_submit_sequence=19414 ring_entries=512 payload_entries=8192 transfer_payload_slots=1
conn=0 lane=0 stream=0 failed=0 pending=0 inflight_count=64 inflight_slots=64 req_prod=4485 req_cons=4479 req_used=6 comp_prod=4421 comp_cons=4421 comp_ready=0 next_comp_sequence=3910 next_req_slot=389 next_req_slot_busy=0 payload_free_slots=5861 payload_lease_hwm=0 request_wake_armed=0 completion_wake_armed=1 request_publishes=4485 request_kicks=1 completion_kicks=5 has_capacity=1
conn=1 lane=1 stream=0 failed=0 pending=0 inflight_count=64 inflight_slots=64 req_prod=8497 req_cons=8433 req_used=64 comp_prod=8433 comp_cons=8433 comp_ready=0 next_comp_sequence=7922 next_req_slot=305 next_req_slot_busy=0 payload_free_slots=3985 payload_lease_hwm=0 request_wake_armed=0 completion_wake_armed=1 request_publishes=8497 request_kicks=2 completion_kicks=9 has_capacity=1
conn=2 lane=2 stream=0 failed=0 pending=0 inflight_count=64 inflight_slots=64 req_prod=4102 req_cons=4038 req_used=64 comp_prod=4038 comp_cons=4038 comp_ready=0 next_comp_sequence=3527 next_req_slot=6 next_req_slot_busy=0 payload_free_slots=6098 payload_lease_hwm=0 request_wake_armed=0 completion_wake_armed=1 request_publishes=4102 request_kicks=0 completion_kicks=8 has_capacity=1
conn=3 lane=3 stream=0 failed=0 pending=0 inflight_count=64 inflight_slots=64 req_prod=2330 req_cons=2306 req_used=24 comp_prod=2266 comp_cons=2266 comp_ready=0 next_comp_sequence=1755 next_req_slot=282 next_req_slot_busy=0 payload_free_slots=6971 payload_lease_hwm=0 request_wake_armed=0 completion_wake_armed=1 request_publishes=2330 request_kicks=0 completion_kicks=15 has_capacity=1
timestamp_ns=1784169756200157494
online=1 transport=shm total_conns=4 active_conns=4
shm=1 daemon_online=1 daemon_generation=1 global_submit_sequence=19414 ring_entries=512 payload_entries=8192 transfer_payload_slots=1
conn=0 lane=0 stream=0 failed=0 pending=0 inflight_count=64 inflight_slots=64 req_prod=4485 req_cons=4479 req_used=6 comp_prod=4421 comp_cons=4421 comp_ready=0 next_comp_sequence=3910 next_req_slot=389 next_req_slot_busy=0 payload_free_slots=5861 payload_lease_hwm=0 request_wake_armed=0 completion_wake_armed=1 request_publishes=4485 request_kicks=1 completion_kicks=5 has_capacity=1
conn=1 lane=1 stream=0 failed=0 pending=0 inflight_count=64 inflight_slots=64 req_prod=8497 req_cons=8433 req_used=64 comp_prod=8433 comp_cons=8433 comp_ready=0 next_comp_sequence=7922 next_req_slot=305 next_req_slot_busy=0 payload_free_slots=3985 payload_lease_hwm=0 request_wake_armed=0 completion_wake_armed=1 request_publishes=8497 request_kicks=2 completion_kicks=9 has_capacity=1
conn=2 lane=2 stream=0 failed=0 pending=0 inflight_count=64 inflight_slots=64 req_prod=4102 req_cons=4038 req_used=64 comp_prod=4038 comp_cons=4038 comp_ready=0 next_comp_sequence=3527 next_req_slot=6 next_req_slot_busy=0 payload_free_slots=6098 payload_lease_hwm=0 request_wake_armed=0 completion_wake_armed=1 request_publishes=4102 request_kicks=0 completion_kicks=8 has_capacity=1
conn=3 lane=3 stream=0 failed=0 pending=0 inflight_count=64 inflight_slots=64 req_prod=2330 req_cons=2306 req_used=24 comp_prod=2266 comp_cons=2266 comp_ready=0 next_comp_sequence=1755 next_req_slot=282 next_req_slot_busy=0 payload_free_slots=6971 payload_lease_hwm=0 request_wake_armed=0 completion_wake_armed=1 request_publishes=2330 request_kicks=0 completion_kicks=15 has_capacity=1
timestamp_ns=1784169756457967730
online=1 transport=shm total_conns=4 active_conns=4
shm=1 daemon_online=1 daemon_generation=1 global_submit_sequence=19473 ring_entries=512 payload_entries=8192 transfer_payload_slots=1
conn=0 lane=0 stream=0 failed=0 pending=0 inflight_count=64 inflight_slots=64 req_prod=4485 req_cons=4479 req_used=6 comp_prod=4421 comp_cons=4421 comp_ready=0 next_comp_sequence=3910 next_req_slot=389 next_req_slot_busy=0 payload_free_slots=5861 payload_lease_hwm=0 request_wake_armed=0 completion_wake_armed=1 request_publishes=4485 request_kicks=1 completion_kicks=5 has_capacity=1
conn=1 lane=1 stream=0 failed=0 pending=0 inflight_count=64 inflight_slots=64 req_prod=8497 req_cons=8433 req_used=64 comp_prod=8433 comp_cons=8433 comp_ready=0 next_comp_sequence=7922 next_req_slot=305 next_req_slot_busy=0 payload_free_slots=3985 payload_lease_hwm=0 request_wake_armed=0 completion_wake_armed=1 request_publishes=8497 request_kicks=2 completion_kicks=9 has_capacity=1
conn=2 lane=2 stream=0 failed=0 pending=0 inflight_count=64 inflight_slots=64 req_prod=4102 req_cons=4038 req_used=64 comp_prod=4038 comp_cons=4038 comp_ready=0 next_comp_sequence=3527 next_req_slot=6 next_req_slot_busy=0 payload_free_slots=6098 payload_lease_hwm=0 request_wake_armed=0 completion_wake_armed=1 request_publishes=4102 request_kicks=0 completion_kicks=8 has_capacity=1
conn=3 lane=3 stream=0 failed=0 pending=0 inflight_count=64 inflight_slots=64 req_prod=2389 req_cons=2383 req_used=6 comp_prod=2325 comp_cons=2325 comp_ready=0 next_comp_sequence=1814 next_req_slot=341 next_req_slot_busy=0 payload_free_slots=6939 payload_lease_hwm=0 request_wake_armed=0 completion_wake_armed=1 request_publishes=2389 request_kicks=0 completion_kicks=16 has_capacity=1
timestamp_ns=1784169756715725113
online=1 transport=shm total_conns=4 active_conns=4
shm=1 daemon_online=1 daemon_generation=1 global_submit_sequence=19488 ring_entries=512 payload_entries=8192 transfer_payload_slots=1
conn=0 lane=0 stream=0 failed=0 pending=0 inflight_count=64 inflight_slots=64 req_prod=4485 req_cons=4479 req_used=6 comp_prod=4421 comp_cons=4421 comp_ready=0 next_comp_sequence=3910 next_req_slot=389 next_req_slot_busy=0 payload_free_slots=5861 payload_lease_hwm=0 request_wake_armed=0 completion_wake_armed=1 request_publishes=4485 request_kicks=1 completion_kicks=5 has_capacity=1
conn=1 lane=1 stream=0 failed=0 pending=0 inflight_count=64 inflight_slots=64 req_prod=8497 req_cons=8433 req_used=64 comp_prod=8433 comp_cons=8433 comp_ready=0 next_comp_sequence=7922 next_req_slot=305 next_req_slot_busy=0 payload_free_slots=3985 payload_lease_hwm=0 request_wake_armed=0 completion_wake_armed=1 request_publishes=8497 request_kicks=2 completion_kicks=9 has_capacity=1
conn=2 lane=2 stream=0 failed=0 pending=0 inflight_count=64 inflight_slots=64 req_prod=4102 req_cons=4038 req_used=64 comp_prod=4038 comp_cons=4038 comp_ready=0 next_comp_sequence=3527 next_req_slot=6 next_req_slot_busy=0 payload_free_slots=6098 payload_lease_hwm=0 request_wake_armed=0 completion_wake_armed=1 request_publishes=4102 request_kicks=0 completion_kicks=8 has_capacity=1
conn=3 lane=3 stream=0 failed=0 pending=0 inflight_count=64 inflight_slots=64 req_prod=2404 req_cons=2389 req_used=15 comp_prod=2340 comp_cons=2340 comp_ready=0 next_comp_sequence=1829 next_req_slot=356 next_req_slot_busy=0 payload_free_slots=6937 payload_lease_hwm=0 request_wake_armed=0 completion_wake_armed=1 request_publishes=2404 request_kicks=0 completion_kicks=17 has_capacity=1
timestamp_ns=1784169756973465853
online=1 transport=shm total_conns=4 active_conns=4
shm=1 daemon_online=1 daemon_generation=1 global_submit_sequence=19488 ring_entries=512 payload_entries=8192 transfer_payload_slots=1
conn=0 lane=0 stream=0 failed=0 pending=0 inflight_count=64 inflight_slots=64 req_prod=4485 req_cons=4479 req_used=6 comp_prod=4421 comp_cons=4421 comp_ready=0 next_comp_sequence=3910 next_req_slot=389 next_req_slot_busy=0 payload_free_slots=5861 payload_lease_hwm=0 request_wake_armed=0 completion_wake_armed=1 request_publishes=4485 request_kicks=1 completion_kicks=5 has_capacity=1
conn=1 lane=1 stream=0 failed=0 pending=0 inflight_count=64 inflight_slots=64 req_prod=8497 req_cons=8433 req_used=64 comp_prod=8433 comp_cons=8433 comp_ready=0 next_comp_sequence=7922 next_req_slot=305 next_req_slot_busy=0 payload_free_slots=3985 payload_lease_hwm=0 request_wake_armed=0 completion_wake_armed=1 request_publishes=8497 request_kicks=2 completion_kicks=9 has_capacity=1
conn=2 lane=2 stream=0 failed=0 pending=0 inflight_count=64 inflight_slots=64 req_prod=4102 req_cons=4038 req_used=64 comp_prod=4038 comp_cons=4038 comp_ready=0 next_comp_sequence=3527 next_req_slot=6 next_req_slot_busy=0 payload_free_slots=6098 payload_lease_hwm=0 request_wake_armed=0 completion_wake_armed=1 request_publishes=4102 request_kicks=0 completion_kicks=8 has_capacity=1
conn=3 lane=3 stream=0 failed=0 pending=0 inflight_count=64 inflight_slots=64 req_prod=2404 req_cons=2389 req_used=15 comp_prod=2340 comp_cons=2340 comp_ready=0 next_comp_sequence=1829 next_req_slot=356 next_req_slot_busy=0 payload_free_slots=6937 payload_lease_hwm=0 request_wake_armed=0 completion_wake_armed=1 request_publishes=2404 request_kicks=0 completion_kicks=17 has_capacity=1
timestamp_ns=1784169757231107654
online=1 transport=shm total_conns=4 active_conns=4
shm=1 daemon_online=1 daemon_generation=1 global_submit_sequence=19509 ring_entries=512 payload_entries=8192 transfer_payload_slots=1
conn=0 lane=0 stream=0 failed=0 pending=0 inflight_count=64 inflight_slots=64 req_prod=4485 req_cons=4479 req_used=6 comp_prod=4421 comp_cons=4421 comp_ready=0 next_comp_sequence=3910 next_req_slot=389 next_req_slot_busy=0 payload_free_slots=5861 payload_lease_hwm=0 request_wake_armed=0 completion_wake_armed=1 request_publishes=4485 request_kicks=1 completion_kicks=5 has_capacity=1
conn=1 lane=1 stream=0 failed=0 pending=0 inflight_count=64 inflight_slots=64 req_prod=8497 req_cons=8433 req_used=64 comp_prod=8433 comp_cons=8433 comp_ready=0 next_comp_sequence=7922 next_req_slot=305 next_req_slot_busy=0 payload_free_slots=3985 payload_lease_hwm=0 request_wake_armed=0 completion_wake_armed=1 request_publishes=8497 request_kicks=2 completion_kicks=9 has_capacity=1
conn=2 lane=2 stream=0 failed=0 pending=0 inflight_count=64 inflight_slots=64 req_prod=4102 req_cons=4038 req_used=64 comp_prod=4038 comp_cons=4038 comp_ready=0 next_comp_sequence=3527 next_req_slot=6 next_req_slot_busy=0 payload_free_slots=6098 payload_lease_hwm=0 request_wake_armed=0 completion_wake_armed=1 request_publishes=4102 request_kicks=0 completion_kicks=8 has_capacity=1
conn=3 lane=3 stream=0 failed=0 pending=0 inflight_count=64 inflight_slots=64 req_prod=2425 req_cons=2404 req_used=21 comp_prod=2361 comp_cons=2361 comp_ready=0 next_comp_sequence=1850 next_req_slot=377 next_req_slot_busy=0 payload_free_slots=6930 payload_lease_hwm=0 request_wake_armed=0 completion_wake_armed=1 request_publishes=2425 request_kicks=0 completion_kicks=18 has_capacity=1
timestamp_ns=1784169757488896053
online=1 transport=shm total_conns=4 active_conns=4
shm=1 daemon_online=1 daemon_generation=1 global_submit_sequence=19509 ring_entries=512 payload_entries=8192 transfer_payload_slots=1
conn=0 lane=0 stream=0 failed=0 pending=0 inflight_count=64 inflight_slots=64 req_prod=4485 req_cons=4479 req_used=6 comp_prod=4421 comp_cons=4421 comp_ready=0 next_comp_sequence=3910 next_req_slot=389 next_req_slot_busy=0 payload_free_slots=5861 payload_lease_hwm=0 request_wake_armed=0 completion_wake_armed=1 request_publishes=4485 request_kicks=1 completion_kicks=5 has_capacity=1
conn=1 lane=1 stream=0 failed=0 pending=0 inflight_count=64 inflight_slots=64 req_prod=8497 req_cons=8433 req_used=64 comp_prod=8433 comp_cons=8433 comp_ready=0 next_comp_sequence=7922 next_req_slot=305 next_req_slot_busy=0 payload_free_slots=3985 payload_lease_hwm=0 request_wake_armed=0 completion_wake_armed=1 request_publishes=8497 request_kicks=2 completion_kicks=9 has_capacity=1
conn=2 lane=2 stream=0 failed=0 pending=0 inflight_count=64 inflight_slots=64 req_prod=4102 req_cons=4038 req_used=64 comp_prod=4038 comp_cons=4038 comp_ready=0 next_comp_sequence=3527 next_req_slot=6 next_req_slot_busy=0 payload_free_slots=6098 payload_lease_hwm=0 request_wake_armed=0 completion_wake_armed=1 request_publishes=4102 request_kicks=0 completion_kicks=8 has_capacity=1
conn=3 lane=3 stream=0 failed=0 pending=0 inflight_count=64 inflight_slots=64 req_prod=2425 req_cons=2404 req_used=21 comp_prod=2361 comp_cons=2361 comp_ready=0 next_comp_sequence=1850 next_req_slot=377 next_req_slot_busy=0 payload_free_slots=6930 payload_lease_hwm=0 request_wake_armed=0 completion_wake_armed=1 request_publishes=2425 request_kicks=0 completion_kicks=18 has_capacity=1
timestamp_ns=1784169757746469869
online=1 transport=shm total_conns=4 active_conns=4
shm=1 daemon_online=1 daemon_generation=1 global_submit_sequence=19509 ring_entries=512 payload_entries=8192 transfer_payload_slots=1
conn=0 lane=0 stream=0 failed=0 pending=0 inflight_count=64 inflight_slots=64 req_prod=4485 req_cons=4479 req_used=6 comp_prod=4421 comp_cons=4421 comp_ready=0 next_comp_sequence=3910 next_req_slot=389 next_req_slot_busy=0 payload_free_slots=5861 payload_lease_hwm=0 request_wake_armed=0 completion_wake_armed=1 request_publishes=4485 request_kicks=1 completion_kicks=5 has_capacity=1
conn=1 lane=1 stream=0 failed=0 pending=0 inflight_count=64 inflight_slots=64 req_prod=8497 req_cons=8433 req_used=64 comp_prod=8433 comp_cons=8433 comp_ready=0 next_comp_sequence=7922 next_req_slot=305 next_req_slot_busy=0 payload_free_slots=3985 payload_lease_hwm=0 request_wake_armed=0 completion_wake_armed=1 request_publishes=8497 request_kicks=2 completion_kicks=9 has_capacity=1
conn=2 lane=2 stream=0 failed=0 pending=0 inflight_count=64 inflight_slots=64 req_prod=4102 req_cons=4038 req_used=64 comp_prod=4038 comp_cons=4038 comp_ready=0 next_comp_sequence=3527 next_req_slot=6 next_req_slot_busy=0 payload_free_slots=6098 payload_lease_hwm=0 request_wake_armed=0 completion_wake_armed=1 request_publishes=4102 request_kicks=0 completion_kicks=8 has_capacity=1
conn=3 lane=3 stream=0 failed=0 pending=0 inflight_count=64 inflight_slots=64 req_prod=2425 req_cons=2404 req_used=21 comp_prod=2361 comp_cons=2361 comp_ready=0 next_comp_sequence=1850 next_req_slot=377 next_req_slot_busy=0 payload_free_slots=6930 payload_lease_hwm=0 request_wake_armed=0 completion_wake_armed=1 request_publishes=2425 request_kicks=0 completion_kicks=18 has_capacity=1
timestamp_ns=1784169758004064473
online=1 transport=shm total_conns=4 active_conns=4
shm=1 daemon_online=1 daemon_generation=1 global_submit_sequence=19598 ring_entries=512 payload_entries=8192 transfer_payload_slots=1
conn=0 lane=0 stream=0 failed=0 pending=0 inflight_count=64 inflight_slots=64 req_prod=4518 req_cons=4485 req_used=33 comp_prod=4454 comp_cons=4454 comp_ready=0 next_comp_sequence=3943 next_req_slot=422 next_req_slot_busy=0 payload_free_slots=5859 payload_lease_hwm=0 request_wake_armed=0 completion_wake_armed=1 request_publishes=4518 request_kicks=1 completion_kicks=6 has_capacity=1
conn=1 lane=1 stream=0 failed=0 pending=0 inflight_count=64 inflight_slots=64 req_prod=8497 req_cons=8433 req_used=64 comp_prod=8433 comp_cons=8433 comp_ready=0 next_comp_sequence=7922 next_req_slot=305 next_req_slot_busy=0 payload_free_slots=3985 payload_lease_hwm=0 request_wake_armed=0 completion_wake_armed=1 request_publishes=8497 request_kicks=2 completion_kicks=9 has_capacity=1
conn=2 lane=2 stream=0 failed=0 pending=0 inflight_count=64 inflight_slots=64 req_prod=4102 req_cons=4038 req_used=64 comp_prod=4038 comp_cons=4038 comp_ready=0 next_comp_sequence=3527 next_req_slot=6 next_req_slot_busy=0 payload_free_slots=6098 payload_lease_hwm=0 request_wake_armed=0 completion_wake_armed=1 request_publishes=4102 request_kicks=0 completion_kicks=8 has_capacity=1
conn=3 lane=3 stream=0 failed=0 pending=0 inflight_count=64 inflight_slots=64 req_prod=2481 req_cons=2459 req_used=22 comp_prod=2417 comp_cons=2417 comp_ready=0 next_comp_sequence=1906 next_req_slot=433 next_req_slot_busy=0 payload_free_slots=6905 payload_lease_hwm=0 request_wake_armed=0 completion_wake_armed=1 request_publishes=2481 request_kicks=0 completion_kicks=20 has_capacity=1
timestamp_ns=1784169758261591764
online=1 transport=shm total_conns=4 active_conns=4
shm=1 daemon_online=1 daemon_generation=1 global_submit_sequence=19619 ring_entries=512 payload_entries=8192 transfer_payload_slots=1
conn=0 lane=0 stream=0 failed=0 pending=0 inflight_count=64 inflight_slots=64 req_prod=4518 req_cons=4485 req_used=33 comp_prod=4454 comp_cons=4454 comp_ready=0 next_comp_sequence=3943 next_req_slot=422 next_req_slot_busy=0 payload_free_slots=5859 payload_lease_hwm=0 request_wake_armed=0 completion_wake_armed=1 request_publishes=4518 request_kicks=1 completion_kicks=6 has_capacity=1
conn=1 lane=1 stream=0 failed=0 pending=0 inflight_count=64 inflight_slots=64 req_prod=8497 req_cons=8433 req_used=64 comp_prod=8433 comp_cons=8433 comp_ready=0 next_comp_sequence=7922 next_req_slot=305 next_req_slot_busy=0 payload_free_slots=3985 payload_lease_hwm=0 request_wake_armed=0 completion_wake_armed=1 request_publishes=8497 request_kicks=2 completion_kicks=9 has_capacity=1
conn=2 lane=2 stream=0 failed=0 pending=0 inflight_count=64 inflight_slots=64 req_prod=4102 req_cons=4038 req_used=64 comp_prod=4038 comp_cons=4038 comp_ready=0 next_comp_sequence=3527 next_req_slot=6 next_req_slot_busy=0 payload_free_slots=6098 payload_lease_hwm=0 request_wake_armed=0 completion_wake_armed=1 request_publishes=4102 request_kicks=0 completion_kicks=8 has_capacity=1
conn=3 lane=3 stream=0 failed=0 pending=0 inflight_count=64 inflight_slots=64 req_prod=2502 req_cons=2484 req_used=18 comp_prod=2438 comp_cons=2438 comp_ready=0 next_comp_sequence=1927 next_req_slot=454 next_req_slot_busy=0 payload_free_slots=6888 payload_lease_hwm=0 request_wake_armed=0 completion_wake_armed=1 request_publishes=2502 request_kicks=0 completion_kicks=21 has_capacity=1
timestamp_ns=1784169758519259882
online=1 transport=shm total_conns=4 active_conns=4
shm=1 daemon_online=1 daemon_generation=1 global_submit_sequence=19627 ring_entries=512 payload_entries=8192 transfer_payload_slots=1
conn=0 lane=0 stream=0 failed=0 pending=0 inflight_count=64 inflight_slots=64 req_prod=4518 req_cons=4485 req_used=33 comp_prod=4454 comp_cons=4454 comp_ready=0 next_comp_sequence=3943 next_req_slot=422 next_req_slot_busy=0 payload_free_slots=5859 payload_lease_hwm=0 request_wake_armed=0 completion_wake_armed=1 request_publishes=4518 request_kicks=1 completion_kicks=6 has_capacity=1
conn=1 lane=1 stream=0 failed=0 pending=0 inflight_count=64 inflight_slots=64 req_prod=8497 req_cons=8433 req_used=64 comp_prod=8433 comp_cons=8433 comp_ready=0 next_comp_sequence=7922 next_req_slot=305 next_req_slot_busy=0 payload_free_slots=3985 payload_lease_hwm=0 request_wake_armed=0 completion_wake_armed=1 request_publishes=8497 request_kicks=2 completion_kicks=9 has_capacity=1
conn=2 lane=2 stream=0 failed=0 pending=0 inflight_count=64 inflight_slots=64 req_prod=4102 req_cons=4038 req_used=64 comp_prod=4038 comp_cons=4038 comp_ready=0 next_comp_sequence=3527 next_req_slot=6 next_req_slot_busy=0 payload_free_slots=6098 payload_lease_hwm=0 request_wake_armed=0 completion_wake_armed=1 request_publishes=4102 request_kicks=0 completion_kicks=8 has_capacity=1
conn=3 lane=3 stream=0 failed=0 pending=0 inflight_count=64 inflight_slots=64 req_prod=2510 req_cons=2484 req_used=26 comp_prod=2446 comp_cons=2446 comp_ready=0 next_comp_sequence=1935 next_req_slot=462 next_req_slot_busy=0 payload_free_slots=6888 payload_lease_hwm=0 request_wake_armed=0 completion_wake_armed=1 request_publishes=2510 request_kicks=0 completion_kicks=22 has_capacity=1
timestamp_ns=1784169758776826081
online=1 transport=shm total_conns=4 active_conns=4
shm=1 daemon_online=1 daemon_generation=1 global_submit_sequence=19627 ring_entries=512 payload_entries=8192 transfer_payload_slots=1
conn=0 lane=0 stream=0 failed=0 pending=0 inflight_count=64 inflight_slots=64 req_prod=4518 req_cons=4485 req_used=33 comp_prod=4454 comp_cons=4454 comp_ready=0 next_comp_sequence=3943 next_req_slot=422 next_req_slot_busy=0 payload_free_slots=5859 payload_lease_hwm=0 request_wake_armed=0 completion_wake_armed=1 request_publishes=4518 request_kicks=1 completion_kicks=6 has_capacity=1
conn=1 lane=1 stream=0 failed=0 pending=0 inflight_count=64 inflight_slots=64 req_prod=8497 req_cons=8433 req_used=64 comp_prod=8433 comp_cons=8433 comp_ready=0 next_comp_sequence=7922 next_req_slot=305 next_req_slot_busy=0 payload_free_slots=3985 payload_lease_hwm=0 request_wake_armed=0 completion_wake_armed=1 request_publishes=8497 request_kicks=2 completion_kicks=9 has_capacity=1
conn=2 lane=2 stream=0 failed=0 pending=0 inflight_count=64 inflight_slots=64 req_prod=4102 req_cons=4038 req_used=64 comp_prod=4038 comp_cons=4038 comp_ready=0 next_comp_sequence=3527 next_req_slot=6 next_req_slot_busy=0 payload_free_slots=6098 payload_lease_hwm=0 request_wake_armed=0 completion_wake_armed=1 request_publishes=4102 request_kicks=0 completion_kicks=8 has_capacity=1
conn=3 lane=3 stream=0 failed=0 pending=0 inflight_count=64 inflight_slots=64 req_prod=2510 req_cons=2484 req_used=26 comp_prod=2446 comp_cons=2446 comp_ready=0 next_comp_sequence=1935 next_req_slot=462 next_req_slot_busy=0 payload_free_slots=6888 payload_lease_hwm=0 request_wake_armed=0 completion_wake_armed=1 request_publishes=2510 request_kicks=0 completion_kicks=22 has_capacity=1
timestamp_ns=1784169759034491101
online=1 transport=shm total_conns=4 active_conns=4
shm=1 daemon_online=1 daemon_generation=1 global_submit_sequence=19647 ring_entries=512 payload_entries=8192 transfer_payload_slots=1
conn=0 lane=0 stream=0 failed=0 pending=0 inflight_count=64 inflight_slots=64 req_prod=4518 req_cons=4485 req_used=33 comp_prod=4454 comp_cons=4454 comp_ready=0 next_comp_sequence=3943 next_req_slot=422 next_req_slot_busy=0 payload_free_slots=5859 payload_lease_hwm=0 request_wake_armed=0 completion_wake_armed=1 request_publishes=4518 request_kicks=1 completion_kicks=6 has_capacity=1
conn=1 lane=1 stream=0 failed=0 pending=0 inflight_count=64 inflight_slots=64 req_prod=8497 req_cons=8433 req_used=64 comp_prod=8433 comp_cons=8433 comp_ready=0 next_comp_sequence=7922 next_req_slot=305 next_req_slot_busy=0 payload_free_slots=3985 payload_lease_hwm=0 request_wake_armed=0 completion_wake_armed=1 request_publishes=8497 request_kicks=2 completion_kicks=9 has_capacity=1
conn=2 lane=2 stream=0 failed=0 pending=0 inflight_count=64 inflight_slots=64 req_prod=4102 req_cons=4038 req_used=64 comp_prod=4038 comp_cons=4038 comp_ready=0 next_comp_sequence=3527 next_req_slot=6 next_req_slot_busy=0 payload_free_slots=6098 payload_lease_hwm=0 request_wake_armed=0 completion_wake_armed=1 request_publishes=4102 request_kicks=0 completion_kicks=8 has_capacity=1
conn=3 lane=3 stream=0 failed=0 pending=0 inflight_count=64 inflight_slots=64 req_prod=2530 req_cons=2484 req_used=46 comp_prod=2466 comp_cons=2466 comp_ready=0 next_comp_sequence=1955 next_req_slot=482 next_req_slot_busy=0 payload_free_slots=6888 payload_lease_hwm=0 request_wake_armed=0 completion_wake_armed=1 request_publishes=2530 request_kicks=0 completion_kicks=23 has_capacity=1
timestamp_ns=1784169759292127672
online=1 transport=shm total_conns=4 active_conns=4
shm=1 daemon_online=1 daemon_generation=1 global_submit_sequence=19693 ring_entries=512 payload_entries=8192 transfer_payload_slots=1
conn=0 lane=0 stream=0 failed=0 pending=0 inflight_count=64 inflight_slots=64 req_prod=4554 req_cons=4531 req_used=23 comp_prod=4490 comp_cons=4490 comp_ready=0 next_comp_sequence=3979 next_req_slot=458 next_req_slot_busy=0 payload_free_slots=5837 payload_lease_hwm=0 request_wake_armed=0 completion_wake_armed=1 request_publishes=4554 request_kicks=1 completion_kicks=7 has_capacity=1
conn=1 lane=1 stream=0 failed=0 pending=0 inflight_count=64 inflight_slots=64 req_prod=8497 req_cons=8433 req_used=64 comp_prod=8433 comp_cons=8433 comp_ready=0 next_comp_sequence=7922 next_req_slot=305 next_req_slot_busy=0 payload_free_slots=3985 payload_lease_hwm=0 request_wake_armed=0 completion_wake_armed=1 request_publishes=8497 request_kicks=2 completion_kicks=9 has_capacity=1
conn=2 lane=2 stream=0 failed=0 pending=0 inflight_count=64 inflight_slots=64 req_prod=4102 req_cons=4038 req_used=64 comp_prod=4038 comp_cons=4038 comp_ready=0 next_comp_sequence=3527 next_req_slot=6 next_req_slot_busy=0 payload_free_slots=6098 payload_lease_hwm=0 request_wake_armed=0 completion_wake_armed=1 request_publishes=4102 request_kicks=0 completion_kicks=8 has_capacity=1
conn=3 lane=3 stream=0 failed=0 pending=0 inflight_count=64 inflight_slots=64 req_prod=2540 req_cons=2484 req_used=56 comp_prod=2476 comp_cons=2476 comp_ready=0 next_comp_sequence=1965 next_req_slot=492 next_req_slot_busy=0 payload_free_slots=6888 payload_lease_hwm=0 request_wake_armed=0 completion_wake_armed=1 request_publishes=2540 request_kicks=0 completion_kicks=24 has_capacity=1
timestamp_ns=1784169759549628557
online=1 transport=shm total_conns=4 active_conns=4
shm=1 daemon_online=1 daemon_generation=1 global_submit_sequence=19701 ring_entries=512 payload_entries=8192 transfer_payload_slots=1
conn=0 lane=0 stream=0 failed=0 pending=0 inflight_count=64 inflight_slots=64 req_prod=4554 req_cons=4531 req_used=23 comp_prod=4490 comp_cons=4490 comp_ready=0 next_comp_sequence=3979 next_req_slot=458 next_req_slot_busy=0 payload_free_slots=5837 payload_lease_hwm=0 request_wake_armed=0 completion_wake_armed=1 request_publishes=4554 request_kicks=1 completion_kicks=7 has_capacity=1
conn=1 lane=1 stream=0 failed=0 pending=0 inflight_count=64 inflight_slots=64 req_prod=8497 req_cons=8433 req_used=64 comp_prod=8433 comp_cons=8433 comp_ready=0 next_comp_sequence=7922 next_req_slot=305 next_req_slot_busy=0 payload_free_slots=3985 payload_lease_hwm=0 request_wake_armed=0 completion_wake_armed=1 request_publishes=8497 request_kicks=2 completion_kicks=9 has_capacity=1
conn=2 lane=2 stream=0 failed=0 pending=0 inflight_count=64 inflight_slots=64 req_prod=4102 req_cons=4038 req_used=64 comp_prod=4038 comp_cons=4038 comp_ready=0 next_comp_sequence=3527 next_req_slot=6 next_req_slot_busy=0 payload_free_slots=6098 payload_lease_hwm=0 request_wake_armed=0 completion_wake_armed=1 request_publishes=4102 request_kicks=0 completion_kicks=8 has_capacity=1
conn=3 lane=3 stream=0 failed=0 pending=0 inflight_count=64 inflight_slots=64 req_prod=2548 req_cons=2484 req_used=64 comp_prod=2484 comp_cons=2484 comp_ready=0 next_comp_sequence=1973 next_req_slot=500 next_req_slot_busy=0 payload_free_slots=6888 payload_lease_hwm=0 request_wake_armed=0 completion_wake_armed=1 request_publishes=2548 request_kicks=0 completion_kicks=25 has_capacity=1
timestamp_ns=1784169759807276187
online=1 transport=shm total_conns=4 active_conns=4
shm=1 daemon_online=1 daemon_generation=1 global_submit_sequence=19701 ring_entries=512 payload_entries=8192 transfer_payload_slots=1
conn=0 lane=0 stream=0 failed=0 pending=0 inflight_count=64 inflight_slots=64 req_prod=4554 req_cons=4531 req_used=23 comp_prod=4490 comp_cons=4490 comp_ready=0 next_comp_sequence=3979 next_req_slot=458 next_req_slot_busy=0 payload_free_slots=5837 payload_lease_hwm=0 request_wake_armed=0 completion_wake_armed=1 request_publishes=4554 request_kicks=1 completion_kicks=7 has_capacity=1
conn=1 lane=1 stream=0 failed=0 pending=0 inflight_count=64 inflight_slots=64 req_prod=8497 req_cons=8433 req_used=64 comp_prod=8433 comp_cons=8433 comp_ready=0 next_comp_sequence=7922 next_req_slot=305 next_req_slot_busy=0 payload_free_slots=3985 payload_lease_hwm=0 request_wake_armed=0 completion_wake_armed=1 request_publishes=8497 request_kicks=2 completion_kicks=9 has_capacity=1
conn=2 lane=2 stream=0 failed=0 pending=0 inflight_count=64 inflight_slots=64 req_prod=4102 req_cons=4038 req_used=64 comp_prod=4038 comp_cons=4038 comp_ready=0 next_comp_sequence=3527 next_req_slot=6 next_req_slot_busy=0 payload_free_slots=6098 payload_lease_hwm=0 request_wake_armed=0 completion_wake_armed=1 request_publishes=4102 request_kicks=0 completion_kicks=8 has_capacity=1
conn=3 lane=3 stream=0 failed=0 pending=0 inflight_count=64 inflight_slots=64 req_prod=2548 req_cons=2484 req_used=64 comp_prod=2484 comp_cons=2484 comp_ready=0 next_comp_sequence=1973 next_req_slot=500 next_req_slot_busy=0 payload_free_slots=6888 payload_lease_hwm=0 request_wake_armed=0 completion_wake_armed=1 request_publishes=2548 request_kicks=0 completion_kicks=25 has_capacity=1
timestamp_ns=1784169760064877345
online=1 transport=shm total_conns=4 active_conns=4
shm=1 daemon_online=1 daemon_generation=1 global_submit_sequence=20163 ring_entries=512 payload_entries=8192 transfer_payload_slots=1
conn=0 lane=0 stream=0 failed=0 pending=0 inflight_count=64 inflight_slots=64 req_prod=4576 req_cons=4559 req_used=17 comp_prod=4512 comp_cons=4512 comp_ready=0 next_comp_sequence=4001 next_req_slot=480 next_req_slot_busy=0 payload_free_slots=5822 payload_lease_hwm=0 request_wake_armed=0 completion_wake_armed=1 request_publishes=4576 request_kicks=1 completion_kicks=8 has_capacity=1
conn=1 lane=1 stream=0 failed=0 pending=0 inflight_count=64 inflight_slots=64 req_prod=8615 req_cons=8551 req_used=64 comp_prod=8551 comp_cons=8551 comp_ready=0 next_comp_sequence=8040 next_req_slot=423 next_req_slot_busy=0 payload_free_slots=3925 payload_lease_hwm=0 request_wake_armed=0 completion_wake_armed=1 request_publishes=8615 request_kicks=2 completion_kicks=10 has_capacity=1
conn=2 lane=2 stream=0 failed=0 pending=0 inflight_count=64 inflight_slots=64 req_prod=4424 req_cons=4424 req_used=0 comp_prod=4360 comp_cons=4360 comp_ready=0 next_comp_sequence=3849 next_req_slot=328 next_req_slot_busy=0 payload_free_slots=5906 payload_lease_hwm=0 request_wake_armed=0 completion_wake_armed=1 request_publishes=4424 request_kicks=0 completion_kicks=9 has_capacity=1
conn=3 lane=3 stream=0 failed=0 pending=0 inflight_count=64 inflight_slots=64 req_prod=2548 req_cons=2484 req_used=64 comp_prod=2484 comp_cons=2484 comp_ready=0 next_comp_sequence=1973 next_req_slot=500 next_req_slot_busy=0 payload_free_slots=6888 payload_lease_hwm=0 request_wake_armed=0 completion_wake_armed=1 request_publishes=2548 request_kicks=0 completion_kicks=25 has_capacity=1
timestamp_ns=1784169760322507868
online=1 transport=shm total_conns=4 active_conns=4
shm=1 daemon_online=1 daemon_generation=1 global_submit_sequence=20163 ring_entries=512 payload_entries=8192 transfer_payload_slots=1
conn=0 lane=0 stream=0 failed=0 pending=0 inflight_count=64 inflight_slots=64 req_prod=4576 req_cons=4559 req_used=17 comp_prod=4512 comp_cons=4512 comp_ready=0 next_comp_sequence=4001 next_req_slot=480 next_req_slot_busy=0 payload_free_slots=5822 payload_lease_hwm=0 request_wake_armed=0 completion_wake_armed=1 request_publishes=4576 request_kicks=1 completion_kicks=8 has_capacity=1
conn=1 lane=1 stream=0 failed=0 pending=0 inflight_count=64 inflight_slots=64 req_prod=8615 req_cons=8551 req_used=64 comp_prod=8551 comp_cons=8551 comp_ready=0 next_comp_sequence=8040 next_req_slot=423 next_req_slot_busy=0 payload_free_slots=3925 payload_lease_hwm=0 request_wake_armed=0 completion_wake_armed=1 request_publishes=8615 request_kicks=2 completion_kicks=10 has_capacity=1
conn=2 lane=2 stream=0 failed=0 pending=0 inflight_count=64 inflight_slots=64 req_prod=4424 req_cons=4424 req_used=0 comp_prod=4360 comp_cons=4360 comp_ready=0 next_comp_sequence=3849 next_req_slot=328 next_req_slot_busy=0 payload_free_slots=5906 payload_lease_hwm=0 request_wake_armed=0 completion_wake_armed=1 request_publishes=4424 request_kicks=0 completion_kicks=9 has_capacity=1
conn=3 lane=3 stream=0 failed=0 pending=0 inflight_count=64 inflight_slots=64 req_prod=2548 req_cons=2484 req_used=64 comp_prod=2484 comp_cons=2484 comp_ready=0 next_comp_sequence=1973 next_req_slot=500 next_req_slot_busy=0 payload_free_slots=6888 payload_lease_hwm=0 request_wake_armed=0 completion_wake_armed=1 request_publishes=2548 request_kicks=0 completion_kicks=25 has_capacity=1
timestamp_ns=1784169760580136259
online=1 transport=shm total_conns=4 active_conns=4
shm=1 daemon_online=1 daemon_generation=1 global_submit_sequence=20163 ring_entries=512 payload_entries=8192 transfer_payload_slots=1
conn=0 lane=0 stream=0 failed=0 pending=0 inflight_count=64 inflight_slots=64 req_prod=4576 req_cons=4559 req_used=17 comp_prod=4512 comp_cons=4512 comp_ready=0 next_comp_sequence=4001 next_req_slot=480 next_req_slot_busy=0 payload_free_slots=5822 payload_lease_hwm=0 request_wake_armed=0 completion_wake_armed=1 request_publishes=4576 request_kicks=1 completion_kicks=8 has_capacity=1
conn=1 lane=1 stream=0 failed=0 pending=0 inflight_count=64 inflight_slots=64 req_prod=8615 req_cons=8551 req_used=64 comp_prod=8551 comp_cons=8551 comp_ready=0 next_comp_sequence=8040 next_req_slot=423 next_req_slot_busy=0 payload_free_slots=3925 payload_lease_hwm=0 request_wake_armed=0 completion_wake_armed=1 request_publishes=8615 request_kicks=2 completion_kicks=10 has_capacity=1
conn=2 lane=2 stream=0 failed=0 pending=0 inflight_count=64 inflight_slots=64 req_prod=4424 req_cons=4424 req_used=0 comp_prod=4360 comp_cons=4360 comp_ready=0 next_comp_sequence=3849 next_req_slot=328 next_req_slot_busy=0 payload_free_slots=5906 payload_lease_hwm=0 request_wake_armed=0 completion_wake_armed=1 request_publishes=4424 request_kicks=0 completion_kicks=9 has_capacity=1
conn=3 lane=3 stream=0 failed=0 pending=0 inflight_count=64 inflight_slots=64 req_prod=2548 req_cons=2484 req_used=64 comp_prod=2484 comp_cons=2484 comp_ready=0 next_comp_sequence=1973 next_req_slot=500 next_req_slot_busy=0 payload_free_slots=6888 payload_lease_hwm=0 request_wake_armed=0 completion_wake_armed=1 request_publishes=2548 request_kicks=0 completion_kicks=25 has_capacity=1
timestamp_ns=1784169760837789610
online=1 transport=shm total_conns=4 active_conns=4
shm=1 daemon_online=1 daemon_generation=1 global_submit_sequence=20185 ring_entries=512 payload_entries=8192 transfer_payload_slots=1
conn=0 lane=0 stream=0 failed=0 pending=0 inflight_count=64 inflight_slots=64 req_prod=4598 req_cons=4585 req_used=13 comp_prod=4534 comp_cons=4534 comp_ready=0 next_comp_sequence=4023 next_req_slot=502 next_req_slot_busy=0 payload_free_slots=5810 payload_lease_hwm=0 request_wake_armed=0 completion_wake_armed=1 request_publishes=4598 request_kicks=1 completion_kicks=9 has_capacity=1
conn=1 lane=1 stream=0 failed=0 pending=0 inflight_count=64 inflight_slots=64 req_prod=8615 req_cons=8551 req_used=64 comp_prod=8551 comp_cons=8551 comp_ready=0 next_comp_sequence=8040 next_req_slot=423 next_req_slot_busy=0 payload_free_slots=3925 payload_lease_hwm=0 request_wake_armed=0 completion_wake_armed=1 request_publishes=8615 request_kicks=2 completion_kicks=10 has_capacity=1
conn=2 lane=2 stream=0 failed=0 pending=0 inflight_count=64 inflight_slots=64 req_prod=4424 req_cons=4424 req_used=0 comp_prod=4360 comp_cons=4360 comp_ready=0 next_comp_sequence=3849 next_req_slot=328 next_req_slot_busy=0 payload_free_slots=5906 payload_lease_hwm=0 request_wake_armed=0 completion_wake_armed=1 request_publishes=4424 request_kicks=0 completion_kicks=9 has_capacity=1
conn=3 lane=3 stream=0 failed=0 pending=0 inflight_count=64 inflight_slots=64 req_prod=2548 req_cons=2548 req_used=0 comp_prod=2520 comp_cons=2484 comp_ready=36 next_comp_sequence=2485 next_req_slot=500 next_req_slot_busy=0 payload_free_slots=6888 payload_lease_hwm=0 request_wake_armed=0 completion_wake_armed=1 request_publishes=2548 request_kicks=0 completion_kicks=25 has_capacity=1
timestamp_ns=1784169761095470192
online=1 transport=shm total_conns=4 active_conns=4
shm=1 daemon_online=1 daemon_generation=1 global_submit_sequence=20197 ring_entries=512 payload_entries=8192 transfer_payload_slots=1
conn=0 lane=0 stream=0 failed=0 pending=0 inflight_count=64 inflight_slots=64 req_prod=4610 req_cons=4598 req_used=12 comp_prod=4546 comp_cons=4546 comp_ready=0 next_comp_sequence=4035 next_req_slot=2 next_req_slot_busy=0 payload_free_slots=5803 payload_lease_hwm=0 request_wake_armed=0 completion_wake_armed=1 request_publishes=4610 request_kicks=1 completion_kicks=10 has_capacity=1
conn=1 lane=1 stream=0 failed=0 pending=0 inflight_count=64 inflight_slots=64 req_prod=8615 req_cons=8551 req_used=64 comp_prod=8551 comp_cons=8551 comp_ready=0 next_comp_sequence=8040 next_req_slot=423 next_req_slot_busy=0 payload_free_slots=3925 payload_lease_hwm=0 request_wake_armed=0 completion_wake_armed=1 request_publishes=8615 request_kicks=2 completion_kicks=10 has_capacity=1
conn=2 lane=2 stream=0 failed=0 pending=0 inflight_count=64 inflight_slots=64 req_prod=4424 req_cons=4424 req_used=0 comp_prod=4360 comp_cons=4360 comp_ready=0 next_comp_sequence=3849 next_req_slot=328 next_req_slot_busy=0 payload_free_slots=5906 payload_lease_hwm=0 request_wake_armed=0 completion_wake_armed=1 request_publishes=4424 request_kicks=0 completion_kicks=9 has_capacity=1
conn=3 lane=3 stream=0 failed=0 pending=0 inflight_count=64 inflight_slots=64 req_prod=2548 req_cons=2548 req_used=0 comp_prod=2520 comp_cons=2484 comp_ready=36 next_comp_sequence=2485 next_req_slot=500 next_req_slot_busy=0 payload_free_slots=6888 payload_lease_hwm=0 request_wake_armed=0 completion_wake_armed=1 request_publishes=2548 request_kicks=0 completion_kicks=25 has_capacity=1
timestamp_ns=1784169761353205506
online=1 transport=shm total_conns=4 active_conns=4
shm=1 daemon_online=1 daemon_generation=1 global_submit_sequence=20197 ring_entries=512 payload_entries=8192 transfer_payload_slots=1
conn=0 lane=0 stream=0 failed=0 pending=0 inflight_count=64 inflight_slots=64 req_prod=4610 req_cons=4598 req_used=12 comp_prod=4546 comp_cons=4546 comp_ready=0 next_comp_sequence=4035 next_req_slot=2 next_req_slot_busy=0 payload_free_slots=5803 payload_lease_hwm=0 request_wake_armed=0 completion_wake_armed=1 request_publishes=4610 request_kicks=1 completion_kicks=10 has_capacity=1
conn=1 lane=1 stream=0 failed=0 pending=0 inflight_count=64 inflight_slots=64 req_prod=8615 req_cons=8551 req_used=64 comp_prod=8551 comp_cons=8551 comp_ready=0 next_comp_sequence=8040 next_req_slot=423 next_req_slot_busy=0 payload_free_slots=3925 payload_lease_hwm=0 request_wake_armed=0 completion_wake_armed=1 request_publishes=8615 request_kicks=2 completion_kicks=10 has_capacity=1
conn=2 lane=2 stream=0 failed=0 pending=0 inflight_count=64 inflight_slots=64 req_prod=4424 req_cons=4424 req_used=0 comp_prod=4360 comp_cons=4360 comp_ready=0 next_comp_sequence=3849 next_req_slot=328 next_req_slot_busy=0 payload_free_slots=5906 payload_lease_hwm=0 request_wake_armed=0 completion_wake_armed=1 request_publishes=4424 request_kicks=0 completion_kicks=9 has_capacity=1
conn=3 lane=3 stream=0 failed=0 pending=0 inflight_count=64 inflight_slots=64 req_prod=2548 req_cons=2548 req_used=0 comp_prod=2520 comp_cons=2484 comp_ready=36 next_comp_sequence=2485 next_req_slot=500 next_req_slot_busy=0 payload_free_slots=6888 payload_lease_hwm=0 request_wake_armed=0 completion_wake_armed=1 request_publishes=2548 request_kicks=0 completion_kicks=25 has_capacity=1
timestamp_ns=1784169761610896269
online=1 transport=shm total_conns=4 active_conns=4
shm=1 daemon_online=1 daemon_generation=1 global_submit_sequence=20322 ring_entries=512 payload_entries=8192 transfer_payload_slots=1
conn=0 lane=0 stream=0 failed=0 pending=0 inflight_count=64 inflight_slots=64 req_prod=4610 req_cons=4598 req_used=12 comp_prod=4546 comp_cons=4546 comp_ready=0 next_comp_sequence=4035 next_req_slot=2 next_req_slot_busy=0 payload_free_slots=5803 payload_lease_hwm=0 request_wake_armed=0 completion_wake_armed=1 request_publishes=4610 request_kicks=1 completion_kicks=10 has_capacity=1
conn=1 lane=1 stream=0 failed=0 pending=0 inflight_count=64 inflight_slots=64 req_prod=8615 req_cons=8551 req_used=64 comp_prod=8551 comp_cons=8551 comp_ready=0 next_comp_sequence=8040 next_req_slot=423 next_req_slot_busy=0 payload_free_slots=3925 payload_lease_hwm=0 request_wake_armed=0 completion_wake_armed=1 request_publishes=8615 request_kicks=2 completion_kicks=10 has_capacity=1
conn=2 lane=2 stream=0 failed=0 pending=0 inflight_count=64 inflight_slots=64 req_prod=4424 req_cons=4424 req_used=0 comp_prod=4360 comp_cons=4360 comp_ready=0 next_comp_sequence=3849 next_req_slot=328 next_req_slot_busy=0 payload_free_slots=5906 payload_lease_hwm=0 request_wake_armed=0 completion_wake_armed=1 request_publishes=4424 request_kicks=0 completion_kicks=9 has_capacity=1
conn=3 lane=3 stream=0 failed=0 pending=0 inflight_count=64 inflight_slots=64 req_prod=2673 req_cons=2665 req_used=8 comp_prod=2609 comp_cons=2609 comp_ready=0 next_comp_sequence=2098 next_req_slot=113 next_req_slot_busy=0 payload_free_slots=6793 payload_lease_hwm=0 request_wake_armed=0 completion_wake_armed=1 request_publishes=2673 request_kicks=0 completion_kicks=26 has_capacity=1
timestamp_ns=1784169761868922692
online=1 transport=shm total_conns=4 active_conns=4
shm=1 daemon_online=1 daemon_generation=1 global_submit_sequence=20322 ring_entries=512 payload_entries=8192 transfer_payload_slots=1
conn=0 lane=0 stream=0 failed=0 pending=0 inflight_count=64 inflight_slots=64 req_prod=4610 req_cons=4598 req_used=12 comp_prod=4546 comp_cons=4546 comp_ready=0 next_comp_sequence=4035 next_req_slot=2 next_req_slot_busy=0 payload_free_slots=5803 payload_lease_hwm=0 request_wake_armed=0 completion_wake_armed=1 request_publishes=4610 request_kicks=1 completion_kicks=10 has_capacity=1
conn=1 lane=1 stream=0 failed=0 pending=0 inflight_count=64 inflight_slots=64 req_prod=8615 req_cons=8551 req_used=64 comp_prod=8551 comp_cons=8551 comp_ready=0 next_comp_sequence=8040 next_req_slot=423 next_req_slot_busy=0 payload_free_slots=3925 payload_lease_hwm=0 request_wake_armed=0 completion_wake_armed=1 request_publishes=8615 request_kicks=2 completion_kicks=10 has_capacity=1
conn=2 lane=2 stream=0 failed=0 pending=0 inflight_count=64 inflight_slots=64 req_prod=4424 req_cons=4424 req_used=0 comp_prod=4360 comp_cons=4360 comp_ready=0 next_comp_sequence=3849 next_req_slot=328 next_req_slot_busy=0 payload_free_slots=5906 payload_lease_hwm=0 request_wake_armed=0 completion_wake_armed=1 request_publishes=4424 request_kicks=0 completion_kicks=9 has_capacity=1
conn=3 lane=3 stream=0 failed=0 pending=0 inflight_count=64 inflight_slots=64 req_prod=2673 req_cons=2665 req_used=8 comp_prod=2609 comp_cons=2609 comp_ready=0 next_comp_sequence=2098 next_req_slot=113 next_req_slot_busy=0 payload_free_slots=6793 payload_lease_hwm=0 request_wake_armed=0 completion_wake_armed=1 request_publishes=2673 request_kicks=0 completion_kicks=26 has_capacity=1
timestamp_ns=1784169762126550969
online=1 transport=shm total_conns=4 active_conns=4
shm=1 daemon_online=1 daemon_generation=1 global_submit_sequence=20322 ring_entries=512 payload_entries=8192 transfer_payload_slots=1
conn=0 lane=0 stream=0 failed=0 pending=0 inflight_count=64 inflight_slots=64 req_prod=4610 req_cons=4598 req_used=12 comp_prod=4546 comp_cons=4546 comp_ready=0 next_comp_sequence=4035 next_req_slot=2 next_req_slot_busy=0 payload_free_slots=5803 payload_lease_hwm=0 request_wake_armed=0 completion_wake_armed=1 request_publishes=4610 request_kicks=1 completion_kicks=10 has_capacity=1
conn=1 lane=1 stream=0 failed=0 pending=0 inflight_count=64 inflight_slots=64 req_prod=8615 req_cons=8551 req_used=64 comp_prod=8551 comp_cons=8551 comp_ready=0 next_comp_sequence=8040 next_req_slot=423 next_req_slot_busy=0 payload_free_slots=3925 payload_lease_hwm=0 request_wake_armed=0 completion_wake_armed=1 request_publishes=8615 request_kicks=2 completion_kicks=10 has_capacity=1
conn=2 lane=2 stream=0 failed=0 pending=0 inflight_count=64 inflight_slots=64 req_prod=4424 req_cons=4424 req_used=0 comp_prod=4360 comp_cons=4360 comp_ready=0 next_comp_sequence=3849 next_req_slot=328 next_req_slot_busy=0 payload_free_slots=5906 payload_lease_hwm=0 request_wake_armed=0 completion_wake_armed=1 request_publishes=4424 request_kicks=0 completion_kicks=9 has_capacity=1
conn=3 lane=3 stream=0 failed=0 pending=0 inflight_count=64 inflight_slots=64 req_prod=2673 req_cons=2665 req_used=8 comp_prod=2609 comp_cons=2609 comp_ready=0 next_comp_sequence=2098 next_req_slot=113 next_req_slot_busy=0 payload_free_slots=6793 payload_lease_hwm=0 request_wake_armed=0 completion_wake_armed=1 request_publishes=2673 request_kicks=0 completion_kicks=26 has_capacity=1
timestamp_ns=1784169762384252083
online=1 transport=shm total_conns=4 active_conns=4
shm=1 daemon_online=1 daemon_generation=1 global_submit_sequence=20353 ring_entries=512 payload_entries=8192 transfer_payload_slots=1
conn=0 lane=0 stream=0 failed=0 pending=0 inflight_count=64 inflight_slots=64 req_prod=4610 req_cons=4598 req_used=12 comp_prod=4546 comp_cons=4546 comp_ready=0 next_comp_sequence=4035 next_req_slot=2 next_req_slot_busy=0 payload_free_slots=5803 payload_lease_hwm=0 request_wake_armed=0 completion_wake_armed=1 request_publishes=4610 request_kicks=1 completion_kicks=10 has_capacity=1
conn=1 lane=1 stream=0 failed=0 pending=0 inflight_count=64 inflight_slots=64 req_prod=8615 req_cons=8551 req_used=64 comp_prod=8551 comp_cons=8551 comp_ready=0 next_comp_sequence=8040 next_req_slot=423 next_req_slot_busy=0 payload_free_slots=3925 payload_lease_hwm=0 request_wake_armed=0 completion_wake_armed=1 request_publishes=8615 request_kicks=2 completion_kicks=10 has_capacity=1
conn=2 lane=2 stream=0 failed=0 pending=0 inflight_count=64 inflight_slots=64 req_prod=4424 req_cons=4424 req_used=0 comp_prod=4360 comp_cons=4360 comp_ready=0 next_comp_sequence=3849 next_req_slot=328 next_req_slot_busy=0 payload_free_slots=5906 payload_lease_hwm=0 request_wake_armed=0 completion_wake_armed=1 request_publishes=4424 request_kicks=0 completion_kicks=9 has_capacity=1
conn=3 lane=3 stream=0 failed=0 pending=0 inflight_count=64 inflight_slots=64 req_prod=2704 req_cons=2673 req_used=31 comp_prod=2640 comp_cons=2640 comp_ready=0 next_comp_sequence=2129 next_req_slot=144 next_req_slot_busy=0 payload_free_slots=6787 payload_lease_hwm=0 request_wake_armed=0 completion_wake_armed=1 request_publishes=2704 request_kicks=0 completion_kicks=27 has_capacity=1
timestamp_ns=1784169762645125819
online=1 transport=shm total_conns=4 active_conns=4
shm=1 daemon_online=1 daemon_generation=1 global_submit_sequence=20353 ring_entries=512 payload_entries=8192 transfer_payload_slots=1
conn=0 lane=0 stream=0 failed=0 pending=0 inflight_count=64 inflight_slots=64 req_prod=4610 req_cons=4598 req_used=12 comp_prod=4546 comp_cons=4546 comp_ready=0 next_comp_sequence=4035 next_req_slot=2 next_req_slot_busy=0 payload_free_slots=5803 payload_lease_hwm=0 request_wake_armed=0 completion_wake_armed=1 request_publishes=4610 request_kicks=1 completion_kicks=10 has_capacity=1
conn=1 lane=1 stream=0 failed=0 pending=0 inflight_count=64 inflight_slots=64 req_prod=8615 req_cons=8551 req_used=64 comp_prod=8551 comp_cons=8551 comp_ready=0 next_comp_sequence=8040 next_req_slot=423 next_req_slot_busy=0 payload_free_slots=3925 payload_lease_hwm=0 request_wake_armed=0 completion_wake_armed=1 request_publishes=8615 request_kicks=2 completion_kicks=10 has_capacity=1
conn=2 lane=2 stream=0 failed=0 pending=0 inflight_count=64 inflight_slots=64 req_prod=4424 req_cons=4424 req_used=0 comp_prod=4360 comp_cons=4360 comp_ready=0 next_comp_sequence=3849 next_req_slot=328 next_req_slot_busy=0 payload_free_slots=5906 payload_lease_hwm=0 request_wake_armed=0 completion_wake_armed=1 request_publishes=4424 request_kicks=0 completion_kicks=9 has_capacity=1
conn=3 lane=3 stream=0 failed=0 pending=0 inflight_count=64 inflight_slots=64 req_prod=2704 req_cons=2673 req_used=31 comp_prod=2640 comp_cons=2640 comp_ready=0 next_comp_sequence=2129 next_req_slot=144 next_req_slot_busy=0 payload_free_slots=6787 payload_lease_hwm=0 request_wake_armed=0 completion_wake_armed=1 request_publishes=2704 request_kicks=0 completion_kicks=27 has_capacity=1
timestamp_ns=1784169762902890780
online=1 transport=shm total_conns=4 active_conns=4
shm=1 daemon_online=1 daemon_generation=1 global_submit_sequence=20353 ring_entries=512 payload_entries=8192 transfer_payload_slots=1
conn=0 lane=0 stream=0 failed=0 pending=0 inflight_count=64 inflight_slots=64 req_prod=4610 req_cons=4598 req_used=12 comp_prod=4546 comp_cons=4546 comp_ready=0 next_comp_sequence=4035 next_req_slot=2 next_req_slot_busy=0 payload_free_slots=5803 payload_lease_hwm=0 request_wake_armed=0 completion_wake_armed=1 request_publishes=4610 request_kicks=1 completion_kicks=10 has_capacity=1
conn=1 lane=1 stream=0 failed=0 pending=0 inflight_count=64 inflight_slots=64 req_prod=8615 req_cons=8551 req_used=64 comp_prod=8551 comp_cons=8551 comp_ready=0 next_comp_sequence=8040 next_req_slot=423 next_req_slot_busy=0 payload_free_slots=3925 payload_lease_hwm=0 request_wake_armed=0 completion_wake_armed=1 request_publishes=8615 request_kicks=2 completion_kicks=10 has_capacity=1
conn=2 lane=2 stream=0 failed=0 pending=0 inflight_count=64 inflight_slots=64 req_prod=4424 req_cons=4424 req_used=0 comp_prod=4360 comp_cons=4360 comp_ready=0 next_comp_sequence=3849 next_req_slot=328 next_req_slot_busy=0 payload_free_slots=5906 payload_lease_hwm=0 request_wake_armed=0 completion_wake_armed=1 request_publishes=4424 request_kicks=0 completion_kicks=9 has_capacity=1
conn=3 lane=3 stream=0 failed=0 pending=0 inflight_count=64 inflight_slots=64 req_prod=2704 req_cons=2673 req_used=31 comp_prod=2640 comp_cons=2640 comp_ready=0 next_comp_sequence=2129 next_req_slot=144 next_req_slot_busy=0 payload_free_slots=6787 payload_lease_hwm=0 request_wake_armed=0 completion_wake_armed=1 request_publishes=2704 request_kicks=0 completion_kicks=27 has_capacity=1
timestamp_ns=1784169763160515523
online=1 transport=shm total_conns=4 active_conns=4
shm=1 daemon_online=1 daemon_generation=1 global_submit_sequence=20408 ring_entries=512 payload_entries=8192 transfer_payload_slots=1
conn=0 lane=0 stream=0 failed=0 pending=0 inflight_count=64 inflight_slots=64 req_prod=4610 req_cons=4598 req_used=12 comp_prod=4546 comp_cons=4546 comp_ready=0 next_comp_sequence=4035 next_req_slot=2 next_req_slot_busy=0 payload_free_slots=5803 payload_lease_hwm=0 request_wake_armed=0 completion_wake_armed=1 request_publishes=4610 request_kicks=1 completion_kicks=10 has_capacity=1
conn=1 lane=1 stream=0 failed=0 pending=0 inflight_count=64 inflight_slots=64 req_prod=8615 req_cons=8551 req_used=64 comp_prod=8551 comp_cons=8551 comp_ready=0 next_comp_sequence=8040 next_req_slot=423 next_req_slot_busy=0 payload_free_slots=3925 payload_lease_hwm=0 request_wake_armed=0 completion_wake_armed=1 request_publishes=8615 request_kicks=2 completion_kicks=10 has_capacity=1
conn=2 lane=2 stream=0 failed=0 pending=0 inflight_count=64 inflight_slots=64 req_prod=4424 req_cons=4424 req_used=0 comp_prod=4360 comp_cons=4360 comp_ready=0 next_comp_sequence=3849 next_req_slot=328 next_req_slot_busy=0 payload_free_slots=5906 payload_lease_hwm=0 request_wake_armed=0 completion_wake_armed=1 request_publishes=4424 request_kicks=0 completion_kicks=9 has_capacity=1
conn=3 lane=3 stream=0 failed=0 pending=0 inflight_count=64 inflight_slots=64 req_prod=2759 req_cons=2705 req_used=54 comp_prod=2695 comp_cons=2695 comp_ready=0 next_comp_sequence=2184 next_req_slot=199 next_req_slot_busy=0 payload_free_slots=6766 payload_lease_hwm=0 request_wake_armed=0 completion_wake_armed=1 request_publishes=2759 request_kicks=0 completion_kicks=28 has_capacity=1
timestamp_ns=1784169763418109203
online=1 transport=shm total_conns=4 active_conns=4
shm=1 daemon_online=1 daemon_generation=1 global_submit_sequence=20418 ring_entries=512 payload_entries=8192 transfer_payload_slots=1
conn=0 lane=0 stream=0 failed=0 pending=0 inflight_count=64 inflight_slots=64 req_prod=4610 req_cons=4598 req_used=12 comp_prod=4546 comp_cons=4546 comp_ready=0 next_comp_sequence=4035 next_req_slot=2 next_req_slot_busy=0 payload_free_slots=5803 payload_lease_hwm=0 request_wake_armed=0 completion_wake_armed=1 request_publishes=4610 request_kicks=1 completion_kicks=10 has_capacity=1
conn=1 lane=1 stream=0 failed=0 pending=0 inflight_count=64 inflight_slots=64 req_prod=8615 req_cons=8551 req_used=64 comp_prod=8551 comp_cons=8551 comp_ready=0 next_comp_sequence=8040 next_req_slot=423 next_req_slot_busy=0 payload_free_slots=3925 payload_lease_hwm=0 request_wake_armed=0 completion_wake_armed=1 request_publishes=8615 request_kicks=2 completion_kicks=10 has_capacity=1
conn=2 lane=2 stream=0 failed=0 pending=0 inflight_count=64 inflight_slots=64 req_prod=4424 req_cons=4424 req_used=0 comp_prod=4360 comp_cons=4360 comp_ready=0 next_comp_sequence=3849 next_req_slot=328 next_req_slot_busy=0 payload_free_slots=5906 payload_lease_hwm=0 request_wake_armed=0 completion_wake_armed=1 request_publishes=4424 request_kicks=0 completion_kicks=9 has_capacity=1
conn=3 lane=3 stream=0 failed=0 pending=0 inflight_count=64 inflight_slots=64 req_prod=2769 req_cons=2705 req_used=64 comp_prod=2705 comp_cons=2705 comp_ready=0 next_comp_sequence=2194 next_req_slot=209 next_req_slot_busy=0 payload_free_slots=6766 payload_lease_hwm=0 request_wake_armed=0 completion_wake_armed=1 request_publishes=2769 request_kicks=0 completion_kicks=29 has_capacity=1
timestamp_ns=1784169763675654017
online=1 transport=shm total_conns=4 active_conns=4
shm=1 daemon_online=1 daemon_generation=1 global_submit_sequence=20418 ring_entries=512 payload_entries=8192 transfer_payload_slots=1
conn=0 lane=0 stream=0 failed=0 pending=0 inflight_count=64 inflight_slots=64 req_prod=4610 req_cons=4598 req_used=12 comp_prod=4546 comp_cons=4546 comp_ready=0 next_comp_sequence=4035 next_req_slot=2 next_req_slot_busy=0 payload_free_slots=5803 payload_lease_hwm=0 request_wake_armed=0 completion_wake_armed=1 request_publishes=4610 request_kicks=1 completion_kicks=10 has_capacity=1
conn=1 lane=1 stream=0 failed=0 pending=0 inflight_count=64 inflight_slots=64 req_prod=8615 req_cons=8551 req_used=64 comp_prod=8551 comp_cons=8551 comp_ready=0 next_comp_sequence=8040 next_req_slot=423 next_req_slot_busy=0 payload_free_slots=3925 payload_lease_hwm=0 request_wake_armed=0 completion_wake_armed=1 request_publishes=8615 request_kicks=2 completion_kicks=10 has_capacity=1
conn=2 lane=2 stream=0 failed=0 pending=0 inflight_count=64 inflight_slots=64 req_prod=4424 req_cons=4424 req_used=0 comp_prod=4360 comp_cons=4360 comp_ready=0 next_comp_sequence=3849 next_req_slot=328 next_req_slot_busy=0 payload_free_slots=5906 payload_lease_hwm=0 request_wake_armed=0 completion_wake_armed=1 request_publishes=4424 request_kicks=0 completion_kicks=9 has_capacity=1
conn=3 lane=3 stream=0 failed=0 pending=0 inflight_count=64 inflight_slots=64 req_prod=2769 req_cons=2705 req_used=64 comp_prod=2705 comp_cons=2705 comp_ready=0 next_comp_sequence=2194 next_req_slot=209 next_req_slot_busy=0 payload_free_slots=6766 payload_lease_hwm=0 request_wake_armed=0 completion_wake_armed=1 request_publishes=2769 request_kicks=0 completion_kicks=29 has_capacity=1
timestamp_ns=1784169763933236810
online=1 transport=shm total_conns=4 active_conns=4
shm=1 daemon_online=1 daemon_generation=1 global_submit_sequence=20449 ring_entries=512 payload_entries=8192 transfer_payload_slots=1
conn=0 lane=0 stream=0 failed=0 pending=0 inflight_count=64 inflight_slots=64 req_prod=4641 req_cons=4610 req_used=31 comp_prod=4577 comp_cons=4577 comp_ready=0 next_comp_sequence=4066 next_req_slot=33 next_req_slot_busy=0 payload_free_slots=5796 payload_lease_hwm=0 request_wake_armed=0 completion_wake_armed=1 request_publishes=4641 request_kicks=1 completion_kicks=11 has_capacity=1
conn=1 lane=1 stream=0 failed=0 pending=0 inflight_count=64 inflight_slots=64 req_prod=8615 req_cons=8551 req_used=64 comp_prod=8551 comp_cons=8551 comp_ready=0 next_comp_sequence=8040 next_req_slot=423 next_req_slot_busy=0 payload_free_slots=3925 payload_lease_hwm=0 request_wake_armed=0 completion_wake_armed=1 request_publishes=8615 request_kicks=2 completion_kicks=10 has_capacity=1
conn=2 lane=2 stream=0 failed=0 pending=0 inflight_count=64 inflight_slots=64 req_prod=4424 req_cons=4424 req_used=0 comp_prod=4360 comp_cons=4360 comp_ready=0 next_comp_sequence=3849 next_req_slot=328 next_req_slot_busy=0 payload_free_slots=5906 payload_lease_hwm=0 request_wake_armed=0 completion_wake_armed=1 request_publishes=4424 request_kicks=0 completion_kicks=9 has_capacity=1
conn=3 lane=3 stream=0 failed=0 pending=0 inflight_count=64 inflight_slots=64 req_prod=2769 req_cons=2705 req_used=64 comp_prod=2705 comp_cons=2705 comp_ready=0 next_comp_sequence=2194 next_req_slot=209 next_req_slot_busy=0 payload_free_slots=6766 payload_lease_hwm=0 request_wake_armed=0 completion_wake_armed=1 request_publishes=2769 request_kicks=0 completion_kicks=29 has_capacity=1
timestamp_ns=1784169764191633487
online=1 transport=shm total_conns=4 active_conns=4
shm=1 daemon_online=1 daemon_generation=1 global_submit_sequence=20449 ring_entries=512 payload_entries=8192 transfer_payload_slots=1
conn=0 lane=0 stream=0 failed=0 pending=0 inflight_count=64 inflight_slots=64 req_prod=4641 req_cons=4610 req_used=31 comp_prod=4577 comp_cons=4577 comp_ready=0 next_comp_sequence=4066 next_req_slot=33 next_req_slot_busy=0 payload_free_slots=5796 payload_lease_hwm=0 request_wake_armed=0 completion_wake_armed=1 request_publishes=4641 request_kicks=1 completion_kicks=11 has_capacity=1
conn=1 lane=1 stream=0 failed=0 pending=0 inflight_count=64 inflight_slots=64 req_prod=8615 req_cons=8551 req_used=64 comp_prod=8551 comp_cons=8551 comp_ready=0 next_comp_sequence=8040 next_req_slot=423 next_req_slot_busy=0 payload_free_slots=3925 payload_lease_hwm=0 request_wake_armed=0 completion_wake_armed=1 request_publishes=8615 request_kicks=2 completion_kicks=10 has_capacity=1
conn=2 lane=2 stream=0 failed=0 pending=0 inflight_count=64 inflight_slots=64 req_prod=4424 req_cons=4424 req_used=0 comp_prod=4360 comp_cons=4360 comp_ready=0 next_comp_sequence=3849 next_req_slot=328 next_req_slot_busy=0 payload_free_slots=5906 payload_lease_hwm=0 request_wake_armed=0 completion_wake_armed=1 request_publishes=4424 request_kicks=0 completion_kicks=9 has_capacity=1
conn=3 lane=3 stream=0 failed=0 pending=0 inflight_count=64 inflight_slots=64 req_prod=2769 req_cons=2705 req_used=64 comp_prod=2705 comp_cons=2705 comp_ready=0 next_comp_sequence=2194 next_req_slot=209 next_req_slot_busy=0 payload_free_slots=6766 payload_lease_hwm=0 request_wake_armed=0 completion_wake_armed=1 request_publishes=2769 request_kicks=0 completion_kicks=29 has_capacity=1
timestamp_ns=1784169764449223911
online=1 transport=shm total_conns=4 active_conns=4
shm=1 daemon_online=1 daemon_generation=1 global_submit_sequence=20449 ring_entries=512 payload_entries=8192 transfer_payload_slots=1
conn=0 lane=0 stream=0 failed=0 pending=0 inflight_count=64 inflight_slots=64 req_prod=4641 req_cons=4610 req_used=31 comp_prod=4577 comp_cons=4577 comp_ready=0 next_comp_sequence=4066 next_req_slot=33 next_req_slot_busy=0 payload_free_slots=5796 payload_lease_hwm=0 request_wake_armed=0 completion_wake_armed=1 request_publishes=4641 request_kicks=1 completion_kicks=11 has_capacity=1
conn=1 lane=1 stream=0 failed=0 pending=0 inflight_count=64 inflight_slots=64 req_prod=8615 req_cons=8551 req_used=64 comp_prod=8551 comp_cons=8551 comp_ready=0 next_comp_sequence=8040 next_req_slot=423 next_req_slot_busy=0 payload_free_slots=3925 payload_lease_hwm=0 request_wake_armed=0 completion_wake_armed=1 request_publishes=8615 request_kicks=2 completion_kicks=10 has_capacity=1
conn=2 lane=2 stream=0 failed=0 pending=0 inflight_count=64 inflight_slots=64 req_prod=4424 req_cons=4424 req_used=0 comp_prod=4360 comp_cons=4360 comp_ready=0 next_comp_sequence=3849 next_req_slot=328 next_req_slot_busy=0 payload_free_slots=5906 payload_lease_hwm=0 request_wake_armed=0 completion_wake_armed=1 request_publishes=4424 request_kicks=0 completion_kicks=9 has_capacity=1
conn=3 lane=3 stream=0 failed=0 pending=0 inflight_count=64 inflight_slots=64 req_prod=2769 req_cons=2705 req_used=64 comp_prod=2705 comp_cons=2705 comp_ready=0 next_comp_sequence=2194 next_req_slot=209 next_req_slot_busy=0 payload_free_slots=6766 payload_lease_hwm=0 request_wake_armed=0 completion_wake_armed=1 request_publishes=2769 request_kicks=0 completion_kicks=29 has_capacity=1
timestamp_ns=1784169764706887611
online=1 transport=shm total_conns=4 active_conns=4
shm=1 daemon_online=1 daemon_generation=1 global_submit_sequence=20449 ring_entries=512 payload_entries=8192 transfer_payload_slots=1
conn=0 lane=0 stream=0 failed=0 pending=0 inflight_count=64 inflight_slots=64 req_prod=4641 req_cons=4610 req_used=31 comp_prod=4577 comp_cons=4577 comp_ready=0 next_comp_sequence=4066 next_req_slot=33 next_req_slot_busy=0 payload_free_slots=5796 payload_lease_hwm=0 request_wake_armed=0 completion_wake_armed=1 request_publishes=4641 request_kicks=1 completion_kicks=11 has_capacity=1
conn=1 lane=1 stream=0 failed=0 pending=0 inflight_count=64 inflight_slots=64 req_prod=8615 req_cons=8551 req_used=64 comp_prod=8551 comp_cons=8551 comp_ready=0 next_comp_sequence=8040 next_req_slot=423 next_req_slot_busy=0 payload_free_slots=3925 payload_lease_hwm=0 request_wake_armed=0 completion_wake_armed=1 request_publishes=8615 request_kicks=2 completion_kicks=10 has_capacity=1
conn=2 lane=2 stream=0 failed=0 pending=0 inflight_count=64 inflight_slots=64 req_prod=4424 req_cons=4424 req_used=0 comp_prod=4360 comp_cons=4360 comp_ready=0 next_comp_sequence=3849 next_req_slot=328 next_req_slot_busy=0 payload_free_slots=5906 payload_lease_hwm=0 request_wake_armed=0 completion_wake_armed=1 request_publishes=4424 request_kicks=0 completion_kicks=9 has_capacity=1
conn=3 lane=3 stream=0 failed=0 pending=0 inflight_count=64 inflight_slots=64 req_prod=2769 req_cons=2705 req_used=64 comp_prod=2705 comp_cons=2705 comp_ready=0 next_comp_sequence=2194 next_req_slot=209 next_req_slot_busy=0 payload_free_slots=6766 payload_lease_hwm=0 request_wake_armed=0 completion_wake_armed=1 request_publishes=2769 request_kicks=0 completion_kicks=29 has_capacity=1
timestamp_ns=1784169764964641716
online=1 transport=shm total_conns=4 active_conns=4
shm=1 daemon_online=1 daemon_generation=1 global_submit_sequence=20449 ring_entries=512 payload_entries=8192 transfer_payload_slots=1
conn=0 lane=0 stream=0 failed=0 pending=0 inflight_count=64 inflight_slots=64 req_prod=4641 req_cons=4610 req_used=31 comp_prod=4577 comp_cons=4577 comp_ready=0 next_comp_sequence=4066 next_req_slot=33 next_req_slot_busy=0 payload_free_slots=5796 payload_lease_hwm=0 request_wake_armed=0 completion_wake_armed=1 request_publishes=4641 request_kicks=1 completion_kicks=11 has_capacity=1
conn=1 lane=1 stream=0 failed=0 pending=0 inflight_count=64 inflight_slots=64 req_prod=8615 req_cons=8551 req_used=64 comp_prod=8551 comp_cons=8551 comp_ready=0 next_comp_sequence=8040 next_req_slot=423 next_req_slot_busy=0 payload_free_slots=3925 payload_lease_hwm=0 request_wake_armed=0 completion_wake_armed=1 request_publishes=8615 request_kicks=2 completion_kicks=10 has_capacity=1
conn=2 lane=2 stream=0 failed=0 pending=0 inflight_count=64 inflight_slots=64 req_prod=4424 req_cons=4424 req_used=0 comp_prod=4360 comp_cons=4360 comp_ready=0 next_comp_sequence=3849 next_req_slot=328 next_req_slot_busy=0 payload_free_slots=5906 payload_lease_hwm=0 request_wake_armed=0 completion_wake_armed=1 request_publishes=4424 request_kicks=0 completion_kicks=9 has_capacity=1
conn=3 lane=3 stream=0 failed=0 pending=0 inflight_count=64 inflight_slots=64 req_prod=2769 req_cons=2705 req_used=64 comp_prod=2705 comp_cons=2705 comp_ready=0 next_comp_sequence=2194 next_req_slot=209 next_req_slot_busy=0 payload_free_slots=6766 payload_lease_hwm=0 request_wake_armed=0 completion_wake_armed=1 request_publishes=2769 request_kicks=0 completion_kicks=29 has_capacity=1
timestamp_ns=1784169765222280233
online=1 transport=shm total_conns=4 active_conns=4
shm=1 daemon_online=1 daemon_generation=1 global_submit_sequence=21559 ring_entries=512 payload_entries=8192 transfer_payload_slots=1
conn=0 lane=0 stream=0 failed=0 pending=0 inflight_count=64 inflight_slots=64 req_prod=4675 req_cons=4652 req_used=23 comp_prod=4611 comp_cons=4611 comp_ready=0 next_comp_sequence=4100 next_req_slot=67 next_req_slot_busy=0 payload_free_slots=5774 payload_lease_hwm=0 request_wake_armed=0 completion_wake_armed=1 request_publishes=4675 request_kicks=1 completion_kicks=12 has_capacity=1
conn=1 lane=1 stream=0 failed=0 pending=0 inflight_count=64 inflight_slots=64 req_prod=9202 req_cons=9138 req_used=64 comp_prod=9138 comp_cons=9138 comp_ready=0 next_comp_sequence=8627 next_req_slot=498 next_req_slot_busy=0 payload_free_slots=3633 payload_lease_hwm=0 request_wake_armed=0 completion_wake_armed=1 request_publishes=9202 request_kicks=2 completion_kicks=11 has_capacity=1
conn=2 lane=2 stream=0 failed=0 pending=0 inflight_count=64 inflight_slots=64 req_prod=4913 req_cons=4849 req_used=64 comp_prod=4849 comp_cons=4849 comp_ready=0 next_comp_sequence=4338 next_req_slot=305 next_req_slot_busy=0 payload_free_slots=5703 payload_lease_hwm=0 request_wake_armed=0 completion_wake_armed=1 request_publishes=4913 request_kicks=0 completion_kicks=10 has_capacity=1
conn=3 lane=3 stream=0 failed=0 pending=0 inflight_count=64 inflight_slots=64 req_prod=2769 req_cons=2769 req_used=0 comp_prod=2743 comp_cons=2705 comp_ready=38 next_comp_sequence=2706 next_req_slot=209 next_req_slot_busy=0 payload_free_slots=6766 payload_lease_hwm=0 request_wake_armed=0 completion_wake_armed=1 request_publishes=2769 request_kicks=0 completion_kicks=29 has_capacity=1
timestamp_ns=1784169765480518952
online=1 transport=shm total_conns=4 active_conns=4
shm=1 daemon_online=1 daemon_generation=1 global_submit_sequence=21559 ring_entries=512 payload_entries=8192 transfer_payload_slots=1
conn=0 lane=0 stream=0 failed=0 pending=0 inflight_count=64 inflight_slots=64 req_prod=4675 req_cons=4652 req_used=23 comp_prod=4611 comp_cons=4611 comp_ready=0 next_comp_sequence=4100 next_req_slot=67 next_req_slot_busy=0 payload_free_slots=5774 payload_lease_hwm=0 request_wake_armed=0 completion_wake_armed=1 request_publishes=4675 request_kicks=1 completion_kicks=12 has_capacity=1
conn=1 lane=1 stream=0 failed=0 pending=0 inflight_count=64 inflight_slots=64 req_prod=9202 req_cons=9138 req_used=64 comp_prod=9138 comp_cons=9138 comp_ready=0 next_comp_sequence=8627 next_req_slot=498 next_req_slot_busy=0 payload_free_slots=3633 payload_lease_hwm=0 request_wake_armed=0 completion_wake_armed=1 request_publishes=9202 request_kicks=2 completion_kicks=11 has_capacity=1
conn=2 lane=2 stream=0 failed=0 pending=0 inflight_count=64 inflight_slots=64 req_prod=4913 req_cons=4849 req_used=64 comp_prod=4849 comp_cons=4849 comp_ready=0 next_comp_sequence=4338 next_req_slot=305 next_req_slot_busy=0 payload_free_slots=5703 payload_lease_hwm=0 request_wake_armed=0 completion_wake_armed=1 request_publishes=4913 request_kicks=0 completion_kicks=10 has_capacity=1
conn=3 lane=3 stream=0 failed=0 pending=0 inflight_count=64 inflight_slots=64 req_prod=2769 req_cons=2769 req_used=0 comp_prod=2743 comp_cons=2705 comp_ready=38 next_comp_sequence=2706 next_req_slot=209 next_req_slot_busy=0 payload_free_slots=6766 payload_lease_hwm=0 request_wake_armed=0 completion_wake_armed=1 request_publishes=2769 request_kicks=0 completion_kicks=29 has_capacity=1
timestamp_ns=1784169765738903912
online=1 transport=shm total_conns=4 active_conns=4
shm=1 daemon_online=1 daemon_generation=1 global_submit_sequence=21559 ring_entries=512 payload_entries=8192 transfer_payload_slots=1
conn=0 lane=0 stream=0 failed=0 pending=0 inflight_count=64 inflight_slots=64 req_prod=4675 req_cons=4652 req_used=23 comp_prod=4611 comp_cons=4611 comp_ready=0 next_comp_sequence=4100 next_req_slot=67 next_req_slot_busy=0 payload_free_slots=5774 payload_lease_hwm=0 request_wake_armed=0 completion_wake_armed=1 request_publishes=4675 request_kicks=1 completion_kicks=12 has_capacity=1
conn=1 lane=1 stream=0 failed=0 pending=0 inflight_count=64 inflight_slots=64 req_prod=9202 req_cons=9138 req_used=64 comp_prod=9138 comp_cons=9138 comp_ready=0 next_comp_sequence=8627 next_req_slot=498 next_req_slot_busy=0 payload_free_slots=3633 payload_lease_hwm=0 request_wake_armed=0 completion_wake_armed=1 request_publishes=9202 request_kicks=2 completion_kicks=11 has_capacity=1
conn=2 lane=2 stream=0 failed=0 pending=0 inflight_count=64 inflight_slots=64 req_prod=4913 req_cons=4849 req_used=64 comp_prod=4849 comp_cons=4849 comp_ready=0 next_comp_sequence=4338 next_req_slot=305 next_req_slot_busy=0 payload_free_slots=5703 payload_lease_hwm=0 request_wake_armed=0 completion_wake_armed=1 request_publishes=4913 request_kicks=0 completion_kicks=10 has_capacity=1
conn=3 lane=3 stream=0 failed=0 pending=0 inflight_count=64 inflight_slots=64 req_prod=2769 req_cons=2769 req_used=0 comp_prod=2743 comp_cons=2705 comp_ready=38 next_comp_sequence=2706 next_req_slot=209 next_req_slot_busy=0 payload_free_slots=6766 payload_lease_hwm=0 request_wake_armed=0 completion_wake_armed=1 request_publishes=2769 request_kicks=0 completion_kicks=29 has_capacity=1
timestamp_ns=1784169765996709897
online=1 transport=shm total_conns=4 active_conns=4
shm=1 daemon_online=1 daemon_generation=1 global_submit_sequence=21753 ring_entries=512 payload_entries=8192 transfer_payload_slots=1
conn=0 lane=0 stream=0 failed=0 pending=0 inflight_count=64 inflight_slots=64 req_prod=4675 req_cons=4652 req_used=23 comp_prod=4611 comp_cons=4611 comp_ready=0 next_comp_sequence=4100 next_req_slot=67 next_req_slot_busy=0 payload_free_slots=5774 payload_lease_hwm=0 request_wake_armed=0 completion_wake_armed=1 request_publishes=4675 request_kicks=1 completion_kicks=12 has_capacity=1
conn=1 lane=1 stream=0 failed=0 pending=0 inflight_count=64 inflight_slots=64 req_prod=9278 req_cons=9214 req_used=64 comp_prod=9214 comp_cons=9214 comp_ready=0 next_comp_sequence=8703 next_req_slot=62 next_req_slot_busy=0 payload_free_slots=3596 payload_lease_hwm=0 request_wake_armed=0 completion_wake_armed=1 request_publishes=9278 request_kicks=2 completion_kicks=12 has_capacity=1
conn=2 lane=2 stream=0 failed=0 pending=0 inflight_count=64 inflight_slots=64 req_prod=4913 req_cons=4849 req_used=64 comp_prod=4849 comp_cons=4849 comp_ready=0 next_comp_sequence=4338 next_req_slot=305 next_req_slot_busy=0 payload_free_slots=5703 payload_lease_hwm=0 request_wake_armed=0 completion_wake_armed=1 request_publishes=4913 request_kicks=0 completion_kicks=10 has_capacity=1
conn=3 lane=3 stream=0 failed=0 pending=0 inflight_count=64 inflight_slots=64 req_prod=2887 req_cons=2879 req_used=8 comp_prod=2823 comp_cons=2823 comp_ready=0 next_comp_sequence=2312 next_req_slot=327 next_req_slot_busy=0 payload_free_slots=6677 payload_lease_hwm=0 request_wake_armed=0 completion_wake_armed=1 request_publishes=2887 request_kicks=0 completion_kicks=30 has_capacity=1
timestamp_ns=1784169766254407521
online=1 transport=shm total_conns=4 active_conns=4
shm=1 daemon_online=1 daemon_generation=1 global_submit_sequence=21753 ring_entries=512 payload_entries=8192 transfer_payload_slots=1
conn=0 lane=0 stream=0 failed=0 pending=0 inflight_count=64 inflight_slots=64 req_prod=4675 req_cons=4652 req_used=23 comp_prod=4611 comp_cons=4611 comp_ready=0 next_comp_sequence=4100 next_req_slot=67 next_req_slot_busy=0 payload_free_slots=5774 payload_lease_hwm=0 request_wake_armed=0 completion_wake_armed=1 request_publishes=4675 request_kicks=1 completion_kicks=12 has_capacity=1
conn=1 lane=1 stream=0 failed=0 pending=0 inflight_count=64 inflight_slots=64 req_prod=9278 req_cons=9214 req_used=64 comp_prod=9214 comp_cons=9214 comp_ready=0 next_comp_sequence=8703 next_req_slot=62 next_req_slot_busy=0 payload_free_slots=3596 payload_lease_hwm=0 request_wake_armed=0 completion_wake_armed=1 request_publishes=9278 request_kicks=2 completion_kicks=12 has_capacity=1
conn=2 lane=2 stream=0 failed=0 pending=0 inflight_count=64 inflight_slots=64 req_prod=4913 req_cons=4849 req_used=64 comp_prod=4849 comp_cons=4849 comp_ready=0 next_comp_sequence=4338 next_req_slot=305 next_req_slot_busy=0 payload_free_slots=5703 payload_lease_hwm=0 request_wake_armed=0 completion_wake_armed=1 request_publishes=4913 request_kicks=0 completion_kicks=10 has_capacity=1
conn=3 lane=3 stream=0 failed=0 pending=0 inflight_count=64 inflight_slots=64 req_prod=2887 req_cons=2879 req_used=8 comp_prod=2823 comp_cons=2823 comp_ready=0 next_comp_sequence=2312 next_req_slot=327 next_req_slot_busy=0 payload_free_slots=6677 payload_lease_hwm=0 request_wake_armed=0 completion_wake_armed=1 request_publishes=2887 request_kicks=0 completion_kicks=30 has_capacity=1
timestamp_ns=1784169766511923372
online=1 transport=shm total_conns=4 active_conns=4
shm=1 daemon_online=1 daemon_generation=1 global_submit_sequence=21780 ring_entries=512 payload_entries=8192 transfer_payload_slots=1
conn=0 lane=0 stream=0 failed=0 pending=0 inflight_count=64 inflight_slots=64 req_prod=4702 req_cons=4688 req_used=14 comp_prod=4638 comp_cons=4638 comp_ready=0 next_comp_sequence=4127 next_req_slot=94 next_req_slot_busy=0 payload_free_slots=5760 payload_lease_hwm=0 request_wake_armed=0 completion_wake_armed=1 request_publishes=4702 request_kicks=1 completion_kicks=13 has_capacity=1
conn=1 lane=1 stream=0 failed=0 pending=0 inflight_count=64 inflight_slots=64 req_prod=9278 req_cons=9214 req_used=64 comp_prod=9214 comp_cons=9214 comp_ready=0 next_comp_sequence=8703 next_req_slot=62 next_req_slot_busy=0 payload_free_slots=3596 payload_lease_hwm=0 request_wake_armed=0 completion_wake_armed=1 request_publishes=9278 request_kicks=2 completion_kicks=12 has_capacity=1
conn=2 lane=2 stream=0 failed=0 pending=0 inflight_count=64 inflight_slots=64 req_prod=4913 req_cons=4849 req_used=64 comp_prod=4849 comp_cons=4849 comp_ready=0 next_comp_sequence=4338 next_req_slot=305 next_req_slot_busy=0 payload_free_slots=5703 payload_lease_hwm=0 request_wake_armed=0 completion_wake_armed=1 request_publishes=4913 request_kicks=0 completion_kicks=10 has_capacity=1
conn=3 lane=3 stream=0 failed=0 pending=0 inflight_count=64 inflight_slots=64 req_prod=2887 req_cons=2879 req_used=8 comp_prod=2823 comp_cons=2823 comp_ready=0 next_comp_sequence=2312 next_req_slot=327 next_req_slot_busy=0 payload_free_slots=6677 payload_lease_hwm=0 request_wake_armed=0 completion_wake_armed=1 request_publishes=2887 request_kicks=0 completion_kicks=30 has_capacity=1
timestamp_ns=1784169766769489072
online=1 transport=shm total_conns=4 active_conns=4
shm=1 daemon_online=1 daemon_generation=1 global_submit_sequence=21780 ring_entries=512 payload_entries=8192 transfer_payload_slots=1
conn=0 lane=0 stream=0 failed=0 pending=0 inflight_count=64 inflight_slots=64 req_prod=4702 req_cons=4688 req_used=14 comp_prod=4638 comp_cons=4638 comp_ready=0 next_comp_sequence=4127 next_req_slot=94 next_req_slot_busy=0 payload_free_slots=5760 payload_lease_hwm=0 request_wake_armed=0 completion_wake_armed=1 request_publishes=4702 request_kicks=1 completion_kicks=13 has_capacity=1
conn=1 lane=1 stream=0 failed=0 pending=0 inflight_count=64 inflight_slots=64 req_prod=9278 req_cons=9214 req_used=64 comp_prod=9214 comp_cons=9214 comp_ready=0 next_comp_sequence=8703 next_req_slot=62 next_req_slot_busy=0 payload_free_slots=3596 payload_lease_hwm=0 request_wake_armed=0 completion_wake_armed=1 request_publishes=9278 request_kicks=2 completion_kicks=12 has_capacity=1
conn=2 lane=2 stream=0 failed=0 pending=0 inflight_count=64 inflight_slots=64 req_prod=4913 req_cons=4849 req_used=64 comp_prod=4849 comp_cons=4849 comp_ready=0 next_comp_sequence=4338 next_req_slot=305 next_req_slot_busy=0 payload_free_slots=5703 payload_lease_hwm=0 request_wake_armed=0 completion_wake_armed=1 request_publishes=4913 request_kicks=0 completion_kicks=10 has_capacity=1
conn=3 lane=3 stream=0 failed=0 pending=0 inflight_count=64 inflight_slots=64 req_prod=2887 req_cons=2879 req_used=8 comp_prod=2823 comp_cons=2823 comp_ready=0 next_comp_sequence=2312 next_req_slot=327 next_req_slot_busy=0 payload_free_slots=6677 payload_lease_hwm=0 request_wake_armed=0 completion_wake_armed=1 request_publishes=2887 request_kicks=0 completion_kicks=30 has_capacity=1
timestamp_ns=1784169767027289144
online=1 transport=shm total_conns=4 active_conns=4
shm=1 daemon_online=1 daemon_generation=1 global_submit_sequence=22815 ring_entries=512 payload_entries=8192 transfer_payload_slots=1
conn=0 lane=0 stream=0 failed=0 pending=0 inflight_count=64 inflight_slots=64 req_prod=4717 req_cons=4702 req_used=15 comp_prod=4653 comp_cons=4653 comp_ready=0 next_comp_sequence=4142 next_req_slot=109 next_req_slot_busy=0 payload_free_slots=5751 payload_lease_hwm=0 request_wake_armed=0 completion_wake_armed=1 request_publishes=4717 request_kicks=1 completion_kicks=14 has_capacity=1
conn=1 lane=1 stream=0 failed=0 pending=0 inflight_count=64 inflight_slots=64 req_prod=10103 req_cons=10103 req_used=0 comp_prod=10039 comp_cons=10039 comp_ready=0 next_comp_sequence=9528 next_req_slot=375 next_req_slot_busy=0 payload_free_slots=3139 payload_lease_hwm=0 request_wake_armed=0 completion_wake_armed=1 request_publishes=10103 request_kicks=2 completion_kicks=13 has_capacity=1
conn=2 lane=2 stream=0 failed=0 pending=0 inflight_count=64 inflight_slots=64 req_prod=5073 req_cons=5038 req_used=35 comp_prod=5009 comp_cons=5009 comp_ready=0 next_comp_sequence=4498 next_req_slot=465 next_req_slot_busy=0 payload_free_slots=5620 payload_lease_hwm=0 request_wake_armed=0 completion_wake_armed=1 request_publishes=5073 request_kicks=0 completion_kicks=11 has_capacity=1
conn=3 lane=3 stream=0 failed=0 pending=0 inflight_count=64 inflight_slots=64 req_prod=2922 req_cons=2887 req_used=35 comp_prod=2858 comp_cons=2858 comp_ready=0 next_comp_sequence=2347 next_req_slot=362 next_req_slot_busy=0 payload_free_slots=6671 payload_lease_hwm=0 request_wake_armed=0 completion_wake_armed=1 request_publishes=2922 request_kicks=0 completion_kicks=31 has_capacity=1
timestamp_ns=1784169767285579819
online=1 transport=shm total_conns=4 active_conns=4
shm=1 daemon_online=1 daemon_generation=1 global_submit_sequence=22917 ring_entries=512 payload_entries=8192 transfer_payload_slots=1
conn=0 lane=0 stream=0 failed=0 pending=0 inflight_count=64 inflight_slots=64 req_prod=4717 req_cons=4702 req_used=15 comp_prod=4653 comp_cons=4653 comp_ready=0 next_comp_sequence=4142 next_req_slot=109 next_req_slot_busy=0 payload_free_slots=5751 payload_lease_hwm=0 request_wake_armed=0 completion_wake_armed=1 request_publishes=4717 request_kicks=1 completion_kicks=14 has_capacity=1
conn=1 lane=1 stream=0 failed=0 pending=0 inflight_count=64 inflight_slots=64 req_prod=10181 req_cons=10181 req_used=0 comp_prod=10117 comp_cons=10117 comp_ready=0 next_comp_sequence=9606 next_req_slot=453 next_req_slot_busy=0 payload_free_slots=3100 payload_lease_hwm=0 request_wake_armed=0 completion_wake_armed=1 request_publishes=10181 request_kicks=2 completion_kicks=14 has_capacity=1
conn=2 lane=2 stream=0 failed=0 pending=0 inflight_count=64 inflight_slots=64 req_prod=5073 req_cons=5038 req_used=35 comp_prod=5009 comp_cons=5009 comp_ready=0 next_comp_sequence=4498 next_req_slot=465 next_req_slot_busy=0 payload_free_slots=5620 payload_lease_hwm=0 request_wake_armed=0 completion_wake_armed=1 request_publishes=5073 request_kicks=0 completion_kicks=11 has_capacity=1
conn=3 lane=3 stream=0 failed=0 pending=0 inflight_count=64 inflight_slots=64 req_prod=2946 req_cons=2922 req_used=24 comp_prod=2882 comp_cons=2882 comp_ready=0 next_comp_sequence=2371 next_req_slot=386 next_req_slot_busy=0 payload_free_slots=6656 payload_lease_hwm=0 request_wake_armed=0 completion_wake_armed=1 request_publishes=2946 request_kicks=0 completion_kicks=32 has_capacity=1
timestamp_ns=1784169767543222113
online=1 transport=shm total_conns=4 active_conns=4
shm=1 daemon_online=1 daemon_generation=1 global_submit_sequence=23083 ring_entries=512 payload_entries=8192 transfer_payload_slots=1
conn=0 lane=0 stream=0 failed=0 pending=0 inflight_count=64 inflight_slots=64 req_prod=4730 req_cons=4721 req_used=9 comp_prod=4666 comp_cons=4666 comp_ready=0 next_comp_sequence=4155 next_req_slot=122 next_req_slot_busy=0 payload_free_slots=5742 payload_lease_hwm=0 request_wake_armed=0 completion_wake_armed=1 request_publishes=4730 request_kicks=1 completion_kicks=15 has_capacity=1
conn=1 lane=1 stream=0 failed=0 pending=0 inflight_count=64 inflight_slots=64 req_prod=10285 req_cons=10285 req_used=0 comp_prod=10221 comp_cons=10221 comp_ready=0 next_comp_sequence=9710 next_req_slot=45 next_req_slot_busy=0 payload_free_slots=3042 payload_lease_hwm=0 request_wake_armed=0 completion_wake_armed=1 request_publishes=10285 request_kicks=2 completion_kicks=15 has_capacity=1
conn=2 lane=2 stream=0 failed=0 pending=0 inflight_count=64 inflight_slots=64 req_prod=5097 req_cons=5078 req_used=19 comp_prod=5033 comp_cons=5033 comp_ready=0 next_comp_sequence=4522 next_req_slot=489 next_req_slot_busy=0 payload_free_slots=5607 payload_lease_hwm=0 request_wake_armed=0 completion_wake_armed=1 request_publishes=5097 request_kicks=0 completion_kicks=12 has_capacity=1
conn=3 lane=3 stream=0 failed=0 pending=0 inflight_count=64 inflight_slots=64 req_prod=2971 req_cons=2946 req_used=25 comp_prod=2907 comp_cons=2907 comp_ready=0 next_comp_sequence=2396 next_req_slot=411 next_req_slot_busy=0 payload_free_slots=6642 payload_lease_hwm=0 request_wake_armed=0 completion_wake_armed=1 request_publishes=2971 request_kicks=0 completion_kicks=33 has_capacity=1
timestamp_ns=1784169767800841747
online=1 transport=shm total_conns=4 active_conns=4
shm=1 daemon_online=1 daemon_generation=1 global_submit_sequence=23115 ring_entries=512 payload_entries=8192 transfer_payload_slots=1
conn=0 lane=0 stream=0 failed=0 pending=0 inflight_count=64 inflight_slots=64 req_prod=4730 req_cons=4721 req_used=9 comp_prod=4666 comp_cons=4666 comp_ready=0 next_comp_sequence=4155 next_req_slot=122 next_req_slot_busy=0 payload_free_slots=5742 payload_lease_hwm=0 request_wake_armed=0 completion_wake_armed=1 request_publishes=4730 request_kicks=1 completion_kicks=15 has_capacity=1
conn=1 lane=1 stream=0 failed=0 pending=0 inflight_count=64 inflight_slots=64 req_prod=10285 req_cons=10285 req_used=0 comp_prod=10221 comp_cons=10221 comp_ready=0 next_comp_sequence=9710 next_req_slot=45 next_req_slot_busy=0 payload_free_slots=3042 payload_lease_hwm=0 request_wake_armed=0 completion_wake_armed=1 request_publishes=10285 request_kicks=2 completion_kicks=15 has_capacity=1
conn=2 lane=2 stream=0 failed=0 pending=0 inflight_count=64 inflight_slots=64 req_prod=5097 req_cons=5078 req_used=19 comp_prod=5033 comp_cons=5033 comp_ready=0 next_comp_sequence=4522 next_req_slot=489 next_req_slot_busy=0 payload_free_slots=5607 payload_lease_hwm=0 request_wake_armed=0 completion_wake_armed=1 request_publishes=5097 request_kicks=0 completion_kicks=12 has_capacity=1
conn=3 lane=3 stream=0 failed=0 pending=0 inflight_count=64 inflight_slots=64 req_prod=3003 req_cons=2988 req_used=15 comp_prod=2939 comp_cons=2939 comp_ready=0 next_comp_sequence=2428 next_req_slot=443 next_req_slot_busy=0 payload_free_slots=6620 payload_lease_hwm=0 request_wake_armed=0 completion_wake_armed=1 request_publishes=3003 request_kicks=0 completion_kicks=34 has_capacity=1
timestamp_ns=1784169768058641486
online=1 transport=shm total_conns=4 active_conns=4
shm=1 daemon_online=1 daemon_generation=1 global_submit_sequence=23115 ring_entries=512 payload_entries=8192 transfer_payload_slots=1
conn=0 lane=0 stream=0 failed=0 pending=0 inflight_count=64 inflight_slots=64 req_prod=4730 req_cons=4721 req_used=9 comp_prod=4666 comp_cons=4666 comp_ready=0 next_comp_sequence=4155 next_req_slot=122 next_req_slot_busy=0 payload_free_slots=5742 payload_lease_hwm=0 request_wake_armed=0 completion_wake_armed=1 request_publishes=4730 request_kicks=1 completion_kicks=15 has_capacity=1
conn=1 lane=1 stream=0 failed=0 pending=0 inflight_count=64 inflight_slots=64 req_prod=10285 req_cons=10285 req_used=0 comp_prod=10221 comp_cons=10221 comp_ready=0 next_comp_sequence=9710 next_req_slot=45 next_req_slot_busy=0 payload_free_slots=3042 payload_lease_hwm=0 request_wake_armed=0 completion_wake_armed=1 request_publishes=10285 request_kicks=2 completion_kicks=15 has_capacity=1
conn=2 lane=2 stream=0 failed=0 pending=0 inflight_count=64 inflight_slots=64 req_prod=5097 req_cons=5078 req_used=19 comp_prod=5033 comp_cons=5033 comp_ready=0 next_comp_sequence=4522 next_req_slot=489 next_req_slot_busy=0 payload_free_slots=5607 payload_lease_hwm=0 request_wake_armed=0 completion_wake_armed=1 request_publishes=5097 request_kicks=0 completion_kicks=12 has_capacity=1
conn=3 lane=3 stream=0 failed=0 pending=0 inflight_count=64 inflight_slots=64 req_prod=3003 req_cons=2988 req_used=15 comp_prod=2939 comp_cons=2939 comp_ready=0 next_comp_sequence=2428 next_req_slot=443 next_req_slot_busy=0 payload_free_slots=6620 payload_lease_hwm=0 request_wake_armed=0 completion_wake_armed=1 request_publishes=3003 request_kicks=0 completion_kicks=34 has_capacity=1
timestamp_ns=1784169768316329759
online=1 transport=shm total_conns=4 active_conns=4
shm=1 daemon_online=1 daemon_generation=1 global_submit_sequence=23145 ring_entries=512 payload_entries=8192 transfer_payload_slots=1
conn=0 lane=0 stream=0 failed=0 pending=0 inflight_count=64 inflight_slots=64 req_prod=4730 req_cons=4721 req_used=9 comp_prod=4666 comp_cons=4666 comp_ready=0 next_comp_sequence=4155 next_req_slot=122 next_req_slot_busy=0 payload_free_slots=5742 payload_lease_hwm=0 request_wake_armed=0 completion_wake_armed=1 request_publishes=4730 request_kicks=1 completion_kicks=15 has_capacity=1
conn=1 lane=1 stream=0 failed=0 pending=0 inflight_count=64 inflight_slots=64 req_prod=10285 req_cons=10285 req_used=0 comp_prod=10221 comp_cons=10221 comp_ready=0 next_comp_sequence=9710 next_req_slot=45 next_req_slot_busy=0 payload_free_slots=3042 payload_lease_hwm=0 request_wake_armed=0 completion_wake_armed=1 request_publishes=10285 request_kicks=2 completion_kicks=15 has_capacity=1
conn=2 lane=2 stream=0 failed=0 pending=0 inflight_count=64 inflight_slots=64 req_prod=5127 req_cons=5111 req_used=16 comp_prod=5063 comp_cons=5063 comp_ready=0 next_comp_sequence=4552 next_req_slot=7 next_req_slot_busy=0 payload_free_slots=5592 payload_lease_hwm=0 request_wake_armed=0 completion_wake_armed=1 request_publishes=5127 request_kicks=0 completion_kicks=13 has_capacity=1
conn=3 lane=3 stream=0 failed=0 pending=0 inflight_count=64 inflight_slots=64 req_prod=3003 req_cons=2988 req_used=15 comp_prod=2939 comp_cons=2939 comp_ready=0 next_comp_sequence=2428 next_req_slot=443 next_req_slot_busy=0 payload_free_slots=6620 payload_lease_hwm=0 request_wake_armed=0 completion_wake_armed=1 request_publishes=3003 request_kicks=0 completion_kicks=34 has_capacity=1
timestamp_ns=1784169768573915170
online=1 transport=shm total_conns=4 active_conns=4
shm=1 daemon_online=1 daemon_generation=1 global_submit_sequence=23342 ring_entries=512 payload_entries=8192 transfer_payload_slots=1
conn=0 lane=0 stream=0 failed=0 pending=0 inflight_count=64 inflight_slots=64 req_prod=4730 req_cons=4721 req_used=9 comp_prod=4666 comp_cons=4666 comp_ready=0 next_comp_sequence=4155 next_req_slot=122 next_req_slot_busy=0 payload_free_slots=5742 payload_lease_hwm=0 request_wake_armed=0 completion_wake_armed=1 request_publishes=4730 request_kicks=1 completion_kicks=15 has_capacity=1
conn=1 lane=1 stream=0 failed=0 pending=0 inflight_count=64 inflight_slots=64 req_prod=10432 req_cons=10432 req_used=0 comp_prod=10368 comp_cons=10368 comp_ready=0 next_comp_sequence=9857 next_req_slot=192 next_req_slot_busy=0 payload_free_slots=2959 payload_lease_hwm=0 request_wake_armed=0 completion_wake_armed=1 request_publishes=10432 request_kicks=2 completion_kicks=16 has_capacity=1
conn=2 lane=2 stream=0 failed=0 pending=0 inflight_count=64 inflight_slots=64 req_prod=5141 req_cons=5127 req_used=14 comp_prod=5077 comp_cons=5077 comp_ready=0 next_comp_sequence=4566 next_req_slot=21 next_req_slot_busy=0 payload_free_slots=5583 payload_lease_hwm=0 request_wake_armed=0 completion_wake_armed=1 request_publishes=5141 request_kicks=0 completion_kicks=14 has_capacity=1
conn=3 lane=3 stream=0 failed=0 pending=0 inflight_count=64 inflight_slots=64 req_prod=3039 req_cons=3021 req_used=18 comp_prod=2975 comp_cons=2975 comp_ready=0 next_comp_sequence=2464 next_req_slot=479 next_req_slot_busy=0 payload_free_slots=6606 payload_lease_hwm=0 request_wake_armed=0 completion_wake_armed=1 request_publishes=3039 request_kicks=0 completion_kicks=35 has_capacity=1
timestamp_ns=1784169768831500730
online=1 transport=shm total_conns=4 active_conns=4
shm=1 daemon_online=1 daemon_generation=1 global_submit_sequence=23360 ring_entries=512 payload_entries=8192 transfer_payload_slots=1
conn=0 lane=0 stream=0 failed=0 pending=0 inflight_count=64 inflight_slots=64 req_prod=4730 req_cons=4721 req_used=9 comp_prod=4666 comp_cons=4666 comp_ready=0 next_comp_sequence=4155 next_req_slot=122 next_req_slot_busy=0 payload_free_slots=5742 payload_lease_hwm=0 request_wake_armed=0 completion_wake_armed=1 request_publishes=4730 request_kicks=1 completion_kicks=15 has_capacity=1
conn=1 lane=1 stream=0 failed=0 pending=0 inflight_count=64 inflight_slots=64 req_prod=10432 req_cons=10432 req_used=0 comp_prod=10368 comp_cons=10368 comp_ready=0 next_comp_sequence=9857 next_req_slot=192 next_req_slot_busy=0 payload_free_slots=2959 payload_lease_hwm=0 request_wake_armed=0 completion_wake_armed=1 request_publishes=10432 request_kicks=2 completion_kicks=16 has_capacity=1
conn=2 lane=2 stream=0 failed=0 pending=0 inflight_count=64 inflight_slots=64 req_prod=5141 req_cons=5127 req_used=14 comp_prod=5077 comp_cons=5077 comp_ready=0 next_comp_sequence=4566 next_req_slot=21 next_req_slot_busy=0 payload_free_slots=5583 payload_lease_hwm=0 request_wake_armed=0 completion_wake_armed=1 request_publishes=5141 request_kicks=0 completion_kicks=14 has_capacity=1
conn=3 lane=3 stream=0 failed=0 pending=0 inflight_count=64 inflight_slots=64 req_prod=3057 req_cons=3039 req_used=18 comp_prod=2993 comp_cons=2993 comp_ready=0 next_comp_sequence=2482 next_req_slot=497 next_req_slot_busy=0 payload_free_slots=6598 payload_lease_hwm=0 request_wake_armed=0 completion_wake_armed=1 request_publishes=3057 request_kicks=0 completion_kicks=36 has_capacity=1
timestamp_ns=1784169769089240552
online=1 transport=shm total_conns=4 active_conns=4
shm=1 daemon_online=1 daemon_generation=1 global_submit_sequence=23360 ring_entries=512 payload_entries=8192 transfer_payload_slots=1
conn=0 lane=0 stream=0 failed=0 pending=0 inflight_count=64 inflight_slots=64 req_prod=4730 req_cons=4721 req_used=9 comp_prod=4666 comp_cons=4666 comp_ready=0 next_comp_sequence=4155 next_req_slot=122 next_req_slot_busy=0 payload_free_slots=5742 payload_lease_hwm=0 request_wake_armed=0 completion_wake_armed=1 request_publishes=4730 request_kicks=1 completion_kicks=15 has_capacity=1
conn=1 lane=1 stream=0 failed=0 pending=0 inflight_count=64 inflight_slots=64 req_prod=10432 req_cons=10432 req_used=0 comp_prod=10368 comp_cons=10368 comp_ready=0 next_comp_sequence=9857 next_req_slot=192 next_req_slot_busy=0 payload_free_slots=2959 payload_lease_hwm=0 request_wake_armed=0 completion_wake_armed=1 request_publishes=10432 request_kicks=2 completion_kicks=16 has_capacity=1
conn=2 lane=2 stream=0 failed=0 pending=0 inflight_count=64 inflight_slots=64 req_prod=5141 req_cons=5127 req_used=14 comp_prod=5077 comp_cons=5077 comp_ready=0 next_comp_sequence=4566 next_req_slot=21 next_req_slot_busy=0 payload_free_slots=5583 payload_lease_hwm=0 request_wake_armed=0 completion_wake_armed=1 request_publishes=5141 request_kicks=0 completion_kicks=14 has_capacity=1
conn=3 lane=3 stream=0 failed=0 pending=0 inflight_count=64 inflight_slots=64 req_prod=3057 req_cons=3039 req_used=18 comp_prod=2993 comp_cons=2993 comp_ready=0 next_comp_sequence=2482 next_req_slot=497 next_req_slot_busy=0 payload_free_slots=6598 payload_lease_hwm=0 request_wake_armed=0 completion_wake_armed=1 request_publishes=3057 request_kicks=0 completion_kicks=36 has_capacity=1
timestamp_ns=1784169769346836973
online=1 transport=shm total_conns=4 active_conns=4
shm=1 daemon_online=1 daemon_generation=1 global_submit_sequence=23382 ring_entries=512 payload_entries=8192 transfer_payload_slots=1
conn=0 lane=0 stream=0 failed=0 pending=0 inflight_count=64 inflight_slots=64 req_prod=4730 req_cons=4721 req_used=9 comp_prod=4666 comp_cons=4666 comp_ready=0 next_comp_sequence=4155 next_req_slot=122 next_req_slot_busy=0 payload_free_slots=5742 payload_lease_hwm=0 request_wake_armed=0 completion_wake_armed=1 request_publishes=4730 request_kicks=1 completion_kicks=15 has_capacity=1
conn=1 lane=1 stream=0 failed=0 pending=0 inflight_count=64 inflight_slots=64 req_prod=10432 req_cons=10432 req_used=0 comp_prod=10368 comp_cons=10368 comp_ready=0 next_comp_sequence=9857 next_req_slot=192 next_req_slot_busy=0 payload_free_slots=2959 payload_lease_hwm=0 request_wake_armed=0 completion_wake_armed=1 request_publishes=10432 request_kicks=2 completion_kicks=16 has_capacity=1
conn=2 lane=2 stream=0 failed=0 pending=0 inflight_count=64 inflight_slots=64 req_prod=5141 req_cons=5127 req_used=14 comp_prod=5077 comp_cons=5077 comp_ready=0 next_comp_sequence=4566 next_req_slot=21 next_req_slot_busy=0 payload_free_slots=5583 payload_lease_hwm=0 request_wake_armed=0 completion_wake_armed=1 request_publishes=5141 request_kicks=0 completion_kicks=14 has_capacity=1
conn=3 lane=3 stream=0 failed=0 pending=0 inflight_count=64 inflight_slots=64 req_prod=3079 req_cons=3051 req_used=28 comp_prod=3015 comp_cons=3015 comp_ready=0 next_comp_sequence=2504 next_req_slot=7 next_req_slot_busy=0 payload_free_slots=6592 payload_lease_hwm=0 request_wake_armed=0 completion_wake_armed=1 request_publishes=3079 request_kicks=0 completion_kicks=37 has_capacity=1
timestamp_ns=1784169769604602000
online=1 transport=shm total_conns=4 active_conns=4
shm=1 daemon_online=1 daemon_generation=1 global_submit_sequence=23415 ring_entries=512 payload_entries=8192 transfer_payload_slots=1
conn=0 lane=0 stream=0 failed=0 pending=0 inflight_count=64 inflight_slots=64 req_prod=4730 req_cons=4721 req_used=9 comp_prod=4666 comp_cons=4666 comp_ready=0 next_comp_sequence=4155 next_req_slot=122 next_req_slot_busy=0 payload_free_slots=5742 payload_lease_hwm=0 request_wake_armed=0 completion_wake_armed=1 request_publishes=4730 request_kicks=1 completion_kicks=15 has_capacity=1
conn=1 lane=1 stream=0 failed=0 pending=0 inflight_count=64 inflight_slots=64 req_prod=10432 req_cons=10432 req_used=0 comp_prod=10368 comp_cons=10368 comp_ready=0 next_comp_sequence=9857 next_req_slot=192 next_req_slot_busy=0 payload_free_slots=2959 payload_lease_hwm=0 request_wake_armed=0 completion_wake_armed=1 request_publishes=10432 request_kicks=2 completion_kicks=16 has_capacity=1
conn=2 lane=2 stream=0 failed=0 pending=0 inflight_count=63 inflight_slots=63 req_prod=5170 req_cons=5157 req_used=13 comp_prod=5110 comp_cons=5106 comp_ready=4 next_comp_sequence=5107 next_req_slot=50 next_req_slot_busy=0 payload_free_slots=5578 payload_lease_hwm=0 request_wake_armed=0 completion_wake_armed=0 request_publishes=5170 request_kicks=0 completion_kicks=16 has_capacity=1
conn=3 lane=3 stream=0 failed=0 pending=0 inflight_count=64 inflight_slots=64 req_prod=3083 req_cons=3051 req_used=32 comp_prod=3019 comp_cons=3019 comp_ready=0 next_comp_sequence=2508 next_req_slot=11 next_req_slot_busy=0 payload_free_slots=6592 payload_lease_hwm=0 request_wake_armed=0 completion_wake_armed=1 request_publishes=3083 request_kicks=0 completion_kicks=38 has_capacity=1
timestamp_ns=1784169769862283386
online=1 transport=shm total_conns=4 active_conns=4
shm=1 daemon_online=1 daemon_generation=1 global_submit_sequence=23594 ring_entries=512 payload_entries=8192 transfer_payload_slots=1
conn=0 lane=0 stream=0 failed=0 pending=0 inflight_count=64 inflight_slots=64 req_prod=4756 req_cons=4730 req_used=26 comp_prod=4692 comp_cons=4692 comp_ready=0 next_comp_sequence=4181 next_req_slot=148 next_req_slot_busy=0 payload_free_slots=5735 payload_lease_hwm=0 request_wake_armed=0 completion_wake_armed=1 request_publishes=4756 request_kicks=1 completion_kicks=16 has_capacity=1
conn=1 lane=1 stream=0 failed=0 pending=0 inflight_count=64 inflight_slots=64 req_prod=10528 req_cons=10464 req_used=64 comp_prod=10464 comp_cons=10464 comp_ready=0 next_comp_sequence=9953 next_req_slot=288 next_req_slot_busy=0 payload_free_slots=2940 payload_lease_hwm=0 request_wake_armed=0 completion_wake_armed=1 request_publishes=10528 request_kicks=2 completion_kicks=17 has_capacity=1
conn=2 lane=2 stream=0 failed=0 pending=0 inflight_count=64 inflight_slots=64 req_prod=5186 req_cons=5170 req_used=16 comp_prod=5122 comp_cons=5122 comp_ready=0 next_comp_sequence=4611 next_req_slot=66 next_req_slot_busy=0 payload_free_slots=5566 payload_lease_hwm=0 request_wake_armed=0 completion_wake_armed=1 request_publishes=5186 request_kicks=0 completion_kicks=16 has_capacity=1
conn=3 lane=3 stream=0 failed=0 pending=0 inflight_count=64 inflight_slots=64 req_prod=3124 req_cons=3110 req_used=14 comp_prod=3060 comp_cons=3060 comp_ready=0 next_comp_sequence=2549 next_req_slot=52 next_req_slot_busy=0 payload_free_slots=6567 payload_lease_hwm=0 request_wake_armed=0 completion_wake_armed=1 request_publishes=3124 request_kicks=0 completion_kicks=39 has_capacity=1
timestamp_ns=1784169770119945234
online=1 transport=shm total_conns=4 active_conns=4
shm=1 daemon_online=1 daemon_generation=1 global_submit_sequence=23594 ring_entries=512 payload_entries=8192 transfer_payload_slots=1
conn=0 lane=0 stream=0 failed=0 pending=0 inflight_count=64 inflight_slots=64 req_prod=4756 req_cons=4730 req_used=26 comp_prod=4692 comp_cons=4692 comp_ready=0 next_comp_sequence=4181 next_req_slot=148 next_req_slot_busy=0 payload_free_slots=5735 payload_lease_hwm=0 request_wake_armed=0 completion_wake_armed=1 request_publishes=4756 request_kicks=1 completion_kicks=16 has_capacity=1
conn=1 lane=1 stream=0 failed=0 pending=0 inflight_count=64 inflight_slots=64 req_prod=10528 req_cons=10464 req_used=64 comp_prod=10464 comp_cons=10464 comp_ready=0 next_comp_sequence=9953 next_req_slot=288 next_req_slot_busy=0 payload_free_slots=2940 payload_lease_hwm=0 request_wake_armed=0 completion_wake_armed=1 request_publishes=10528 request_kicks=2 completion_kicks=17 has_capacity=1
conn=2 lane=2 stream=0 failed=0 pending=0 inflight_count=64 inflight_slots=64 req_prod=5186 req_cons=5170 req_used=16 comp_prod=5122 comp_cons=5122 comp_ready=0 next_comp_sequence=4611 next_req_slot=66 next_req_slot_busy=0 payload_free_slots=5566 payload_lease_hwm=0 request_wake_armed=0 completion_wake_armed=1 request_publishes=5186 request_kicks=0 completion_kicks=16 has_capacity=1
conn=3 lane=3 stream=0 failed=0 pending=0 inflight_count=64 inflight_slots=64 req_prod=3124 req_cons=3110 req_used=14 comp_prod=3060 comp_cons=3060 comp_ready=0 next_comp_sequence=2549 next_req_slot=52 next_req_slot_busy=0 payload_free_slots=6567 payload_lease_hwm=0 request_wake_armed=0 completion_wake_armed=1 request_publishes=3124 request_kicks=0 completion_kicks=39 has_capacity=1
timestamp_ns=1784169770377516471
online=1 transport=shm total_conns=4 active_conns=4
shm=1 daemon_online=1 daemon_generation=1 global_submit_sequence=23613 ring_entries=512 payload_entries=8192 transfer_payload_slots=1
conn=0 lane=0 stream=0 failed=0 pending=0 inflight_count=64 inflight_slots=64 req_prod=4756 req_cons=4730 req_used=26 comp_prod=4692 comp_cons=4692 comp_ready=0 next_comp_sequence=4181 next_req_slot=148 next_req_slot_busy=0 payload_free_slots=5735 payload_lease_hwm=0 request_wake_armed=0 completion_wake_armed=1 request_publishes=4756 request_kicks=1 completion_kicks=16 has_capacity=1
conn=1 lane=1 stream=0 failed=0 pending=0 inflight_count=64 inflight_slots=64 req_prod=10528 req_cons=10464 req_used=64 comp_prod=10464 comp_cons=10464 comp_ready=0 next_comp_sequence=9953 next_req_slot=288 next_req_slot_busy=0 payload_free_slots=2940 payload_lease_hwm=0 request_wake_armed=0 completion_wake_armed=1 request_publishes=10528 request_kicks=2 completion_kicks=17 has_capacity=1
conn=2 lane=2 stream=0 failed=0 pending=0 inflight_count=64 inflight_slots=64 req_prod=5186 req_cons=5170 req_used=16 comp_prod=5122 comp_cons=5122 comp_ready=0 next_comp_sequence=4611 next_req_slot=66 next_req_slot_busy=0 payload_free_slots=5566 payload_lease_hwm=0 request_wake_armed=0 completion_wake_armed=1 request_publishes=5186 request_kicks=0 completion_kicks=16 has_capacity=1
conn=3 lane=3 stream=0 failed=0 pending=0 inflight_count=64 inflight_slots=64 req_prod=3143 req_cons=3124 req_used=19 comp_prod=3079 comp_cons=3079 comp_ready=0 next_comp_sequence=2568 next_req_slot=71 next_req_slot_busy=0 payload_free_slots=6558 payload_lease_hwm=0 request_wake_armed=0 completion_wake_armed=1 request_publishes=3143 request_kicks=0 completion_kicks=40 has_capacity=1
timestamp_ns=1784169770635435290
online=1 transport=shm total_conns=4 active_conns=4
shm=1 daemon_online=1 daemon_generation=1 global_submit_sequence=23837 ring_entries=512 payload_entries=8192 transfer_payload_slots=1
conn=0 lane=0 stream=0 failed=0 pending=0 inflight_count=64 inflight_slots=64 req_prod=4756 req_cons=4730 req_used=26 comp_prod=4692 comp_cons=4692 comp_ready=0 next_comp_sequence=4181 next_req_slot=148 next_req_slot_busy=0 payload_free_slots=5735 payload_lease_hwm=0 request_wake_armed=0 completion_wake_armed=1 request_publishes=4756 request_kicks=1 completion_kicks=16 has_capacity=1
conn=1 lane=1 stream=0 failed=0 pending=0 inflight_count=64 inflight_slots=64 req_prod=10698 req_cons=10634 req_used=64 comp_prod=10634 comp_cons=10634 comp_ready=0 next_comp_sequence=10123 next_req_slot=458 next_req_slot_busy=0 payload_free_slots=2851 payload_lease_hwm=0 request_wake_armed=0 completion_wake_armed=1 request_publishes=10698 request_kicks=2 completion_kicks=18 has_capacity=1
conn=2 lane=2 stream=0 failed=0 pending=0 inflight_count=64 inflight_slots=64 req_prod=5222 req_cons=5203 req_used=19 comp_prod=5158 comp_cons=5158 comp_ready=0 next_comp_sequence=4647 next_req_slot=102 next_req_slot_busy=0 payload_free_slots=5550 payload_lease_hwm=0 request_wake_armed=0 completion_wake_armed=1 request_publishes=5222 request_kicks=0 completion_kicks=17 has_capacity=1
conn=3 lane=3 stream=0 failed=0 pending=0 inflight_count=64 inflight_slots=64 req_prod=3161 req_cons=3149 req_used=12 comp_prod=3097 comp_cons=3097 comp_ready=0 next_comp_sequence=2586 next_req_slot=89 next_req_slot_busy=0 payload_free_slots=6546 payload_lease_hwm=0 request_wake_armed=0 completion_wake_armed=1 request_publishes=3161 request_kicks=0 completion_kicks=41 has_capacity=1
timestamp_ns=1784169770893230046
online=1 transport=shm total_conns=4 active_conns=4
shm=1 daemon_online=1 daemon_generation=1 global_submit_sequence=23876 ring_entries=512 payload_entries=8192 transfer_payload_slots=1
conn=0 lane=0 stream=0 failed=0 pending=0 inflight_count=64 inflight_slots=64 req_prod=4756 req_cons=4730 req_used=26 comp_prod=4692 comp_cons=4692 comp_ready=0 next_comp_sequence=4181 next_req_slot=148 next_req_slot_busy=0 payload_free_slots=5735 payload_lease_hwm=0 request_wake_armed=0 completion_wake_armed=1 request_publishes=4756 request_kicks=1 completion_kicks=16 has_capacity=1
conn=1 lane=1 stream=0 failed=0 pending=0 inflight_count=64 inflight_slots=64 req_prod=10698 req_cons=10634 req_used=64 comp_prod=10634 comp_cons=10634 comp_ready=0 next_comp_sequence=10123 next_req_slot=458 next_req_slot_busy=0 payload_free_slots=2851 payload_lease_hwm=0 request_wake_armed=0 completion_wake_armed=1 request_publishes=10698 request_kicks=2 completion_kicks=18 has_capacity=1
conn=2 lane=2 stream=0 failed=0 pending=0 inflight_count=64 inflight_slots=64 req_prod=5237 req_cons=5222 req_used=15 comp_prod=5173 comp_cons=5173 comp_ready=0 next_comp_sequence=4662 next_req_slot=117 next_req_slot_busy=0 payload_free_slots=5543 payload_lease_hwm=0 request_wake_armed=0 completion_wake_armed=1 request_publishes=5237 request_kicks=0 completion_kicks=18 has_capacity=1
conn=3 lane=3 stream=0 failed=0 pending=0 inflight_count=64 inflight_slots=64 req_prod=3185 req_cons=3161 req_used=24 comp_prod=3121 comp_cons=3121 comp_ready=0 next_comp_sequence=2610 next_req_slot=113 next_req_slot_busy=0 payload_free_slots=6540 payload_lease_hwm=0 request_wake_armed=0 completion_wake_armed=1 request_publishes=3185 request_kicks=0 completion_kicks=42 has_capacity=1
timestamp_ns=1784169771151064710
online=1 transport=shm total_conns=4 active_conns=4
shm=1 daemon_online=1 daemon_generation=1 global_submit_sequence=24216 ring_entries=512 payload_entries=8192 transfer_payload_slots=1
conn=0 lane=0 stream=0 failed=0 pending=0 inflight_count=64 inflight_slots=64 req_prod=4756 req_cons=4730 req_used=26 comp_prod=4692 comp_cons=4692 comp_ready=0 next_comp_sequence=4181 next_req_slot=148 next_req_slot_busy=0 payload_free_slots=5735 payload_lease_hwm=0 request_wake_armed=0 completion_wake_armed=1 request_publishes=4756 request_kicks=1 completion_kicks=16 has_capacity=1
conn=1 lane=1 stream=0 failed=0 pending=0 inflight_count=64 inflight_slots=64 req_prod=11007 req_cons=11007 req_used=0 comp_prod=10943 comp_cons=10943 comp_ready=0 next_comp_sequence=10432 next_req_slot=255 next_req_slot_busy=0 payload_free_slots=2665 payload_lease_hwm=0 request_wake_armed=0 completion_wake_armed=1 request_publishes=11007 request_kicks=2 completion_kicks=19 has_capacity=1
conn=2 lane=2 stream=0 failed=0 pending=0 inflight_count=64 inflight_slots=64 req_prod=5268 req_cons=5268 req_used=0 comp_prod=5204 comp_cons=5204 comp_ready=0 next_comp_sequence=4693 next_req_slot=148 next_req_slot_busy=0 payload_free_slots=5525 payload_lease_hwm=0 request_wake_armed=0 completion_wake_armed=1 request_publishes=5268 request_kicks=0 completion_kicks=19 has_capacity=1
conn=3 lane=3 stream=0 failed=0 pending=0 inflight_count=64 inflight_slots=64 req_prod=3185 req_cons=3161 req_used=24 comp_prod=3121 comp_cons=3121 comp_ready=0 next_comp_sequence=2610 next_req_slot=113 next_req_slot_busy=0 payload_free_slots=6540 payload_lease_hwm=0 request_wake_armed=0 completion_wake_armed=1 request_publishes=3185 request_kicks=0 completion_kicks=42 has_capacity=1
timestamp_ns=1784169771408657091
online=1 transport=shm total_conns=4 active_conns=4
shm=1 daemon_online=1 daemon_generation=1 global_submit_sequence=24216 ring_entries=512 payload_entries=8192 transfer_payload_slots=1
conn=0 lane=0 stream=0 failed=0 pending=0 inflight_count=64 inflight_slots=64 req_prod=4756 req_cons=4730 req_used=26 comp_prod=4692 comp_cons=4692 comp_ready=0 next_comp_sequence=4181 next_req_slot=148 next_req_slot_busy=0 payload_free_slots=5735 payload_lease_hwm=0 request_wake_armed=0 completion_wake_armed=1 request_publishes=4756 request_kicks=1 completion_kicks=16 has_capacity=1
conn=1 lane=1 stream=0 failed=0 pending=0 inflight_count=64 inflight_slots=64 req_prod=11007 req_cons=11007 req_used=0 comp_prod=10943 comp_cons=10943 comp_ready=0 next_comp_sequence=10432 next_req_slot=255 next_req_slot_busy=0 payload_free_slots=2665 payload_lease_hwm=0 request_wake_armed=0 completion_wake_armed=1 request_publishes=11007 request_kicks=2 completion_kicks=19 has_capacity=1
conn=2 lane=2 stream=0 failed=0 pending=0 inflight_count=64 inflight_slots=64 req_prod=5268 req_cons=5268 req_used=0 comp_prod=5204 comp_cons=5204 comp_ready=0 next_comp_sequence=4693 next_req_slot=148 next_req_slot_busy=0 payload_free_slots=5525 payload_lease_hwm=0 request_wake_armed=0 completion_wake_armed=1 request_publishes=5268 request_kicks=0 completion_kicks=19 has_capacity=1
conn=3 lane=3 stream=0 failed=0 pending=0 inflight_count=64 inflight_slots=64 req_prod=3185 req_cons=3161 req_used=24 comp_prod=3121 comp_cons=3121 comp_ready=0 next_comp_sequence=2610 next_req_slot=113 next_req_slot_busy=0 payload_free_slots=6540 payload_lease_hwm=0 request_wake_armed=0 completion_wake_armed=1 request_publishes=3185 request_kicks=0 completion_kicks=42 has_capacity=1
timestamp_ns=1784169771666162262
online=1 transport=shm total_conns=4 active_conns=4
shm=1 daemon_online=1 daemon_generation=1 global_submit_sequence=24255 ring_entries=512 payload_entries=8192 transfer_payload_slots=1
conn=0 lane=0 stream=0 failed=0 pending=0 inflight_count=64 inflight_slots=64 req_prod=4756 req_cons=4730 req_used=26 comp_prod=4692 comp_cons=4692 comp_ready=0 next_comp_sequence=4181 next_req_slot=148 next_req_slot_busy=0 payload_free_slots=5735 payload_lease_hwm=0 request_wake_armed=0 completion_wake_armed=1 request_publishes=4756 request_kicks=1 completion_kicks=16 has_capacity=1
conn=1 lane=1 stream=0 failed=0 pending=0 inflight_count=64 inflight_slots=64 req_prod=11007 req_cons=11007 req_used=0 comp_prod=10943 comp_cons=10943 comp_ready=0 next_comp_sequence=10432 next_req_slot=255 next_req_slot_busy=0 payload_free_slots=2665 payload_lease_hwm=0 request_wake_armed=0 completion_wake_armed=1 request_publishes=11007 request_kicks=2 completion_kicks=19 has_capacity=1
conn=2 lane=2 stream=0 failed=0 pending=0 inflight_count=64 inflight_slots=64 req_prod=5268 req_cons=5268 req_used=0 comp_prod=5204 comp_cons=5204 comp_ready=0 next_comp_sequence=4693 next_req_slot=148 next_req_slot_busy=0 payload_free_slots=5525 payload_lease_hwm=0 request_wake_armed=0 completion_wake_armed=1 request_publishes=5268 request_kicks=0 completion_kicks=19 has_capacity=1
conn=3 lane=3 stream=0 failed=0 pending=0 inflight_count=64 inflight_slots=64 req_prod=3224 req_cons=3201 req_used=23 comp_prod=3160 comp_cons=3160 comp_ready=0 next_comp_sequence=2649 next_req_slot=152 next_req_slot_busy=0 payload_free_slots=6519 payload_lease_hwm=0 request_wake_armed=0 completion_wake_armed=1 request_publishes=3224 request_kicks=0 completion_kicks=43 has_capacity=1
timestamp_ns=1784169771923807895
online=1 transport=shm total_conns=4 active_conns=4
shm=1 daemon_online=1 daemon_generation=1 global_submit_sequence=24274 ring_entries=512 payload_entries=8192 transfer_payload_slots=1
conn=0 lane=0 stream=0 failed=0 pending=0 inflight_count=64 inflight_slots=64 req_prod=4756 req_cons=4730 req_used=26 comp_prod=4692 comp_cons=4692 comp_ready=0 next_comp_sequence=4181 next_req_slot=148 next_req_slot_busy=0 payload_free_slots=5735 payload_lease_hwm=0 request_wake_armed=0 completion_wake_armed=1 request_publishes=4756 request_kicks=1 completion_kicks=16 has_capacity=1
conn=1 lane=1 stream=0 failed=0 pending=0 inflight_count=64 inflight_slots=64 req_prod=11007 req_cons=11007 req_used=0 comp_prod=10943 comp_cons=10943 comp_ready=0 next_comp_sequence=10432 next_req_slot=255 next_req_slot_busy=0 payload_free_slots=2665 payload_lease_hwm=0 request_wake_armed=0 completion_wake_armed=1 request_publishes=11007 request_kicks=2 completion_kicks=19 has_capacity=1
conn=2 lane=2 stream=0 failed=0 pending=0 inflight_count=64 inflight_slots=64 req_prod=5268 req_cons=5268 req_used=0 comp_prod=5204 comp_cons=5204 comp_ready=0 next_comp_sequence=4693 next_req_slot=148 next_req_slot_busy=0 payload_free_slots=5525 payload_lease_hwm=0 request_wake_armed=0 completion_wake_armed=1 request_publishes=5268 request_kicks=0 completion_kicks=19 has_capacity=1
conn=3 lane=3 stream=0 failed=0 pending=0 inflight_count=64 inflight_slots=64 req_prod=3243 req_cons=3224 req_used=19 comp_prod=3179 comp_cons=3179 comp_ready=0 next_comp_sequence=2668 next_req_slot=171 next_req_slot_busy=0 payload_free_slots=6505 payload_lease_hwm=0 request_wake_armed=0 completion_wake_armed=1 request_publishes=3243 request_kicks=0 completion_kicks=44 has_capacity=1
timestamp_ns=1784169772181327129
online=1 transport=shm total_conns=4 active_conns=4
shm=1 daemon_online=1 daemon_generation=1 global_submit_sequence=24316 ring_entries=512 payload_entries=8192 transfer_payload_slots=1
conn=0 lane=0 stream=0 failed=0 pending=0 inflight_count=64 inflight_slots=64 req_prod=4756 req_cons=4730 req_used=26 comp_prod=4692 comp_cons=4692 comp_ready=0 next_comp_sequence=4181 next_req_slot=148 next_req_slot_busy=0 payload_free_slots=5735 payload_lease_hwm=0 request_wake_armed=0 completion_wake_armed=1 request_publishes=4756 request_kicks=1 completion_kicks=16 has_capacity=1
conn=1 lane=1 stream=0 failed=0 pending=0 inflight_count=64 inflight_slots=64 req_prod=11007 req_cons=11007 req_used=0 comp_prod=10943 comp_cons=10943 comp_ready=0 next_comp_sequence=10432 next_req_slot=255 next_req_slot_busy=0 payload_free_slots=2665 payload_lease_hwm=0 request_wake_armed=0 completion_wake_armed=1 request_publishes=11007 request_kicks=2 completion_kicks=19 has_capacity=1
conn=2 lane=2 stream=0 failed=0 pending=0 inflight_count=64 inflight_slots=64 req_prod=5268 req_cons=5268 req_used=0 comp_prod=5204 comp_cons=5204 comp_ready=0 next_comp_sequence=4693 next_req_slot=148 next_req_slot_busy=0 payload_free_slots=5525 payload_lease_hwm=0 request_wake_armed=0 completion_wake_armed=1 request_publishes=5268 request_kicks=0 completion_kicks=19 has_capacity=1
conn=3 lane=3 stream=0 failed=0 pending=0 inflight_count=64 inflight_slots=64 req_prod=3285 req_cons=3262 req_used=23 comp_prod=3221 comp_cons=3221 comp_ready=0 next_comp_sequence=2710 next_req_slot=213 next_req_slot_busy=0 payload_free_slots=6483 payload_lease_hwm=0 request_wake_armed=0 completion_wake_armed=1 request_publishes=3285 request_kicks=0 completion_kicks=45 has_capacity=1
timestamp_ns=1784169772438950188
online=1 transport=shm total_conns=4 active_conns=4
shm=1 daemon_online=1 daemon_generation=1 global_submit_sequence=24353 ring_entries=512 payload_entries=8192 transfer_payload_slots=1
conn=0 lane=0 stream=0 failed=0 pending=0 inflight_count=64 inflight_slots=64 req_prod=4793 req_cons=4756 req_used=37 comp_prod=4729 comp_cons=4729 comp_ready=0 next_comp_sequence=4218 next_req_slot=185 next_req_slot_busy=0 payload_free_slots=5720 payload_lease_hwm=0 request_wake_armed=0 completion_wake_armed=1 request_publishes=4793 request_kicks=1 completion_kicks=17 has_capacity=1
conn=1 lane=1 stream=0 failed=0 pending=0 inflight_count=64 inflight_slots=64 req_prod=11007 req_cons=11007 req_used=0 comp_prod=10943 comp_cons=10943 comp_ready=0 next_comp_sequence=10432 next_req_slot=255 next_req_slot_busy=0 payload_free_slots=2665 payload_lease_hwm=0 request_wake_armed=0 completion_wake_armed=1 request_publishes=11007 request_kicks=2 completion_kicks=19 has_capacity=1
conn=2 lane=2 stream=0 failed=0 pending=0 inflight_count=64 inflight_slots=64 req_prod=5268 req_cons=5268 req_used=0 comp_prod=5204 comp_cons=5204 comp_ready=0 next_comp_sequence=4693 next_req_slot=148 next_req_slot_busy=0 payload_free_slots=5525 payload_lease_hwm=0 request_wake_armed=0 completion_wake_armed=1 request_publishes=5268 request_kicks=0 completion_kicks=19 has_capacity=1
conn=3 lane=3 stream=0 failed=0 pending=0 inflight_count=64 inflight_slots=64 req_prod=3285 req_cons=3262 req_used=23 comp_prod=3221 comp_cons=3221 comp_ready=0 next_comp_sequence=2710 next_req_slot=213 next_req_slot_busy=0 payload_free_slots=6483 payload_lease_hwm=0 request_wake_armed=0 completion_wake_armed=1 request_publishes=3285 request_kicks=0 completion_kicks=45 has_capacity=1
timestamp_ns=1784169772696719879
online=1 transport=shm total_conns=4 active_conns=4
shm=1 daemon_online=1 daemon_generation=1 global_submit_sequence=24353 ring_entries=512 payload_entries=8192 transfer_payload_slots=1
conn=0 lane=0 stream=0 failed=0 pending=0 inflight_count=64 inflight_slots=64 req_prod=4793 req_cons=4756 req_used=37 comp_prod=4729 comp_cons=4729 comp_ready=0 next_comp_sequence=4218 next_req_slot=185 next_req_slot_busy=0 payload_free_slots=5720 payload_lease_hwm=0 request_wake_armed=0 completion_wake_armed=1 request_publishes=4793 request_kicks=1 completion_kicks=17 has_capacity=1
conn=1 lane=1 stream=0 failed=0 pending=0 inflight_count=64 inflight_slots=64 req_prod=11007 req_cons=11007 req_used=0 comp_prod=10943 comp_cons=10943 comp_ready=0 next_comp_sequence=10432 next_req_slot=255 next_req_slot_busy=0 payload_free_slots=2665 payload_lease_hwm=0 request_wake_armed=0 completion_wake_armed=1 request_publishes=11007 request_kicks=2 completion_kicks=19 has_capacity=1
conn=2 lane=2 stream=0 failed=0 pending=0 inflight_count=64 inflight_slots=64 req_prod=5268 req_cons=5268 req_used=0 comp_prod=5204 comp_cons=5204 comp_ready=0 next_comp_sequence=4693 next_req_slot=148 next_req_slot_busy=0 payload_free_slots=5525 payload_lease_hwm=0 request_wake_armed=0 completion_wake_armed=1 request_publishes=5268 request_kicks=0 completion_kicks=19 has_capacity=1
conn=3 lane=3 stream=0 failed=0 pending=0 inflight_count=64 inflight_slots=64 req_prod=3285 req_cons=3262 req_used=23 comp_prod=3221 comp_cons=3221 comp_ready=0 next_comp_sequence=2710 next_req_slot=213 next_req_slot_busy=0 payload_free_slots=6483 payload_lease_hwm=0 request_wake_armed=0 completion_wake_armed=1 request_publishes=3285 request_kicks=0 completion_kicks=45 has_capacity=1
timestamp_ns=1784169772955121185
online=1 transport=shm total_conns=4 active_conns=4
shm=1 daemon_online=1 daemon_generation=1 global_submit_sequence=24687 ring_entries=512 payload_entries=8192 transfer_payload_slots=1
conn=0 lane=0 stream=0 failed=0 pending=0 inflight_count=64 inflight_slots=64 req_prod=4815 req_cons=4797 req_used=18 comp_prod=4751 comp_cons=4751 comp_ready=0 next_comp_sequence=4240 next_req_slot=207 next_req_slot_busy=0 payload_free_slots=5704 payload_lease_hwm=0 request_wake_armed=0 completion_wake_armed=1 request_publishes=4815 request_kicks=1 completion_kicks=18 has_capacity=1
conn=1 lane=1 stream=0 failed=0 pending=0 inflight_count=64 inflight_slots=64 req_prod=11257 req_cons=11193 req_used=64 comp_prod=11193 comp_cons=11193 comp_ready=0 next_comp_sequence=10682 next_req_slot=505 next_req_slot_busy=0 payload_free_slots=2579 payload_lease_hwm=0 request_wake_armed=0 completion_wake_armed=1 request_publishes=11257 request_kicks=2 completion_kicks=20 has_capacity=1
conn=2 lane=2 stream=0 failed=0 pending=0 inflight_count=64 inflight_slots=64 req_prod=5268 req_cons=5268 req_used=0 comp_prod=5204 comp_cons=5204 comp_ready=0 next_comp_sequence=4693 next_req_slot=148 next_req_slot_busy=0 payload_free_slots=5525 payload_lease_hwm=0 request_wake_armed=0 completion_wake_armed=1 request_publishes=5268 request_kicks=0 completion_kicks=19 has_capacity=1
conn=3 lane=3 stream=0 failed=0 pending=0 inflight_count=64 inflight_slots=64 req_prod=3347 req_cons=3329 req_used=18 comp_prod=3283 comp_cons=3283 comp_ready=0 next_comp_sequence=2772 next_req_slot=275 next_req_slot_busy=0 payload_free_slots=6447 payload_lease_hwm=0 request_wake_armed=0 completion_wake_armed=1 request_publishes=3347 request_kicks=0 completion_kicks=47 has_capacity=1
timestamp_ns=1784169773214278357
online=1 transport=shm total_conns=4 active_conns=4
shm=1 daemon_online=1 daemon_generation=1 global_submit_sequence=24687 ring_entries=512 payload_entries=8192 transfer_payload_slots=1
conn=0 lane=0 stream=0 failed=0 pending=0 inflight_count=64 inflight_slots=64 req_prod=4815 req_cons=4797 req_used=18 comp_prod=4751 comp_cons=4751 comp_ready=0 next_comp_sequence=4240 next_req_slot=207 next_req_slot_busy=0 payload_free_slots=5704 payload_lease_hwm=0 request_wake_armed=0 completion_wake_armed=1 request_publishes=4815 request_kicks=1 completion_kicks=18 has_capacity=1
conn=1 lane=1 stream=0 failed=0 pending=0 inflight_count=64 inflight_slots=64 req_prod=11257 req_cons=11193 req_used=64 comp_prod=11193 comp_cons=11193 comp_ready=0 next_comp_sequence=10682 next_req_slot=505 next_req_slot_busy=0 payload_free_slots=2579 payload_lease_hwm=0 request_wake_armed=0 completion_wake_armed=1 request_publishes=11257 request_kicks=2 completion_kicks=20 has_capacity=1
conn=2 lane=2 stream=0 failed=0 pending=0 inflight_count=64 inflight_slots=64 req_prod=5268 req_cons=5268 req_used=0 comp_prod=5204 comp_cons=5204 comp_ready=0 next_comp_sequence=4693 next_req_slot=148 next_req_slot_busy=0 payload_free_slots=5525 payload_lease_hwm=0 request_wake_armed=0 completion_wake_armed=1 request_publishes=5268 request_kicks=0 completion_kicks=19 has_capacity=1
conn=3 lane=3 stream=0 failed=0 pending=0 inflight_count=64 inflight_slots=64 req_prod=3347 req_cons=3329 req_used=18 comp_prod=3283 comp_cons=3283 comp_ready=0 next_comp_sequence=2772 next_req_slot=275 next_req_slot_busy=0 payload_free_slots=6447 payload_lease_hwm=0 request_wake_armed=0 completion_wake_armed=1 request_publishes=3347 request_kicks=0 completion_kicks=47 has_capacity=1
timestamp_ns=1784169773472251903
online=1 transport=shm total_conns=4 active_conns=4
shm=1 daemon_online=1 daemon_generation=1 global_submit_sequence=24708 ring_entries=512 payload_entries=8192 transfer_payload_slots=1
conn=0 lane=0 stream=0 failed=0 pending=0 inflight_count=64 inflight_slots=64 req_prod=4815 req_cons=4797 req_used=18 comp_prod=4751 comp_cons=4751 comp_ready=0 next_comp_sequence=4240 next_req_slot=207 next_req_slot_busy=0 payload_free_slots=5704 payload_lease_hwm=0 request_wake_armed=0 completion_wake_armed=1 request_publishes=4815 request_kicks=1 completion_kicks=18 has_capacity=1
conn=1 lane=1 stream=0 failed=0 pending=0 inflight_count=64 inflight_slots=64 req_prod=11257 req_cons=11193 req_used=64 comp_prod=11193 comp_cons=11193 comp_ready=0 next_comp_sequence=10682 next_req_slot=505 next_req_slot_busy=0 payload_free_slots=2579 payload_lease_hwm=0 request_wake_armed=0 completion_wake_armed=1 request_publishes=11257 request_kicks=2 completion_kicks=20 has_capacity=1
conn=2 lane=2 stream=0 failed=0 pending=0 inflight_count=64 inflight_slots=64 req_prod=5268 req_cons=5268 req_used=0 comp_prod=5204 comp_cons=5204 comp_ready=0 next_comp_sequence=4693 next_req_slot=148 next_req_slot_busy=0 payload_free_slots=5525 payload_lease_hwm=0 request_wake_armed=0 completion_wake_armed=1 request_publishes=5268 request_kicks=0 completion_kicks=19 has_capacity=1
conn=3 lane=3 stream=0 failed=0 pending=0 inflight_count=64 inflight_slots=64 req_prod=3368 req_cons=3347 req_used=21 comp_prod=3304 comp_cons=3304 comp_ready=0 next_comp_sequence=2793 next_req_slot=296 next_req_slot_busy=0 payload_free_slots=6436 payload_lease_hwm=0 request_wake_armed=0 completion_wake_armed=1 request_publishes=3368 request_kicks=0 completion_kicks=48 has_capacity=1
timestamp_ns=1784169773729842991
online=1 transport=shm total_conns=4 active_conns=4
shm=1 daemon_online=1 daemon_generation=1 global_submit_sequence=24718 ring_entries=512 payload_entries=8192 transfer_payload_slots=1
conn=0 lane=0 stream=0 failed=0 pending=0 inflight_count=64 inflight_slots=64 req_prod=4815 req_cons=4797 req_used=18 comp_prod=4751 comp_cons=4751 comp_ready=0 next_comp_sequence=4240 next_req_slot=207 next_req_slot_busy=0 payload_free_slots=5704 payload_lease_hwm=0 request_wake_armed=0 completion_wake_armed=1 request_publishes=4815 request_kicks=1 completion_kicks=18 has_capacity=1
conn=1 lane=1 stream=0 failed=0 pending=0 inflight_count=64 inflight_slots=64 req_prod=11257 req_cons=11193 req_used=64 comp_prod=11193 comp_cons=11193 comp_ready=0 next_comp_sequence=10682 next_req_slot=505 next_req_slot_busy=0 payload_free_slots=2579 payload_lease_hwm=0 request_wake_armed=0 completion_wake_armed=1 request_publishes=11257 request_kicks=2 completion_kicks=20 has_capacity=1
conn=2 lane=2 stream=0 failed=0 pending=0 inflight_count=64 inflight_slots=64 req_prod=5268 req_cons=5268 req_used=0 comp_prod=5204 comp_cons=5204 comp_ready=0 next_comp_sequence=4693 next_req_slot=148 next_req_slot_busy=0 payload_free_slots=5525 payload_lease_hwm=0 request_wake_armed=0 completion_wake_armed=1 request_publishes=5268 request_kicks=0 completion_kicks=19 has_capacity=1
conn=3 lane=3 stream=0 failed=0 pending=0 inflight_count=64 inflight_slots=64 req_prod=3378 req_cons=3361 req_used=17 comp_prod=3314 comp_cons=3314 comp_ready=0 next_comp_sequence=2803 next_req_slot=306 next_req_slot_busy=0 payload_free_slots=6434 payload_lease_hwm=0 request_wake_armed=0 completion_wake_armed=1 request_publishes=3378 request_kicks=0 completion_kicks=49 has_capacity=1
timestamp_ns=1784169773987453760
online=1 transport=shm total_conns=4 active_conns=4
shm=1 daemon_online=1 daemon_generation=1 global_submit_sequence=24735 ring_entries=512 payload_entries=8192 transfer_payload_slots=1
conn=0 lane=0 stream=0 failed=0 pending=0 inflight_count=64 inflight_slots=64 req_prod=4815 req_cons=4797 req_used=18 comp_prod=4751 comp_cons=4751 comp_ready=0 next_comp_sequence=4240 next_req_slot=207 next_req_slot_busy=0 payload_free_slots=5704 payload_lease_hwm=0 request_wake_armed=0 completion_wake_armed=1 request_publishes=4815 request_kicks=1 completion_kicks=18 has_capacity=1
conn=1 lane=1 stream=0 failed=0 pending=0 inflight_count=64 inflight_slots=64 req_prod=11257 req_cons=11193 req_used=64 comp_prod=11193 comp_cons=11193 comp_ready=0 next_comp_sequence=10682 next_req_slot=505 next_req_slot_busy=0 payload_free_slots=2579 payload_lease_hwm=0 request_wake_armed=0 completion_wake_armed=1 request_publishes=11257 request_kicks=2 completion_kicks=20 has_capacity=1
conn=2 lane=2 stream=0 failed=0 pending=0 inflight_count=64 inflight_slots=64 req_prod=5268 req_cons=5268 req_used=0 comp_prod=5204 comp_cons=5204 comp_ready=0 next_comp_sequence=4693 next_req_slot=148 next_req_slot_busy=0 payload_free_slots=5525 payload_lease_hwm=0 request_wake_armed=0 completion_wake_armed=1 request_publishes=5268 request_kicks=0 completion_kicks=19 has_capacity=1
conn=3 lane=3 stream=0 failed=0 pending=0 inflight_count=64 inflight_slots=64 req_prod=3395 req_cons=3361 req_used=34 comp_prod=3331 comp_cons=3331 comp_ready=0 next_comp_sequence=2820 next_req_slot=323 next_req_slot_busy=0 payload_free_slots=6434 payload_lease_hwm=0 request_wake_armed=0 completion_wake_armed=1 request_publishes=3395 request_kicks=0 completion_kicks=50 has_capacity=1
timestamp_ns=1784169774244992258
online=1 transport=shm total_conns=4 active_conns=4
shm=1 daemon_online=1 daemon_generation=1 global_submit_sequence=24735 ring_entries=512 payload_entries=8192 transfer_payload_slots=1
conn=0 lane=0 stream=0 failed=0 pending=0 inflight_count=64 inflight_slots=64 req_prod=4815 req_cons=4797 req_used=18 comp_prod=4751 comp_cons=4751 comp_ready=0 next_comp_sequence=4240 next_req_slot=207 next_req_slot_busy=0 payload_free_slots=5704 payload_lease_hwm=0 request_wake_armed=0 completion_wake_armed=1 request_publishes=4815 request_kicks=1 completion_kicks=18 has_capacity=1
conn=1 lane=1 stream=0 failed=0 pending=0 inflight_count=64 inflight_slots=64 req_prod=11257 req_cons=11193 req_used=64 comp_prod=11193 comp_cons=11193 comp_ready=0 next_comp_sequence=10682 next_req_slot=505 next_req_slot_busy=0 payload_free_slots=2579 payload_lease_hwm=0 request_wake_armed=0 completion_wake_armed=1 request_publishes=11257 request_kicks=2 completion_kicks=20 has_capacity=1
conn=2 lane=2 stream=0 failed=0 pending=0 inflight_count=64 inflight_slots=64 req_prod=5268 req_cons=5268 req_used=0 comp_prod=5204 comp_cons=5204 comp_ready=0 next_comp_sequence=4693 next_req_slot=148 next_req_slot_busy=0 payload_free_slots=5525 payload_lease_hwm=0 request_wake_armed=0 completion_wake_armed=1 request_publishes=5268 request_kicks=0 completion_kicks=19 has_capacity=1
conn=3 lane=3 stream=0 failed=0 pending=0 inflight_count=64 inflight_slots=64 req_prod=3395 req_cons=3361 req_used=34 comp_prod=3331 comp_cons=3331 comp_ready=0 next_comp_sequence=2820 next_req_slot=323 next_req_slot_busy=0 payload_free_slots=6434 payload_lease_hwm=0 request_wake_armed=0 completion_wake_armed=1 request_publishes=3395 request_kicks=0 completion_kicks=50 has_capacity=1
timestamp_ns=1784169774502401084
online=1 transport=shm total_conns=4 active_conns=4
shm=1 daemon_online=1 daemon_generation=1 global_submit_sequence=24777 ring_entries=512 payload_entries=8192 transfer_payload_slots=1
conn=0 lane=0 stream=0 failed=0 pending=0 inflight_count=64 inflight_slots=64 req_prod=4843 req_cons=4825 req_used=18 comp_prod=4779 comp_cons=4779 comp_ready=0 next_comp_sequence=4268 next_req_slot=235 next_req_slot_busy=0 payload_free_slots=5687 payload_lease_hwm=0 request_wake_armed=0 completion_wake_armed=1 request_publishes=4843 request_kicks=1 completion_kicks=19 has_capacity=1
conn=1 lane=1 stream=0 failed=0 pending=0 inflight_count=64 inflight_slots=64 req_prod=11257 req_cons=11193 req_used=64 comp_prod=11193 comp_cons=11193 comp_ready=0 next_comp_sequence=10682 next_req_slot=505 next_req_slot_busy=0 payload_free_slots=2579 payload_lease_hwm=0 request_wake_armed=0 completion_wake_armed=1 request_publishes=11257 request_kicks=2 completion_kicks=20 has_capacity=1
conn=2 lane=2 stream=0 failed=0 pending=0 inflight_count=64 inflight_slots=64 req_prod=5268 req_cons=5268 req_used=0 comp_prod=5204 comp_cons=5204 comp_ready=0 next_comp_sequence=4693 next_req_slot=148 next_req_slot_busy=0 payload_free_slots=5525 payload_lease_hwm=0 request_wake_armed=0 completion_wake_armed=1 request_publishes=5268 request_kicks=0 completion_kicks=19 has_capacity=1
conn=3 lane=3 stream=0 failed=0 pending=0 inflight_count=64 inflight_slots=64 req_prod=3409 req_cons=3361 req_used=48 comp_prod=3345 comp_cons=3345 comp_ready=0 next_comp_sequence=2834 next_req_slot=337 next_req_slot_busy=0 payload_free_slots=6434 payload_lease_hwm=0 request_wake_armed=0 completion_wake_armed=1 request_publishes=3409 request_kicks=0 completion_kicks=51 has_capacity=1
timestamp_ns=1784169774759824311
online=1 transport=shm total_conns=4 active_conns=4
shm=1 daemon_online=1 daemon_generation=1 global_submit_sequence=24795 ring_entries=512 payload_entries=8192 transfer_payload_slots=1
conn=0 lane=0 stream=0 failed=0 pending=0 inflight_count=64 inflight_slots=64 req_prod=4855 req_cons=4843 req_used=12 comp_prod=4791 comp_cons=4791 comp_ready=0 next_comp_sequence=4280 next_req_slot=247 next_req_slot_busy=0 payload_free_slots=5679 payload_lease_hwm=0 request_wake_armed=0 completion_wake_armed=1 request_publishes=4855 request_kicks=1 completion_kicks=20 has_capacity=1
conn=1 lane=1 stream=0 failed=0 pending=0 inflight_count=64 inflight_slots=64 req_prod=11257 req_cons=11193 req_used=64 comp_prod=11193 comp_cons=11193 comp_ready=0 next_comp_sequence=10682 next_req_slot=505 next_req_slot_busy=0 payload_free_slots=2579 payload_lease_hwm=0 request_wake_armed=0 completion_wake_armed=1 request_publishes=11257 request_kicks=2 completion_kicks=20 has_capacity=1
conn=2 lane=2 stream=0 failed=0 pending=0 inflight_count=64 inflight_slots=64 req_prod=5268 req_cons=5268 req_used=0 comp_prod=5204 comp_cons=5204 comp_ready=0 next_comp_sequence=4693 next_req_slot=148 next_req_slot_busy=0 payload_free_slots=5525 payload_lease_hwm=0 request_wake_armed=0 completion_wake_armed=1 request_publishes=5268 request_kicks=0 completion_kicks=19 has_capacity=1
conn=3 lane=3 stream=0 failed=0 pending=0 inflight_count=64 inflight_slots=64 req_prod=3415 req_cons=3361 req_used=54 comp_prod=3351 comp_cons=3351 comp_ready=0 next_comp_sequence=2840 next_req_slot=343 next_req_slot_busy=0 payload_free_slots=6434 payload_lease_hwm=0 request_wake_armed=0 completion_wake_armed=1 request_publishes=3415 request_kicks=0 completion_kicks=52 has_capacity=1
timestamp_ns=1784169775017234453
online=1 transport=shm total_conns=4 active_conns=4
shm=1 daemon_online=1 daemon_generation=1 global_submit_sequence=24805 ring_entries=512 payload_entries=8192 transfer_payload_slots=1
conn=0 lane=0 stream=0 failed=0 pending=0 inflight_count=64 inflight_slots=64 req_prod=4855 req_cons=4843 req_used=12 comp_prod=4791 comp_cons=4791 comp_ready=0 next_comp_sequence=4280 next_req_slot=247 next_req_slot_busy=0 payload_free_slots=5679 payload_lease_hwm=0 request_wake_armed=0 completion_wake_armed=1 request_publishes=4855 request_kicks=1 completion_kicks=20 has_capacity=1
conn=1 lane=1 stream=0 failed=0 pending=0 inflight_count=64 inflight_slots=64 req_prod=11257 req_cons=11193 req_used=64 comp_prod=11193 comp_cons=11193 comp_ready=0 next_comp_sequence=10682 next_req_slot=505 next_req_slot_busy=0 payload_free_slots=2579 payload_lease_hwm=0 request_wake_armed=0 completion_wake_armed=1 request_publishes=11257 request_kicks=2 completion_kicks=20 has_capacity=1
conn=2 lane=2 stream=0 failed=0 pending=0 inflight_count=64 inflight_slots=64 req_prod=5268 req_cons=5268 req_used=0 comp_prod=5204 comp_cons=5204 comp_ready=0 next_comp_sequence=4693 next_req_slot=148 next_req_slot_busy=0 payload_free_slots=5525 payload_lease_hwm=0 request_wake_armed=0 completion_wake_armed=1 request_publishes=5268 request_kicks=0 completion_kicks=19 has_capacity=1
conn=3 lane=3 stream=0 failed=0 pending=0 inflight_count=64 inflight_slots=64 req_prod=3425 req_cons=3361 req_used=64 comp_prod=3361 comp_cons=3361 comp_ready=0 next_comp_sequence=2850 next_req_slot=353 next_req_slot_busy=0 payload_free_slots=6434 payload_lease_hwm=0 request_wake_armed=0 completion_wake_armed=1 request_publishes=3425 request_kicks=0 completion_kicks=53 has_capacity=1
timestamp_ns=1784169775274558505
online=1 transport=shm total_conns=4 active_conns=4
shm=1 daemon_online=1 daemon_generation=1 global_submit_sequence=24805 ring_entries=512 payload_entries=8192 transfer_payload_slots=1
conn=0 lane=0 stream=0 failed=0 pending=0 inflight_count=64 inflight_slots=64 req_prod=4855 req_cons=4843 req_used=12 comp_prod=4791 comp_cons=4791 comp_ready=0 next_comp_sequence=4280 next_req_slot=247 next_req_slot_busy=0 payload_free_slots=5679 payload_lease_hwm=0 request_wake_armed=0 completion_wake_armed=1 request_publishes=4855 request_kicks=1 completion_kicks=20 has_capacity=1
conn=1 lane=1 stream=0 failed=0 pending=0 inflight_count=64 inflight_slots=64 req_prod=11257 req_cons=11193 req_used=64 comp_prod=11193 comp_cons=11193 comp_ready=0 next_comp_sequence=10682 next_req_slot=505 next_req_slot_busy=0 payload_free_slots=2579 payload_lease_hwm=0 request_wake_armed=0 completion_wake_armed=1 request_publishes=11257 request_kicks=2 completion_kicks=20 has_capacity=1
conn=2 lane=2 stream=0 failed=0 pending=0 inflight_count=64 inflight_slots=64 req_prod=5268 req_cons=5268 req_used=0 comp_prod=5204 comp_cons=5204 comp_ready=0 next_comp_sequence=4693 next_req_slot=148 next_req_slot_busy=0 payload_free_slots=5525 payload_lease_hwm=0 request_wake_armed=0 completion_wake_armed=1 request_publishes=5268 request_kicks=0 completion_kicks=19 has_capacity=1
conn=3 lane=3 stream=0 failed=0 pending=0 inflight_count=64 inflight_slots=64 req_prod=3425 req_cons=3361 req_used=64 comp_prod=3361 comp_cons=3361 comp_ready=0 next_comp_sequence=2850 next_req_slot=353 next_req_slot_busy=0 payload_free_slots=6434 payload_lease_hwm=0 request_wake_armed=0 completion_wake_armed=1 request_publishes=3425 request_kicks=0 completion_kicks=53 has_capacity=1
timestamp_ns=1784169775532414918
online=1 transport=shm total_conns=4 active_conns=4
shm=1 daemon_online=1 daemon_generation=1 global_submit_sequence=26447 ring_entries=512 payload_entries=8192 transfer_payload_slots=1
conn=0 lane=0 stream=0 failed=0 pending=0 inflight_count=64 inflight_slots=64 req_prod=4855 req_cons=4843 req_used=12 comp_prod=4791 comp_cons=4791 comp_ready=0 next_comp_sequence=4280 next_req_slot=247 next_req_slot_busy=0 payload_free_slots=5679 payload_lease_hwm=0 request_wake_armed=0 completion_wake_armed=1 request_publishes=4855 request_kicks=1 completion_kicks=20 has_capacity=1
conn=1 lane=1 stream=0 failed=0 pending=0 inflight_count=64 inflight_slots=64 req_prod=12826 req_cons=12826 req_used=0 comp_prod=12762 comp_cons=12762 comp_ready=0 next_comp_sequence=12251 next_req_slot=26 next_req_slot_busy=0 payload_free_slots=2560 payload_lease_hwm=0 request_wake_armed=0 completion_wake_armed=1 request_publishes=12826 request_kicks=2 completion_kicks=21 has_capacity=1
conn=2 lane=2 stream=0 failed=0 pending=0 inflight_count=64 inflight_slots=64 req_prod=5341 req_cons=5277 req_used=64 comp_prod=5277 comp_cons=5277 comp_ready=0 next_comp_sequence=4766 next_req_slot=221 next_req_slot_busy=0 payload_free_slots=5519 payload_lease_hwm=0 request_wake_armed=0 completion_wake_armed=1 request_publishes=5341 request_kicks=0 completion_kicks=20 has_capacity=1
conn=3 lane=3 stream=0 failed=0 pending=0 inflight_count=64 inflight_slots=64 req_prod=3425 req_cons=3425 req_used=0 comp_prod=3396 comp_cons=3361 comp_ready=35 next_comp_sequence=3362 next_req_slot=353 next_req_slot_busy=0 payload_free_slots=6434 payload_lease_hwm=0 request_wake_armed=0 completion_wake_armed=1 request_publishes=3425 request_kicks=0 completion_kicks=53 has_capacity=1
timestamp_ns=1784169775789769258
online=1 transport=shm total_conns=4 active_conns=4
shm=1 daemon_online=1 daemon_generation=1 global_submit_sequence=26447 ring_entries=512 payload_entries=8192 transfer_payload_slots=1
conn=0 lane=0 stream=0 failed=0 pending=0 inflight_count=64 inflight_slots=64 req_prod=4855 req_cons=4843 req_used=12 comp_prod=4791 comp_cons=4791 comp_ready=0 next_comp_sequence=4280 next_req_slot=247 next_req_slot_busy=0 payload_free_slots=5679 payload_lease_hwm=0 request_wake_armed=0 completion_wake_armed=1 request_publishes=4855 request_kicks=1 completion_kicks=20 has_capacity=1
conn=1 lane=1 stream=0 failed=0 pending=0 inflight_count=64 inflight_slots=64 req_prod=12826 req_cons=12826 req_used=0 comp_prod=12762 comp_cons=12762 comp_ready=0 next_comp_sequence=12251 next_req_slot=26 next_req_slot_busy=0 payload_free_slots=2560 payload_lease_hwm=0 request_wake_armed=0 completion_wake_armed=1 request_publishes=12826 request_kicks=2 completion_kicks=21 has_capacity=1
conn=2 lane=2 stream=0 failed=0 pending=0 inflight_count=64 inflight_slots=64 req_prod=5341 req_cons=5277 req_used=64 comp_prod=5277 comp_cons=5277 comp_ready=0 next_comp_sequence=4766 next_req_slot=221 next_req_slot_busy=0 payload_free_slots=5519 payload_lease_hwm=0 request_wake_armed=0 completion_wake_armed=1 request_publishes=5341 request_kicks=0 completion_kicks=20 has_capacity=1
conn=3 lane=3 stream=0 failed=0 pending=0 inflight_count=64 inflight_slots=64 req_prod=3425 req_cons=3425 req_used=0 comp_prod=3396 comp_cons=3361 comp_ready=35 next_comp_sequence=3362 next_req_slot=353 next_req_slot_busy=0 payload_free_slots=6434 payload_lease_hwm=0 request_wake_armed=0 completion_wake_armed=1 request_publishes=3425 request_kicks=0 completion_kicks=53 has_capacity=1
timestamp_ns=1784169776047141481
online=1 transport=shm total_conns=4 active_conns=4
shm=1 daemon_online=1 daemon_generation=1 global_submit_sequence=26474 ring_entries=512 payload_entries=8192 transfer_payload_slots=1
conn=0 lane=0 stream=0 failed=0 pending=0 inflight_count=64 inflight_slots=64 req_prod=4882 req_cons=4866 req_used=16 comp_prod=4818 comp_cons=4818 comp_ready=0 next_comp_sequence=4307 next_req_slot=274 next_req_slot_busy=0 payload_free_slots=5666 payload_lease_hwm=0 request_wake_armed=0 completion_wake_armed=1 request_publishes=4882 request_kicks=1 completion_kicks=21 has_capacity=1
conn=1 lane=1 stream=0 failed=0 pending=0 inflight_count=64 inflight_slots=64 req_prod=12826 req_cons=12826 req_used=0 comp_prod=12762 comp_cons=12762 comp_ready=0 next_comp_sequence=12251 next_req_slot=26 next_req_slot_busy=0 payload_free_slots=2560 payload_lease_hwm=0 request_wake_armed=0 completion_wake_armed=1 request_publishes=12826 request_kicks=2 completion_kicks=21 has_capacity=1
conn=2 lane=2 stream=0 failed=0 pending=0 inflight_count=64 inflight_slots=64 req_prod=5341 req_cons=5341 req_used=0 comp_prod=5320 comp_cons=5277 comp_ready=43 next_comp_sequence=5278 next_req_slot=221 next_req_slot_busy=0 payload_free_slots=5519 payload_lease_hwm=0 request_wake_armed=0 completion_wake_armed=1 request_publishes=5341 request_kicks=0 completion_kicks=20 has_capacity=1
conn=3 lane=3 stream=0 failed=0 pending=0 inflight_count=64 inflight_slots=64 req_prod=3425 req_cons=3425 req_used=0 comp_prod=3396 comp_cons=3361 comp_ready=35 next_comp_sequence=3362 next_req_slot=353 next_req_slot_busy=0 payload_free_slots=6434 payload_lease_hwm=0 request_wake_armed=0 completion_wake_armed=1 request_publishes=3425 request_kicks=0 completion_kicks=53 has_capacity=1
timestamp_ns=1784169776304568969
online=1 transport=shm total_conns=4 active_conns=4
shm=1 daemon_online=1 daemon_generation=1 global_submit_sequence=26969 ring_entries=512 payload_entries=8192 transfer_payload_slots=1
conn=0 lane=0 stream=0 failed=0 pending=0 inflight_count=64 inflight_slots=64 req_prod=4882 req_cons=4866 req_used=16 comp_prod=4818 comp_cons=4818 comp_ready=0 next_comp_sequence=4307 next_req_slot=274 next_req_slot_busy=0 payload_free_slots=5666 payload_lease_hwm=0 request_wake_armed=0 completion_wake_armed=1 request_publishes=4882 request_kicks=1 completion_kicks=21 has_capacity=1
conn=1 lane=1 stream=0 failed=0 pending=0 inflight_count=64 inflight_slots=64 req_prod=13206 req_cons=13142 req_used=64 comp_prod=13142 comp_cons=13142 comp_ready=0 next_comp_sequence=12631 next_req_slot=406 next_req_slot_busy=0 payload_free_slots=2560 payload_lease_hwm=0 request_wake_armed=0 completion_wake_armed=1 request_publishes=13206 request_kicks=2 completion_kicks=22 has_capacity=1
conn=2 lane=2 stream=0 failed=0 pending=0 inflight_count=64 inflight_slots=64 req_prod=5341 req_cons=5341 req_used=0 comp_prod=5320 comp_cons=5277 comp_ready=43 next_comp_sequence=5278 next_req_slot=221 next_req_slot_busy=0 payload_free_slots=5519 payload_lease_hwm=0 request_wake_armed=0 completion_wake_armed=1 request_publishes=5341 request_kicks=0 completion_kicks=20 has_capacity=1
conn=3 lane=3 stream=0 failed=0 pending=0 inflight_count=64 inflight_slots=64 req_prod=3540 req_cons=3527 req_used=13 comp_prod=3476 comp_cons=3476 comp_ready=0 next_comp_sequence=2965 next_req_slot=468 next_req_slot_busy=0 payload_free_slots=6355 payload_lease_hwm=0 request_wake_armed=0 completion_wake_armed=1 request_publishes=3540 request_kicks=0 completion_kicks=54 has_capacity=1
timestamp_ns=1784169776561824721
online=1 transport=shm total_conns=4 active_conns=4
shm=1 daemon_online=1 daemon_generation=1 global_submit_sequence=26969 ring_entries=512 payload_entries=8192 transfer_payload_slots=1
conn=0 lane=0 stream=0 failed=0 pending=0 inflight_count=64 inflight_slots=64 req_prod=4882 req_cons=4866 req_used=16 comp_prod=4818 comp_cons=4818 comp_ready=0 next_comp_sequence=4307 next_req_slot=274 next_req_slot_busy=0 payload_free_slots=5666 payload_lease_hwm=0 request_wake_armed=0 completion_wake_armed=1 request_publishes=4882 request_kicks=1 completion_kicks=21 has_capacity=1
conn=1 lane=1 stream=0 failed=0 pending=0 inflight_count=64 inflight_slots=64 req_prod=13206 req_cons=13142 req_used=64 comp_prod=13142 comp_cons=13142 comp_ready=0 next_comp_sequence=12631 next_req_slot=406 next_req_slot_busy=0 payload_free_slots=2560 payload_lease_hwm=0 request_wake_armed=0 completion_wake_armed=1 request_publishes=13206 request_kicks=2 completion_kicks=22 has_capacity=1
conn=2 lane=2 stream=0 failed=0 pending=0 inflight_count=64 inflight_slots=64 req_prod=5341 req_cons=5341 req_used=0 comp_prod=5320 comp_cons=5277 comp_ready=43 next_comp_sequence=5278 next_req_slot=221 next_req_slot_busy=0 payload_free_slots=5519 payload_lease_hwm=0 request_wake_armed=0 completion_wake_armed=1 request_publishes=5341 request_kicks=0 completion_kicks=20 has_capacity=1
conn=3 lane=3 stream=0 failed=0 pending=0 inflight_count=64 inflight_slots=64 req_prod=3540 req_cons=3527 req_used=13 comp_prod=3476 comp_cons=3476 comp_ready=0 next_comp_sequence=2965 next_req_slot=468 next_req_slot_busy=0 payload_free_slots=6355 payload_lease_hwm=0 request_wake_armed=0 completion_wake_armed=1 request_publishes=3540 request_kicks=0 completion_kicks=54 has_capacity=1
timestamp_ns=1784169776819089483
online=1 transport=shm total_conns=4 active_conns=4
shm=1 daemon_online=1 daemon_generation=1 global_submit_sequence=27109 ring_entries=512 payload_entries=8192 transfer_payload_slots=1
conn=0 lane=0 stream=0 failed=0 pending=0 inflight_count=64 inflight_slots=64 req_prod=4882 req_cons=4866 req_used=16 comp_prod=4818 comp_cons=4818 comp_ready=0 next_comp_sequence=4307 next_req_slot=274 next_req_slot_busy=0 payload_free_slots=5666 payload_lease_hwm=0 request_wake_armed=0 completion_wake_armed=1 request_publishes=4882 request_kicks=1 completion_kicks=21 has_capacity=1
conn=1 lane=1 stream=0 failed=0 pending=0 inflight_count=64 inflight_slots=64 req_prod=13206 req_cons=13142 req_used=64 comp_prod=13142 comp_cons=13142 comp_ready=0 next_comp_sequence=12631 next_req_slot=406 next_req_slot_busy=0 payload_free_slots=2560 payload_lease_hwm=0 request_wake_armed=0 completion_wake_armed=1 request_publishes=13206 request_kicks=2 completion_kicks=22 has_capacity=1
conn=2 lane=2 stream=0 failed=0 pending=0 inflight_count=64 inflight_slots=64 req_prod=5481 req_cons=5470 req_used=11 comp_prod=5417 comp_cons=5417 comp_ready=0 next_comp_sequence=4906 next_req_slot=361 next_req_slot_busy=0 payload_free_slots=5408 payload_lease_hwm=0 request_wake_armed=0 completion_wake_armed=1 request_publishes=5481 request_kicks=0 completion_kicks=21 has_capacity=1
conn=3 lane=3 stream=0 failed=0 pending=0 inflight_count=64 inflight_slots=64 req_prod=3540 req_cons=3527 req_used=13 comp_prod=3476 comp_cons=3476 comp_ready=0 next_comp_sequence=2965 next_req_slot=468 next_req_slot_busy=0 payload_free_slots=6355 payload_lease_hwm=0 request_wake_armed=0 completion_wake_armed=1 request_publishes=3540 request_kicks=0 completion_kicks=54 has_capacity=1
timestamp_ns=1784169777076397711
online=1 transport=shm total_conns=4 active_conns=4
shm=1 daemon_online=1 daemon_generation=1 global_submit_sequence=27109 ring_entries=512 payload_entries=8192 transfer_payload_slots=1
conn=0 lane=0 stream=0 failed=0 pending=0 inflight_count=64 inflight_slots=64 req_prod=4882 req_cons=4866 req_used=16 comp_prod=4818 comp_cons=4818 comp_ready=0 next_comp_sequence=4307 next_req_slot=274 next_req_slot_busy=0 payload_free_slots=5666 payload_lease_hwm=0 request_wake_armed=0 completion_wake_armed=1 request_publishes=4882 request_kicks=1 completion_kicks=21 has_capacity=1
conn=1 lane=1 stream=0 failed=0 pending=0 inflight_count=64 inflight_slots=64 req_prod=13206 req_cons=13142 req_used=64 comp_prod=13142 comp_cons=13142 comp_ready=0 next_comp_sequence=12631 next_req_slot=406 next_req_slot_busy=0 payload_free_slots=2560 payload_lease_hwm=0 request_wake_armed=0 completion_wake_armed=1 request_publishes=13206 request_kicks=2 completion_kicks=22 has_capacity=1
conn=2 lane=2 stream=0 failed=0 pending=0 inflight_count=64 inflight_slots=64 req_prod=5481 req_cons=5470 req_used=11 comp_prod=5417 comp_cons=5417 comp_ready=0 next_comp_sequence=4906 next_req_slot=361 next_req_slot_busy=0 payload_free_slots=5408 payload_lease_hwm=0 request_wake_armed=0 completion_wake_armed=1 request_publishes=5481 request_kicks=0 completion_kicks=21 has_capacity=1
conn=3 lane=3 stream=0 failed=0 pending=0 inflight_count=64 inflight_slots=64 req_prod=3540 req_cons=3527 req_used=13 comp_prod=3476 comp_cons=3476 comp_ready=0 next_comp_sequence=2965 next_req_slot=468 next_req_slot_busy=0 payload_free_slots=6355 payload_lease_hwm=0 request_wake_armed=0 completion_wake_armed=1 request_publishes=3540 request_kicks=0 completion_kicks=54 has_capacity=1
timestamp_ns=1784169777334130382
online=1 transport=shm total_conns=4 active_conns=4
shm=1 daemon_online=1 daemon_generation=1 global_submit_sequence=27898 ring_entries=512 payload_entries=8192 transfer_payload_slots=1
conn=0 lane=0 stream=0 failed=0 pending=0 inflight_count=64 inflight_slots=64 req_prod=4882 req_cons=4866 req_used=16 comp_prod=4818 comp_cons=4818 comp_ready=0 next_comp_sequence=4307 next_req_slot=274 next_req_slot_busy=0 payload_free_slots=5666 payload_lease_hwm=0 request_wake_armed=0 completion_wake_armed=1 request_publishes=4882 request_kicks=1 completion_kicks=21 has_capacity=1
conn=1 lane=1 stream=0 failed=0 pending=0 inflight_count=64 inflight_slots=64 req_prod=13934 req_cons=13870 req_used=64 comp_prod=13870 comp_cons=13870 comp_ready=0 next_comp_sequence=13359 next_req_slot=110 next_req_slot_busy=0 payload_free_slots=2560 payload_lease_hwm=0 request_wake_armed=0 completion_wake_armed=1 request_publishes=13934 request_kicks=2 completion_kicks=23 has_capacity=1
conn=2 lane=2 stream=0 failed=0 pending=0 inflight_count=64 inflight_slots=64 req_prod=5481 req_cons=5470 req_used=11 comp_prod=5417 comp_cons=5417 comp_ready=0 next_comp_sequence=4906 next_req_slot=361 next_req_slot_busy=0 payload_free_slots=5408 payload_lease_hwm=0 request_wake_armed=0 completion_wake_armed=1 request_publishes=5481 request_kicks=0 completion_kicks=21 has_capacity=1
conn=3 lane=3 stream=0 failed=0 pending=0 inflight_count=64 inflight_slots=64 req_prod=3601 req_cons=3578 req_used=23 comp_prod=3537 comp_cons=3537 comp_ready=0 next_comp_sequence=3026 next_req_slot=17 next_req_slot_busy=0 payload_free_slots=6324 payload_lease_hwm=0 request_wake_armed=0 completion_wake_armed=1 request_publishes=3601 request_kicks=0 completion_kicks=55 has_capacity=1
timestamp_ns=1784169777591429723
online=1 transport=shm total_conns=4 active_conns=4
shm=1 daemon_online=1 daemon_generation=1 global_submit_sequence=27898 ring_entries=512 payload_entries=8192 transfer_payload_slots=1
conn=0 lane=0 stream=0 failed=0 pending=0 inflight_count=64 inflight_slots=64 req_prod=4882 req_cons=4866 req_used=16 comp_prod=4818 comp_cons=4818 comp_ready=0 next_comp_sequence=4307 next_req_slot=274 next_req_slot_busy=0 payload_free_slots=5666 payload_lease_hwm=0 request_wake_armed=0 completion_wake_armed=1 request_publishes=4882 request_kicks=1 completion_kicks=21 has_capacity=1
conn=1 lane=1 stream=0 failed=0 pending=0 inflight_count=64 inflight_slots=64 req_prod=13934 req_cons=13870 req_used=64 comp_prod=13870 comp_cons=13870 comp_ready=0 next_comp_sequence=13359 next_req_slot=110 next_req_slot_busy=0 payload_free_slots=2560 payload_lease_hwm=0 request_wake_armed=0 completion_wake_armed=1 request_publishes=13934 request_kicks=2 completion_kicks=23 has_capacity=1
conn=2 lane=2 stream=0 failed=0 pending=0 inflight_count=64 inflight_slots=64 req_prod=5481 req_cons=5470 req_used=11 comp_prod=5417 comp_cons=5417 comp_ready=0 next_comp_sequence=4906 next_req_slot=361 next_req_slot_busy=0 payload_free_slots=5408 payload_lease_hwm=0 request_wake_armed=0 completion_wake_armed=1 request_publishes=5481 request_kicks=0 completion_kicks=21 has_capacity=1
conn=3 lane=3 stream=0 failed=0 pending=0 inflight_count=64 inflight_slots=64 req_prod=3601 req_cons=3578 req_used=23 comp_prod=3537 comp_cons=3537 comp_ready=0 next_comp_sequence=3026 next_req_slot=17 next_req_slot_busy=0 payload_free_slots=6324 payload_lease_hwm=0 request_wake_armed=0 completion_wake_armed=1 request_publishes=3601 request_kicks=0 completion_kicks=55 has_capacity=1
timestamp_ns=1784169777848697093
online=1 transport=shm total_conns=4 active_conns=4
shm=1 daemon_online=1 daemon_generation=1 global_submit_sequence=27934 ring_entries=512 payload_entries=8192 transfer_payload_slots=1
conn=0 lane=0 stream=0 failed=0 pending=0 inflight_count=64 inflight_slots=64 req_prod=4882 req_cons=4866 req_used=16 comp_prod=4818 comp_cons=4818 comp_ready=0 next_comp_sequence=4307 next_req_slot=274 next_req_slot_busy=0 payload_free_slots=5666 payload_lease_hwm=0 request_wake_armed=0 completion_wake_armed=1 request_publishes=4882 request_kicks=1 completion_kicks=21 has_capacity=1
conn=1 lane=1 stream=0 failed=0 pending=0 inflight_count=64 inflight_slots=64 req_prod=13934 req_cons=13870 req_used=64 comp_prod=13870 comp_cons=13870 comp_ready=0 next_comp_sequence=13359 next_req_slot=110 next_req_slot_busy=0 payload_free_slots=2560 payload_lease_hwm=0 request_wake_armed=0 completion_wake_armed=1 request_publishes=13934 request_kicks=2 completion_kicks=23 has_capacity=1
conn=2 lane=2 stream=0 failed=0 pending=0 inflight_count=64 inflight_slots=64 req_prod=5517 req_cons=5495 req_used=22 comp_prod=5453 comp_cons=5453 comp_ready=0 next_comp_sequence=4942 next_req_slot=397 next_req_slot_busy=0 payload_free_slots=5396 payload_lease_hwm=0 request_wake_armed=0 completion_wake_armed=1 request_publishes=5517 request_kicks=0 completion_kicks=22 has_capacity=1
conn=3 lane=3 stream=0 failed=0 pending=0 inflight_count=64 inflight_slots=64 req_prod=3601 req_cons=3578 req_used=23 comp_prod=3537 comp_cons=3537 comp_ready=0 next_comp_sequence=3026 next_req_slot=17 next_req_slot_busy=0 payload_free_slots=6324 payload_lease_hwm=0 request_wake_armed=0 completion_wake_armed=1 request_publishes=3601 request_kicks=0 completion_kicks=55 has_capacity=1
timestamp_ns=1784169778105984430
online=1 transport=shm total_conns=4 active_conns=4
shm=1 daemon_online=1 daemon_generation=1 global_submit_sequence=27995 ring_entries=512 payload_entries=8192 transfer_payload_slots=1
conn=0 lane=0 stream=0 failed=0 pending=0 inflight_count=64 inflight_slots=64 req_prod=4882 req_cons=4866 req_used=16 comp_prod=4818 comp_cons=4818 comp_ready=0 next_comp_sequence=4307 next_req_slot=274 next_req_slot_busy=0 payload_free_slots=5666 payload_lease_hwm=0 request_wake_armed=0 completion_wake_armed=1 request_publishes=4882 request_kicks=1 completion_kicks=21 has_capacity=1
conn=1 lane=1 stream=0 failed=0 pending=0 inflight_count=64 inflight_slots=64 req_prod=13934 req_cons=13934 req_used=0 comp_prod=13905 comp_cons=13870 comp_ready=35 next_comp_sequence=13871 next_req_slot=110 next_req_slot_busy=0 payload_free_slots=2560 payload_lease_hwm=0 request_wake_armed=0 completion_wake_armed=1 request_publishes=13934 request_kicks=2 completion_kicks=23 has_capacity=1
conn=2 lane=2 stream=0 failed=0 pending=0 inflight_count=64 inflight_slots=64 req_prod=5517 req_cons=5495 req_used=22 comp_prod=5453 comp_cons=5453 comp_ready=0 next_comp_sequence=4942 next_req_slot=397 next_req_slot_busy=0 payload_free_slots=5396 payload_lease_hwm=0 request_wake_armed=0 completion_wake_armed=1 request_publishes=5517 request_kicks=0 completion_kicks=22 has_capacity=1
conn=3 lane=3 stream=0 failed=0 pending=0 inflight_count=64 inflight_slots=64 req_prod=3662 req_cons=3643 req_used=19 comp_prod=3598 comp_cons=3598 comp_ready=0 next_comp_sequence=3087 next_req_slot=78 next_req_slot_busy=0 payload_free_slots=6289 payload_lease_hwm=0 request_wake_armed=0 completion_wake_armed=1 request_publishes=3662 request_kicks=0 completion_kicks=56 has_capacity=1
timestamp_ns=1784169778363444940
online=1 transport=shm total_conns=4 active_conns=4
shm=1 daemon_online=1 daemon_generation=1 global_submit_sequence=28033 ring_entries=512 payload_entries=8192 transfer_payload_slots=1
conn=0 lane=0 stream=0 failed=0 pending=0 inflight_count=64 inflight_slots=64 req_prod=4882 req_cons=4866 req_used=16 comp_prod=4818 comp_cons=4818 comp_ready=0 next_comp_sequence=4307 next_req_slot=274 next_req_slot_busy=0 payload_free_slots=5666 payload_lease_hwm=0 request_wake_armed=0 completion_wake_armed=1 request_publishes=4882 request_kicks=1 completion_kicks=21 has_capacity=1
conn=1 lane=1 stream=0 failed=0 pending=0 inflight_count=64 inflight_slots=64 req_prod=13934 req_cons=13934 req_used=0 comp_prod=13905 comp_cons=13870 comp_ready=35 next_comp_sequence=13871 next_req_slot=110 next_req_slot_busy=0 payload_free_slots=2560 payload_lease_hwm=0 request_wake_armed=0 completion_wake_armed=1 request_publishes=13934 request_kicks=2 completion_kicks=23 has_capacity=1
conn=2 lane=2 stream=0 failed=0 pending=0 inflight_count=64 inflight_slots=64 req_prod=5536 req_cons=5518 req_used=18 comp_prod=5472 comp_cons=5472 comp_ready=0 next_comp_sequence=4961 next_req_slot=416 next_req_slot_busy=0 payload_free_slots=5385 payload_lease_hwm=0 request_wake_armed=0 completion_wake_armed=1 request_publishes=5536 request_kicks=0 completion_kicks=23 has_capacity=1
conn=3 lane=3 stream=0 failed=0 pending=0 inflight_count=64 inflight_slots=64 req_prod=3681 req_cons=3662 req_used=19 comp_prod=3617 comp_cons=3617 comp_ready=0 next_comp_sequence=3106 next_req_slot=97 next_req_slot_busy=0 payload_free_slots=6277 payload_lease_hwm=0 request_wake_armed=0 completion_wake_armed=1 request_publishes=3681 request_kicks=0 completion_kicks=57 has_capacity=1
timestamp_ns=1784169778621713481
online=1 transport=shm total_conns=4 active_conns=4
shm=1 daemon_online=1 daemon_generation=1 global_submit_sequence=28071 ring_entries=512 payload_entries=8192 transfer_payload_slots=1
conn=0 lane=0 stream=0 failed=0 pending=0 inflight_count=64 inflight_slots=64 req_prod=4882 req_cons=4866 req_used=16 comp_prod=4818 comp_cons=4818 comp_ready=0 next_comp_sequence=4307 next_req_slot=274 next_req_slot_busy=0 payload_free_slots=5666 payload_lease_hwm=0 request_wake_armed=0 completion_wake_armed=1 request_publishes=4882 request_kicks=1 completion_kicks=21 has_capacity=1
conn=1 lane=1 stream=0 failed=0 pending=0 inflight_count=64 inflight_slots=64 req_prod=13934 req_cons=13934 req_used=0 comp_prod=13905 comp_cons=13870 comp_ready=35 next_comp_sequence=13871 next_req_slot=110 next_req_slot_busy=0 payload_free_slots=2560 payload_lease_hwm=0 request_wake_armed=0 completion_wake_armed=1 request_publishes=13934 request_kicks=2 completion_kicks=23 has_capacity=1
conn=2 lane=2 stream=0 failed=0 pending=0 inflight_count=64 inflight_slots=64 req_prod=5555 req_cons=5536 req_used=19 comp_prod=5491 comp_cons=5491 comp_ready=0 next_comp_sequence=4980 next_req_slot=435 next_req_slot_busy=0 payload_free_slots=5374 payload_lease_hwm=0 request_wake_armed=0 completion_wake_armed=1 request_publishes=5555 request_kicks=0 completion_kicks=24 has_capacity=1
conn=3 lane=3 stream=0 failed=0 pending=0 inflight_count=64 inflight_slots=64 req_prod=3700 req_cons=3681 req_used=19 comp_prod=3636 comp_cons=3636 comp_ready=0 next_comp_sequence=3125 next_req_slot=116 next_req_slot_busy=0 payload_free_slots=6267 payload_lease_hwm=0 request_wake_armed=0 completion_wake_armed=1 request_publishes=3700 request_kicks=0 completion_kicks=58 has_capacity=1
timestamp_ns=1784169778879062949
online=1 transport=shm total_conns=4 active_conns=4
shm=1 daemon_online=1 daemon_generation=1 global_submit_sequence=28102 ring_entries=512 payload_entries=8192 transfer_payload_slots=1
conn=0 lane=0 stream=0 failed=0 pending=0 inflight_count=64 inflight_slots=64 req_prod=4913 req_cons=4882 req_used=31 comp_prod=4849 comp_cons=4849 comp_ready=0 next_comp_sequence=4338 next_req_slot=305 next_req_slot_busy=0 payload_free_slots=5658 payload_lease_hwm=0 request_wake_armed=0 completion_wake_armed=1 request_publishes=4913 request_kicks=1 completion_kicks=22 has_capacity=1
conn=1 lane=1 stream=0 failed=0 pending=0 inflight_count=64 inflight_slots=64 req_prod=13934 req_cons=13934 req_used=0 comp_prod=13905 comp_cons=13870 comp_ready=35 next_comp_sequence=13871 next_req_slot=110 next_req_slot_busy=0 payload_free_slots=2560 payload_lease_hwm=0 request_wake_armed=0 completion_wake_armed=1 request_publishes=13934 request_kicks=2 completion_kicks=23 has_capacity=1
conn=2 lane=2 stream=0 failed=0 pending=0 inflight_count=64 inflight_slots=64 req_prod=5555 req_cons=5536 req_used=19 comp_prod=5491 comp_cons=5491 comp_ready=0 next_comp_sequence=4980 next_req_slot=435 next_req_slot_busy=0 payload_free_slots=5374 payload_lease_hwm=0 request_wake_armed=0 completion_wake_armed=1 request_publishes=5555 request_kicks=0 completion_kicks=24 has_capacity=1
conn=3 lane=3 stream=0 failed=0 pending=0 inflight_count=64 inflight_slots=64 req_prod=3700 req_cons=3681 req_used=19 comp_prod=3636 comp_cons=3636 comp_ready=0 next_comp_sequence=3125 next_req_slot=116 next_req_slot_busy=0 payload_free_slots=6267 payload_lease_hwm=0 request_wake_armed=0 completion_wake_armed=1 request_publishes=3700 request_kicks=0 completion_kicks=58 has_capacity=1
timestamp_ns=1784169779138379776
online=1 transport=shm total_conns=4 active_conns=4
shm=1 daemon_online=1 daemon_generation=1 global_submit_sequence=29222 ring_entries=512 payload_entries=8192 transfer_payload_slots=1
conn=0 lane=0 stream=0 failed=0 pending=0 inflight_count=64 inflight_slots=64 req_prod=4913 req_cons=4882 req_used=31 comp_prod=4849 comp_cons=4849 comp_ready=0 next_comp_sequence=4338 next_req_slot=305 next_req_slot_busy=0 payload_free_slots=5658 payload_lease_hwm=0 request_wake_armed=0 completion_wake_armed=1 request_publishes=4913 request_kicks=1 completion_kicks=22 has_capacity=1
conn=1 lane=1 stream=0 failed=0 pending=0 inflight_count=64 inflight_slots=64 req_prod=15013 req_cons=14949 req_used=64 comp_prod=14949 comp_cons=14949 comp_ready=0 next_comp_sequence=14438 next_req_slot=165 next_req_slot_busy=0 payload_free_slots=2560 payload_lease_hwm=0 request_wake_armed=0 completion_wake_armed=1 request_publishes=15013 request_kicks=2 completion_kicks=24 has_capacity=1
conn=2 lane=2 stream=0 failed=0 pending=0 inflight_count=64 inflight_slots=64 req_prod=5555 req_cons=5536 req_used=19 comp_prod=5491 comp_cons=5491 comp_ready=0 next_comp_sequence=4980 next_req_slot=435 next_req_slot_busy=0 payload_free_slots=5374 payload_lease_hwm=0 request_wake_armed=0 completion_wake_armed=1 request_publishes=5555 request_kicks=0 completion_kicks=24 has_capacity=1
conn=3 lane=3 stream=0 failed=0 pending=0 inflight_count=64 inflight_slots=64 req_prod=3741 req_cons=3718 req_used=23 comp_prod=3677 comp_cons=3677 comp_ready=0 next_comp_sequence=3166 next_req_slot=157 next_req_slot_busy=0 payload_free_slots=6244 payload_lease_hwm=0 request_wake_armed=0 completion_wake_armed=1 request_publishes=3741 request_kicks=0 completion_kicks=59 has_capacity=1
timestamp_ns=1784169779395721608
online=1 transport=shm total_conns=4 active_conns=4
shm=1 daemon_online=1 daemon_generation=1 global_submit_sequence=29645 ring_entries=512 payload_entries=8192 transfer_payload_slots=1
conn=0 lane=0 stream=0 failed=0 pending=0 inflight_count=64 inflight_slots=64 req_prod=4913 req_cons=4882 req_used=31 comp_prod=4849 comp_cons=4849 comp_ready=0 next_comp_sequence=4338 next_req_slot=305 next_req_slot_busy=0 payload_free_slots=5658 payload_lease_hwm=0 request_wake_armed=0 completion_wake_armed=1 request_publishes=4913 request_kicks=1 completion_kicks=22 has_capacity=1
conn=1 lane=1 stream=0 failed=0 pending=0 inflight_count=64 inflight_slots=64 req_prod=15375 req_cons=15311 req_used=64 comp_prod=15311 comp_cons=15311 comp_ready=0 next_comp_sequence=14800 next_req_slot=15 next_req_slot_busy=0 payload_free_slots=2561 payload_lease_hwm=0 request_wake_armed=0 completion_wake_armed=1 request_publishes=15375 request_kicks=2 completion_kicks=25 has_capacity=1
conn=2 lane=2 stream=0 failed=0 pending=0 inflight_count=64 inflight_slots=64 req_prod=5588 req_cons=5570 req_used=18 comp_prod=5524 comp_cons=5524 comp_ready=0 next_comp_sequence=5013 next_req_slot=468 next_req_slot_busy=0 payload_free_slots=5358 payload_lease_hwm=0 request_wake_armed=0 completion_wake_armed=1 request_publishes=5588 request_kicks=0 completion_kicks=25 has_capacity=1
conn=3 lane=3 stream=0 failed=0 pending=0 inflight_count=64 inflight_slots=64 req_prod=3769 req_cons=3741 req_used=28 comp_prod=3705 comp_cons=3705 comp_ready=0 next_comp_sequence=3194 next_req_slot=185 next_req_slot_busy=0 payload_free_slots=6228 payload_lease_hwm=0 request_wake_armed=0 completion_wake_armed=1 request_publishes=3769 request_kicks=0 completion_kicks=60 has_capacity=1
timestamp_ns=1784169779653076472
online=1 transport=shm total_conns=4 active_conns=4
shm=1 daemon_online=1 daemon_generation=1 global_submit_sequence=29690 ring_entries=512 payload_entries=8192 transfer_payload_slots=1
conn=0 lane=0 stream=0 failed=0 pending=0 inflight_count=64 inflight_slots=64 req_prod=4913 req_cons=4882 req_used=31 comp_prod=4849 comp_cons=4849 comp_ready=0 next_comp_sequence=4338 next_req_slot=305 next_req_slot_busy=0 payload_free_slots=5658 payload_lease_hwm=0 request_wake_armed=0 completion_wake_armed=1 request_publishes=4913 request_kicks=1 completion_kicks=22 has_capacity=1
conn=1 lane=1 stream=0 failed=0 pending=0 inflight_count=64 inflight_slots=64 req_prod=15375 req_cons=15311 req_used=64 comp_prod=15311 comp_cons=15311 comp_ready=0 next_comp_sequence=14800 next_req_slot=15 next_req_slot_busy=0 payload_free_slots=2561 payload_lease_hwm=0 request_wake_armed=0 completion_wake_armed=1 request_publishes=15375 request_kicks=2 completion_kicks=25 has_capacity=1
conn=2 lane=2 stream=0 failed=0 pending=0 inflight_count=64 inflight_slots=64 req_prod=5610 req_cons=5588 req_used=22 comp_prod=5546 comp_cons=5546 comp_ready=0 next_comp_sequence=5035 next_req_slot=490 next_req_slot_busy=0 payload_free_slots=5351 payload_lease_hwm=0 request_wake_armed=0 completion_wake_armed=1 request_publishes=5610 request_kicks=0 completion_kicks=26 has_capacity=1
conn=3 lane=3 stream=0 failed=0 pending=0 inflight_count=64 inflight_slots=64 req_prod=3792 req_cons=3769 req_used=23 comp_prod=3728 comp_cons=3728 comp_ready=0 next_comp_sequence=3217 next_req_slot=208 next_req_slot_busy=0 payload_free_slots=6214 payload_lease_hwm=0 request_wake_armed=0 completion_wake_armed=1 request_publishes=3792 request_kicks=0 completion_kicks=61 has_capacity=1
timestamp_ns=1784169779910450043
online=1 transport=shm total_conns=4 active_conns=4
shm=1 daemon_online=1 daemon_generation=1 global_submit_sequence=29720 ring_entries=512 payload_entries=8192 transfer_payload_slots=1
conn=0 lane=0 stream=0 failed=0 pending=0 inflight_count=64 inflight_slots=64 req_prod=4943 req_cons=4923 req_used=20 comp_prod=4879 comp_cons=4879 comp_ready=0 next_comp_sequence=4368 next_req_slot=335 next_req_slot_busy=0 payload_free_slots=5641 payload_lease_hwm=0 request_wake_armed=0 completion_wake_armed=1 request_publishes=4943 request_kicks=1 completion_kicks=23 has_capacity=1
conn=1 lane=1 stream=0 failed=0 pending=0 inflight_count=64 inflight_slots=64 req_prod=15375 req_cons=15311 req_used=64 comp_prod=15311 comp_cons=15311 comp_ready=0 next_comp_sequence=14800 next_req_slot=15 next_req_slot_busy=0 payload_free_slots=2561 payload_lease_hwm=0 request_wake_armed=0 completion_wake_armed=1 request_publishes=15375 request_kicks=2 completion_kicks=25 has_capacity=1
conn=2 lane=2 stream=0 failed=0 pending=0 inflight_count=64 inflight_slots=64 req_prod=5610 req_cons=5588 req_used=22 comp_prod=5546 comp_cons=5546 comp_ready=0 next_comp_sequence=5035 next_req_slot=490 next_req_slot_busy=0 payload_free_slots=5351 payload_lease_hwm=0 request_wake_armed=0 completion_wake_armed=1 request_publishes=5610 request_kicks=0 completion_kicks=26 has_capacity=1
conn=3 lane=3 stream=0 failed=0 pending=0 inflight_count=64 inflight_slots=64 req_prod=3792 req_cons=3769 req_used=23 comp_prod=3728 comp_cons=3728 comp_ready=0 next_comp_sequence=3217 next_req_slot=208 next_req_slot_busy=0 payload_free_slots=6214 payload_lease_hwm=0 request_wake_armed=0 completion_wake_armed=1 request_publishes=3792 request_kicks=0 completion_kicks=61 has_capacity=1
timestamp_ns=1784169780167980347
online=1 transport=shm total_conns=4 active_conns=4
shm=1 daemon_online=1 daemon_generation=1 global_submit_sequence=30023 ring_entries=512 payload_entries=8192 transfer_payload_slots=1
conn=0 lane=0 stream=0 failed=0 pending=0 inflight_count=64 inflight_slots=64 req_prod=4943 req_cons=4923 req_used=20 comp_prod=4879 comp_cons=4879 comp_ready=0 next_comp_sequence=4368 next_req_slot=335 next_req_slot_busy=0 payload_free_slots=5641 payload_lease_hwm=0 request_wake_armed=0 completion_wake_armed=1 request_publishes=4943 request_kicks=1 completion_kicks=23 has_capacity=1
conn=1 lane=1 stream=0 failed=0 pending=0 inflight_count=64 inflight_slots=64 req_prod=15648 req_cons=15648 req_used=0 comp_prod=15584 comp_cons=15584 comp_ready=0 next_comp_sequence=15073 next_req_slot=288 next_req_slot_busy=0 payload_free_slots=2560 payload_lease_hwm=0 request_wake_armed=0 completion_wake_armed=1 request_publishes=15648 request_kicks=2 completion_kicks=26 has_capacity=1
conn=2 lane=2 stream=0 failed=0 pending=0 inflight_count=64 inflight_slots=64 req_prod=5610 req_cons=5588 req_used=22 comp_prod=5546 comp_cons=5546 comp_ready=0 next_comp_sequence=5035 next_req_slot=490 next_req_slot_busy=0 payload_free_slots=5351 payload_lease_hwm=0 request_wake_armed=0 completion_wake_armed=1 request_publishes=5610 request_kicks=0 completion_kicks=26 has_capacity=1
conn=3 lane=3 stream=0 failed=0 pending=0 inflight_count=64 inflight_slots=64 req_prod=3822 req_cons=3801 req_used=21 comp_prod=3758 comp_cons=3758 comp_ready=0 next_comp_sequence=3247 next_req_slot=238 next_req_slot_busy=0 payload_free_slots=6195 payload_lease_hwm=0 request_wake_armed=0 completion_wake_armed=1 request_publishes=3822 request_kicks=0 completion_kicks=62 has_capacity=1
timestamp_ns=1784169780425897462
online=1 transport=shm total_conns=4 active_conns=4
shm=1 daemon_online=1 daemon_generation=1 global_submit_sequence=30241 ring_entries=512 payload_entries=8192 transfer_payload_slots=1
conn=0 lane=0 stream=0 failed=0 pending=0 inflight_count=64 inflight_slots=64 req_prod=4943 req_cons=4923 req_used=20 comp_prod=4879 comp_cons=4879 comp_ready=0 next_comp_sequence=4368 next_req_slot=335 next_req_slot_busy=0 payload_free_slots=5641 payload_lease_hwm=0 request_wake_armed=0 completion_wake_armed=1 request_publishes=4943 request_kicks=1 completion_kicks=23 has_capacity=1
conn=1 lane=1 stream=0 failed=0 pending=0 inflight_count=64 inflight_slots=64 req_prod=15791 req_cons=15727 req_used=64 comp_prod=15727 comp_cons=15727 comp_ready=0 next_comp_sequence=15216 next_req_slot=431 next_req_slot_busy=0 payload_free_slots=2560 payload_lease_hwm=0 request_wake_armed=0 completion_wake_armed=1 request_publishes=15791 request_kicks=2 completion_kicks=27 has_capacity=1
conn=2 lane=2 stream=0 failed=0 pending=0 inflight_count=64 inflight_slots=64 req_prod=5659 req_cons=5645 req_used=14 comp_prod=5595 comp_cons=5595 comp_ready=0 next_comp_sequence=5084 next_req_slot=27 next_req_slot_busy=0 payload_free_slots=5323 payload_lease_hwm=0 request_wake_armed=0 completion_wake_armed=1 request_publishes=5659 request_kicks=0 completion_kicks=28 has_capacity=1
conn=3 lane=3 stream=0 failed=0 pending=0 inflight_count=64 inflight_slots=64 req_prod=3848 req_cons=3822 req_used=26 comp_prod=3784 comp_cons=3784 comp_ready=0 next_comp_sequence=3273 next_req_slot=264 next_req_slot_busy=0 payload_free_slots=6183 payload_lease_hwm=0 request_wake_armed=0 completion_wake_armed=1 request_publishes=3848 request_kicks=0 completion_kicks=63 has_capacity=1
timestamp_ns=1784169780683212877
online=1 transport=shm total_conns=4 active_conns=4
shm=1 daemon_online=1 daemon_generation=1 global_submit_sequence=30274 ring_entries=512 payload_entries=8192 transfer_payload_slots=1
conn=0 lane=0 stream=0 failed=0 pending=0 inflight_count=64 inflight_slots=64 req_prod=4961 req_cons=4943 req_used=18 comp_prod=4897 comp_cons=4897 comp_ready=0 next_comp_sequence=4386 next_req_slot=353 next_req_slot_busy=0 payload_free_slots=5632 payload_lease_hwm=0 request_wake_armed=0 completion_wake_armed=1 request_publishes=4961 request_kicks=1 completion_kicks=24 has_capacity=1
conn=1 lane=1 stream=0 failed=0 pending=0 inflight_count=64 inflight_slots=64 req_prod=15791 req_cons=15727 req_used=64 comp_prod=15727 comp_cons=15727 comp_ready=0 next_comp_sequence=15216 next_req_slot=431 next_req_slot_busy=0 payload_free_slots=2560 payload_lease_hwm=0 request_wake_armed=0 completion_wake_armed=1 request_publishes=15791 request_kicks=2 completion_kicks=27 has_capacity=1
conn=2 lane=2 stream=0 failed=0 pending=0 inflight_count=64 inflight_slots=64 req_prod=5659 req_cons=5645 req_used=14 comp_prod=5595 comp_cons=5595 comp_ready=0 next_comp_sequence=5084 next_req_slot=27 next_req_slot_busy=0 payload_free_slots=5323 payload_lease_hwm=0 request_wake_armed=0 completion_wake_armed=1 request_publishes=5659 request_kicks=0 completion_kicks=28 has_capacity=1
conn=3 lane=3 stream=0 failed=0 pending=0 inflight_count=64 inflight_slots=64 req_prod=3863 req_cons=3841 req_used=22 comp_prod=3799 comp_cons=3799 comp_ready=0 next_comp_sequence=3288 next_req_slot=279 next_req_slot_busy=0 payload_free_slots=6175 payload_lease_hwm=0 request_wake_armed=0 completion_wake_armed=1 request_publishes=3863 request_kicks=0 completion_kicks=64 has_capacity=1
timestamp_ns=1784169780940489260
online=1 transport=shm total_conns=4 active_conns=4
shm=1 daemon_online=1 daemon_generation=1 global_submit_sequence=30274 ring_entries=512 payload_entries=8192 transfer_payload_slots=1
conn=0 lane=0 stream=0 failed=0 pending=0 inflight_count=64 inflight_slots=64 req_prod=4961 req_cons=4943 req_used=18 comp_prod=4897 comp_cons=4897 comp_ready=0 next_comp_sequence=4386 next_req_slot=353 next_req_slot_busy=0 payload_free_slots=5632 payload_lease_hwm=0 request_wake_armed=0 completion_wake_armed=1 request_publishes=4961 request_kicks=1 completion_kicks=24 has_capacity=1
conn=1 lane=1 stream=0 failed=0 pending=0 inflight_count=64 inflight_slots=64 req_prod=15791 req_cons=15727 req_used=64 comp_prod=15727 comp_cons=15727 comp_ready=0 next_comp_sequence=15216 next_req_slot=431 next_req_slot_busy=0 payload_free_slots=2560 payload_lease_hwm=0 request_wake_armed=0 completion_wake_armed=1 request_publishes=15791 request_kicks=2 completion_kicks=27 has_capacity=1
conn=2 lane=2 stream=0 failed=0 pending=0 inflight_count=64 inflight_slots=64 req_prod=5659 req_cons=5645 req_used=14 comp_prod=5595 comp_cons=5595 comp_ready=0 next_comp_sequence=5084 next_req_slot=27 next_req_slot_busy=0 payload_free_slots=5323 payload_lease_hwm=0 request_wake_armed=0 completion_wake_armed=1 request_publishes=5659 request_kicks=0 completion_kicks=28 has_capacity=1
conn=3 lane=3 stream=0 failed=0 pending=0 inflight_count=64 inflight_slots=64 req_prod=3863 req_cons=3841 req_used=22 comp_prod=3799 comp_cons=3799 comp_ready=0 next_comp_sequence=3288 next_req_slot=279 next_req_slot_busy=0 payload_free_slots=6175 payload_lease_hwm=0 request_wake_armed=0 completion_wake_armed=1 request_publishes=3863 request_kicks=0 completion_kicks=64 has_capacity=1
timestamp_ns=1784169781197845077
online=1 transport=shm total_conns=4 active_conns=4
shm=1 daemon_online=1 daemon_generation=1 global_submit_sequence=30496 ring_entries=512 payload_entries=8192 transfer_payload_slots=1
conn=0 lane=0 stream=0 failed=0 pending=0 inflight_count=64 inflight_slots=64 req_prod=4961 req_cons=4943 req_used=18 comp_prod=4897 comp_cons=4897 comp_ready=0 next_comp_sequence=4386 next_req_slot=353 next_req_slot_busy=0 payload_free_slots=5632 payload_lease_hwm=0 request_wake_armed=0 completion_wake_armed=1 request_publishes=4961 request_kicks=1 completion_kicks=24 has_capacity=1
conn=1 lane=1 stream=0 failed=0 pending=0 inflight_count=64 inflight_slots=64 req_prod=15975 req_cons=15911 req_used=64 comp_prod=15911 comp_cons=15911 comp_ready=0 next_comp_sequence=15400 next_req_slot=103 next_req_slot_busy=0 payload_free_slots=2560 payload_lease_hwm=0 request_wake_armed=0 completion_wake_armed=1 request_publishes=15975 request_kicks=2 completion_kicks=28 has_capacity=1
conn=2 lane=2 stream=0 failed=0 pending=0 inflight_count=64 inflight_slots=64 req_prod=5659 req_cons=5645 req_used=14 comp_prod=5595 comp_cons=5595 comp_ready=0 next_comp_sequence=5084 next_req_slot=27 next_req_slot_busy=0 payload_free_slots=5323 payload_lease_hwm=0 request_wake_armed=0 completion_wake_armed=1 request_publishes=5659 request_kicks=0 completion_kicks=28 has_capacity=1
conn=3 lane=3 stream=0 failed=0 pending=0 inflight_count=64 inflight_slots=64 req_prod=3901 req_cons=3875 req_used=26 comp_prod=3837 comp_cons=3837 comp_ready=0 next_comp_sequence=3326 next_req_slot=317 next_req_slot_busy=0 payload_free_slots=6150 payload_lease_hwm=0 request_wake_armed=0 completion_wake_armed=1 request_publishes=3901 request_kicks=0 completion_kicks=65 has_capacity=1
timestamp_ns=1784169781455298843
online=1 transport=shm total_conns=4 active_conns=4
shm=1 daemon_online=1 daemon_generation=1 global_submit_sequence=30594 ring_entries=512 payload_entries=8192 transfer_payload_slots=1
conn=0 lane=0 stream=0 failed=0 pending=0 inflight_count=64 inflight_slots=64 req_prod=4977 req_cons=4962 req_used=15 comp_prod=4913 comp_cons=4913 comp_ready=0 next_comp_sequence=4402 next_req_slot=369 next_req_slot_busy=0 payload_free_slots=5623 payload_lease_hwm=0 request_wake_armed=0 completion_wake_armed=1 request_publishes=4977 request_kicks=1 completion_kicks=25 has_capacity=1
conn=1 lane=1 stream=0 failed=0 pending=0 inflight_count=64 inflight_slots=64 req_prod=15975 req_cons=15911 req_used=64 comp_prod=15911 comp_cons=15911 comp_ready=0 next_comp_sequence=15400 next_req_slot=103 next_req_slot_busy=0 payload_free_slots=2560 payload_lease_hwm=0 request_wake_armed=0 completion_wake_armed=1 request_publishes=15975 request_kicks=2 completion_kicks=28 has_capacity=1
conn=2 lane=2 stream=0 failed=0 pending=0 inflight_count=64 inflight_slots=64 req_prod=5707 req_cons=5683 req_used=24 comp_prod=5643 comp_cons=5643 comp_ready=0 next_comp_sequence=5132 next_req_slot=75 next_req_slot_busy=0 payload_free_slots=5300 payload_lease_hwm=0 request_wake_armed=0 completion_wake_armed=1 request_publishes=5707 request_kicks=0 completion_kicks=30 has_capacity=1
conn=3 lane=3 stream=0 failed=0 pending=0 inflight_count=64 inflight_slots=64 req_prod=3935 req_cons=3923 req_used=12 comp_prod=3871 comp_cons=3871 comp_ready=0 next_comp_sequence=3360 next_req_slot=351 next_req_slot_busy=0 payload_free_slots=6129 payload_lease_hwm=0 request_wake_armed=0 completion_wake_armed=1 request_publishes=3935 request_kicks=0 completion_kicks=66 has_capacity=1
timestamp_ns=1784169781712650334
online=1 transport=shm total_conns=4 active_conns=4
shm=1 daemon_online=1 daemon_generation=1 global_submit_sequence=30609 ring_entries=512 payload_entries=8192 transfer_payload_slots=1
conn=0 lane=0 stream=0 failed=0 pending=0 inflight_count=64 inflight_slots=64 req_prod=4977 req_cons=4962 req_used=15 comp_prod=4913 comp_cons=4913 comp_ready=0 next_comp_sequence=4402 next_req_slot=369 next_req_slot_busy=0 payload_free_slots=5623 payload_lease_hwm=0 request_wake_armed=0 completion_wake_armed=1 request_publishes=4977 request_kicks=1 completion_kicks=25 has_capacity=1
conn=1 lane=1 stream=0 failed=0 pending=0 inflight_count=64 inflight_slots=64 req_prod=15975 req_cons=15911 req_used=64 comp_prod=15911 comp_cons=15911 comp_ready=0 next_comp_sequence=15400 next_req_slot=103 next_req_slot_busy=0 payload_free_slots=2560 payload_lease_hwm=0 request_wake_armed=0 completion_wake_armed=1 request_publishes=15975 request_kicks=2 completion_kicks=28 has_capacity=1
conn=2 lane=2 stream=0 failed=0 pending=0 inflight_count=64 inflight_slots=64 req_prod=5707 req_cons=5683 req_used=24 comp_prod=5643 comp_cons=5643 comp_ready=0 next_comp_sequence=5132 next_req_slot=75 next_req_slot_busy=0 payload_free_slots=5300 payload_lease_hwm=0 request_wake_armed=0 completion_wake_armed=1 request_publishes=5707 request_kicks=0 completion_kicks=30 has_capacity=1
conn=3 lane=3 stream=0 failed=0 pending=0 inflight_count=64 inflight_slots=64 req_prod=3950 req_cons=3935 req_used=15 comp_prod=3886 comp_cons=3886 comp_ready=0 next_comp_sequence=3375 next_req_slot=366 next_req_slot_busy=0 payload_free_slots=6123 payload_lease_hwm=0 request_wake_armed=0 completion_wake_armed=1 request_publishes=3950 request_kicks=0 completion_kicks=67 has_capacity=1
timestamp_ns=1784169781969903911
online=1 transport=shm total_conns=4 active_conns=4
shm=1 daemon_online=1 daemon_generation=1 global_submit_sequence=30626 ring_entries=512 payload_entries=8192 transfer_payload_slots=1
conn=0 lane=0 stream=0 failed=0 pending=0 inflight_count=64 inflight_slots=64 req_prod=4977 req_cons=4962 req_used=15 comp_prod=4913 comp_cons=4913 comp_ready=0 next_comp_sequence=4402 next_req_slot=369 next_req_slot_busy=0 payload_free_slots=5623 payload_lease_hwm=0 request_wake_armed=0 completion_wake_armed=1 request_publishes=4977 request_kicks=1 completion_kicks=25 has_capacity=1
conn=1 lane=1 stream=0 failed=0 pending=0 inflight_count=64 inflight_slots=64 req_prod=15975 req_cons=15911 req_used=64 comp_prod=15911 comp_cons=15911 comp_ready=0 next_comp_sequence=15400 next_req_slot=103 next_req_slot_busy=0 payload_free_slots=2560 payload_lease_hwm=0 request_wake_armed=0 completion_wake_armed=1 request_publishes=15975 request_kicks=2 completion_kicks=28 has_capacity=1
conn=2 lane=2 stream=0 failed=0 pending=0 inflight_count=64 inflight_slots=64 req_prod=5707 req_cons=5683 req_used=24 comp_prod=5643 comp_cons=5643 comp_ready=0 next_comp_sequence=5132 next_req_slot=75 next_req_slot_busy=0 payload_free_slots=5300 payload_lease_hwm=0 request_wake_armed=0 completion_wake_armed=1 request_publishes=5707 request_kicks=0 completion_kicks=30 has_capacity=1
conn=3 lane=3 stream=0 failed=0 pending=0 inflight_count=64 inflight_slots=64 req_prod=3967 req_cons=3950 req_used=17 comp_prod=3903 comp_cons=3903 comp_ready=0 next_comp_sequence=3392 next_req_slot=383 next_req_slot_busy=0 payload_free_slots=6116 payload_lease_hwm=0 request_wake_armed=0 completion_wake_armed=1 request_publishes=3967 request_kicks=0 completion_kicks=68 has_capacity=1
timestamp_ns=1784169782227177959
online=1 transport=shm total_conns=4 active_conns=4
shm=1 daemon_online=1 daemon_generation=1 global_submit_sequence=30647 ring_entries=512 payload_entries=8192 transfer_payload_slots=1
conn=0 lane=0 stream=0 failed=0 pending=0 inflight_count=64 inflight_slots=64 req_prod=4977 req_cons=4962 req_used=15 comp_prod=4913 comp_cons=4913 comp_ready=0 next_comp_sequence=4402 next_req_slot=369 next_req_slot_busy=0 payload_free_slots=5623 payload_lease_hwm=0 request_wake_armed=0 completion_wake_armed=1 request_publishes=4977 request_kicks=1 completion_kicks=25 has_capacity=1
conn=1 lane=1 stream=0 failed=0 pending=0 inflight_count=64 inflight_slots=64 req_prod=15975 req_cons=15911 req_used=64 comp_prod=15911 comp_cons=15911 comp_ready=0 next_comp_sequence=15400 next_req_slot=103 next_req_slot_busy=0 payload_free_slots=2560 payload_lease_hwm=0 request_wake_armed=0 completion_wake_armed=1 request_publishes=15975 request_kicks=2 completion_kicks=28 has_capacity=1
conn=2 lane=2 stream=0 failed=0 pending=0 inflight_count=64 inflight_slots=64 req_prod=5728 req_cons=5707 req_used=21 comp_prod=5664 comp_cons=5664 comp_ready=0 next_comp_sequence=5153 next_req_slot=96 next_req_slot_busy=0 payload_free_slots=5293 payload_lease_hwm=0 request_wake_armed=0 completion_wake_armed=1 request_publishes=5728 request_kicks=0 completion_kicks=31 has_capacity=1
conn=3 lane=3 stream=0 failed=0 pending=0 inflight_count=64 inflight_slots=64 req_prod=3967 req_cons=3950 req_used=17 comp_prod=3903 comp_cons=3903 comp_ready=0 next_comp_sequence=3392 next_req_slot=383 next_req_slot_busy=0 payload_free_slots=6116 payload_lease_hwm=0 request_wake_armed=0 completion_wake_armed=1 request_publishes=3967 request_kicks=0 completion_kicks=68 has_capacity=1
timestamp_ns=1784169782484455424
online=1 transport=shm total_conns=4 active_conns=4
shm=1 daemon_online=1 daemon_generation=1 global_submit_sequence=30656 ring_entries=512 payload_entries=8192 transfer_payload_slots=1
conn=0 lane=0 stream=0 failed=0 pending=0 inflight_count=64 inflight_slots=64 req_prod=4986 req_cons=4963 req_used=23 comp_prod=4922 comp_cons=4922 comp_ready=0 next_comp_sequence=4411 next_req_slot=378 next_req_slot_busy=0 payload_free_slots=5622 payload_lease_hwm=0 request_wake_armed=0 completion_wake_armed=1 request_publishes=4986 request_kicks=1 completion_kicks=26 has_capacity=1
conn=1 lane=1 stream=0 failed=0 pending=0 inflight_count=64 inflight_slots=64 req_prod=15975 req_cons=15911 req_used=64 comp_prod=15911 comp_cons=15911 comp_ready=0 next_comp_sequence=15400 next_req_slot=103 next_req_slot_busy=0 payload_free_slots=2560 payload_lease_hwm=0 request_wake_armed=0 completion_wake_armed=1 request_publishes=15975 request_kicks=2 completion_kicks=28 has_capacity=1
conn=2 lane=2 stream=0 failed=0 pending=0 inflight_count=64 inflight_slots=64 req_prod=5728 req_cons=5707 req_used=21 comp_prod=5664 comp_cons=5664 comp_ready=0 next_comp_sequence=5153 next_req_slot=96 next_req_slot_busy=0 payload_free_slots=5293 payload_lease_hwm=0 request_wake_armed=0 completion_wake_armed=1 request_publishes=5728 request_kicks=0 completion_kicks=31 has_capacity=1
conn=3 lane=3 stream=0 failed=0 pending=0 inflight_count=64 inflight_slots=64 req_prod=3967 req_cons=3950 req_used=17 comp_prod=3903 comp_cons=3903 comp_ready=0 next_comp_sequence=3392 next_req_slot=383 next_req_slot_busy=0 payload_free_slots=6116 payload_lease_hwm=0 request_wake_armed=0 completion_wake_armed=1 request_publishes=3967 request_kicks=0 completion_kicks=68 has_capacity=1
timestamp_ns=1784169782741747570
online=1 transport=shm total_conns=4 active_conns=4
shm=1 daemon_online=1 daemon_generation=1 global_submit_sequence=31115 ring_entries=512 payload_entries=8192 transfer_payload_slots=1
conn=0 lane=0 stream=0 failed=0 pending=0 inflight_count=64 inflight_slots=64 req_prod=4986 req_cons=4963 req_used=23 comp_prod=4922 comp_cons=4922 comp_ready=0 next_comp_sequence=4411 next_req_slot=378 next_req_slot_busy=0 payload_free_slots=5622 payload_lease_hwm=0 request_wake_armed=0 completion_wake_armed=1 request_publishes=4986 request_kicks=1 completion_kicks=26 has_capacity=1
conn=1 lane=1 stream=0 failed=0 pending=0 inflight_count=64 inflight_slots=64 req_prod=16363 req_cons=16299 req_used=64 comp_prod=16299 comp_cons=16299 comp_ready=0 next_comp_sequence=15788 next_req_slot=491 next_req_slot_busy=0 payload_free_slots=2560 payload_lease_hwm=0 request_wake_armed=0 completion_wake_armed=1 request_publishes=16363 request_kicks=2 completion_kicks=30 has_capacity=1
conn=2 lane=2 stream=0 failed=0 pending=0 inflight_count=64 inflight_slots=64 req_prod=5758 req_cons=5741 req_used=17 comp_prod=5694 comp_cons=5694 comp_ready=0 next_comp_sequence=5183 next_req_slot=126 next_req_slot_busy=0 payload_free_slots=5276 payload_lease_hwm=0 request_wake_armed=0 completion_wake_armed=1 request_publishes=5758 request_kicks=0 completion_kicks=32 has_capacity=1
conn=3 lane=3 stream=0 failed=0 pending=0 inflight_count=64 inflight_slots=64 req_prod=4008 req_cons=3999 req_used=9 comp_prod=3944 comp_cons=3944 comp_ready=0 next_comp_sequence=3433 next_req_slot=424 next_req_slot_busy=0 payload_free_slots=6099 payload_lease_hwm=0 request_wake_armed=0 completion_wake_armed=1 request_publishes=4008 request_kicks=0 completion_kicks=69 has_capacity=1
timestamp_ns=1784169782999066388
online=1 transport=shm total_conns=4 active_conns=4
shm=1 daemon_online=1 daemon_generation=1 global_submit_sequence=31128 ring_entries=512 payload_entries=8192 transfer_payload_slots=1
conn=0 lane=0 stream=0 failed=0 pending=0 inflight_count=64 inflight_slots=64 req_prod=4986 req_cons=4963 req_used=23 comp_prod=4922 comp_cons=4922 comp_ready=0 next_comp_sequence=4411 next_req_slot=378 next_req_slot_busy=0 payload_free_slots=5622 payload_lease_hwm=0 request_wake_armed=0 completion_wake_armed=1 request_publishes=4986 request_kicks=1 completion_kicks=26 has_capacity=1
conn=1 lane=1 stream=0 failed=0 pending=0 inflight_count=64 inflight_slots=64 req_prod=16363 req_cons=16299 req_used=64 comp_prod=16299 comp_cons=16299 comp_ready=0 next_comp_sequence=15788 next_req_slot=491 next_req_slot_busy=0 payload_free_slots=2560 payload_lease_hwm=0 request_wake_armed=0 completion_wake_armed=1 request_publishes=16363 request_kicks=2 completion_kicks=30 has_capacity=1
conn=2 lane=2 stream=0 failed=0 pending=0 inflight_count=64 inflight_slots=64 req_prod=5758 req_cons=5741 req_used=17 comp_prod=5694 comp_cons=5694 comp_ready=0 next_comp_sequence=5183 next_req_slot=126 next_req_slot_busy=0 payload_free_slots=5276 payload_lease_hwm=0 request_wake_armed=0 completion_wake_armed=1 request_publishes=5758 request_kicks=0 completion_kicks=32 has_capacity=1
conn=3 lane=3 stream=0 failed=0 pending=0 inflight_count=64 inflight_slots=64 req_prod=4021 req_cons=4008 req_used=13 comp_prod=3957 comp_cons=3957 comp_ready=0 next_comp_sequence=3446 next_req_slot=437 next_req_slot_busy=0 payload_free_slots=6096 payload_lease_hwm=0 request_wake_armed=0 completion_wake_armed=1 request_publishes=4021 request_kicks=0 completion_kicks=70 has_capacity=1
timestamp_ns=1784169783256395211
online=1 transport=shm total_conns=4 active_conns=4
shm=1 daemon_online=1 daemon_generation=1 global_submit_sequence=31156 ring_entries=512 payload_entries=8192 transfer_payload_slots=1
conn=0 lane=0 stream=0 failed=0 pending=0 inflight_count=64 inflight_slots=64 req_prod=4986 req_cons=4963 req_used=23 comp_prod=4922 comp_cons=4922 comp_ready=0 next_comp_sequence=4411 next_req_slot=378 next_req_slot_busy=0 payload_free_slots=5622 payload_lease_hwm=0 request_wake_armed=0 completion_wake_armed=1 request_publishes=4986 request_kicks=1 completion_kicks=26 has_capacity=1
conn=1 lane=1 stream=0 failed=0 pending=0 inflight_count=64 inflight_slots=64 req_prod=16363 req_cons=16299 req_used=64 comp_prod=16299 comp_cons=16299 comp_ready=0 next_comp_sequence=15788 next_req_slot=491 next_req_slot_busy=0 payload_free_slots=2560 payload_lease_hwm=0 request_wake_armed=0 completion_wake_armed=1 request_publishes=16363 request_kicks=2 completion_kicks=30 has_capacity=1
conn=2 lane=2 stream=0 failed=0 pending=0 inflight_count=64 inflight_slots=64 req_prod=5775 req_cons=5758 req_used=17 comp_prod=5711 comp_cons=5711 comp_ready=0 next_comp_sequence=5200 next_req_slot=143 next_req_slot_busy=0 payload_free_slots=5268 payload_lease_hwm=0 request_wake_armed=0 completion_wake_armed=1 request_publishes=5775 request_kicks=0 completion_kicks=33 has_capacity=1
conn=3 lane=3 stream=0 failed=0 pending=0 inflight_count=64 inflight_slots=64 req_prod=4032 req_cons=4020 req_used=12 comp_prod=3968 comp_cons=3968 comp_ready=0 next_comp_sequence=3457 next_req_slot=448 next_req_slot_busy=0 payload_free_slots=6089 payload_lease_hwm=0 request_wake_armed=0 completion_wake_armed=1 request_publishes=4032 request_kicks=0 completion_kicks=71 has_capacity=1
timestamp_ns=1784169783513653675
online=1 transport=shm total_conns=4 active_conns=4
shm=1 daemon_online=1 daemon_generation=1 global_submit_sequence=31169 ring_entries=512 payload_entries=8192 transfer_payload_slots=1
conn=0 lane=0 stream=0 failed=0 pending=0 inflight_count=64 inflight_slots=64 req_prod=4986 req_cons=4963 req_used=23 comp_prod=4922 comp_cons=4922 comp_ready=0 next_comp_sequence=4411 next_req_slot=378 next_req_slot_busy=0 payload_free_slots=5622 payload_lease_hwm=0 request_wake_armed=0 completion_wake_armed=1 request_publishes=4986 request_kicks=1 completion_kicks=26 has_capacity=1
conn=1 lane=1 stream=0 failed=0 pending=0 inflight_count=64 inflight_slots=64 req_prod=16363 req_cons=16299 req_used=64 comp_prod=16299 comp_cons=16299 comp_ready=0 next_comp_sequence=15788 next_req_slot=491 next_req_slot_busy=0 payload_free_slots=2560 payload_lease_hwm=0 request_wake_armed=0 completion_wake_armed=1 request_publishes=16363 request_kicks=2 completion_kicks=30 has_capacity=1
conn=2 lane=2 stream=0 failed=0 pending=0 inflight_count=64 inflight_slots=64 req_prod=5788 req_cons=5775 req_used=13 comp_prod=5724 comp_cons=5724 comp_ready=0 next_comp_sequence=5213 next_req_slot=156 next_req_slot_busy=0 payload_free_slots=5261 payload_lease_hwm=0 request_wake_armed=0 completion_wake_armed=1 request_publishes=5788 request_kicks=0 completion_kicks=34 has_capacity=1
conn=3 lane=3 stream=0 failed=0 pending=0 inflight_count=64 inflight_slots=64 req_prod=4032 req_cons=4020 req_used=12 comp_prod=3968 comp_cons=3968 comp_ready=0 next_comp_sequence=3457 next_req_slot=448 next_req_slot_busy=0 payload_free_slots=6089 payload_lease_hwm=0 request_wake_armed=0 completion_wake_armed=1 request_publishes=4032 request_kicks=0 completion_kicks=71 has_capacity=1
timestamp_ns=1784169783770880827
online=1 transport=shm total_conns=4 active_conns=4
shm=1 daemon_online=1 daemon_generation=1 global_submit_sequence=31169 ring_entries=512 payload_entries=8192 transfer_payload_slots=1
conn=0 lane=0 stream=0 failed=0 pending=0 inflight_count=64 inflight_slots=64 req_prod=4986 req_cons=4963 req_used=23 comp_prod=4922 comp_cons=4922 comp_ready=0 next_comp_sequence=4411 next_req_slot=378 next_req_slot_busy=0 payload_free_slots=5622 payload_lease_hwm=0 request_wake_armed=0 completion_wake_armed=1 request_publishes=4986 request_kicks=1 completion_kicks=26 has_capacity=1
conn=1 lane=1 stream=0 failed=0 pending=0 inflight_count=64 inflight_slots=64 req_prod=16363 req_cons=16299 req_used=64 comp_prod=16299 comp_cons=16299 comp_ready=0 next_comp_sequence=15788 next_req_slot=491 next_req_slot_busy=0 payload_free_slots=2560 payload_lease_hwm=0 request_wake_armed=0 completion_wake_armed=1 request_publishes=16363 request_kicks=2 completion_kicks=30 has_capacity=1
conn=2 lane=2 stream=0 failed=0 pending=0 inflight_count=64 inflight_slots=64 req_prod=5788 req_cons=5775 req_used=13 comp_prod=5724 comp_cons=5724 comp_ready=0 next_comp_sequence=5213 next_req_slot=156 next_req_slot_busy=0 payload_free_slots=5261 payload_lease_hwm=0 request_wake_armed=0 completion_wake_armed=1 request_publishes=5788 request_kicks=0 completion_kicks=34 has_capacity=1
conn=3 lane=3 stream=0 failed=0 pending=0 inflight_count=64 inflight_slots=64 req_prod=4032 req_cons=4020 req_used=12 comp_prod=3968 comp_cons=3968 comp_ready=0 next_comp_sequence=3457 next_req_slot=448 next_req_slot_busy=0 payload_free_slots=6089 payload_lease_hwm=0 request_wake_armed=0 completion_wake_armed=1 request_publishes=4032 request_kicks=0 completion_kicks=71 has_capacity=1
timestamp_ns=1784169784028203892
online=1 transport=shm total_conns=4 active_conns=4
shm=1 daemon_online=1 daemon_generation=1 global_submit_sequence=31217 ring_entries=512 payload_entries=8192 transfer_payload_slots=1
conn=0 lane=0 stream=0 failed=0 pending=0 inflight_count=64 inflight_slots=64 req_prod=4986 req_cons=4963 req_used=23 comp_prod=4922 comp_cons=4922 comp_ready=0 next_comp_sequence=4411 next_req_slot=378 next_req_slot_busy=0 payload_free_slots=5622 payload_lease_hwm=0 request_wake_armed=0 completion_wake_armed=1 request_publishes=4986 request_kicks=1 completion_kicks=26 has_capacity=1
conn=1 lane=1 stream=0 failed=0 pending=0 inflight_count=64 inflight_slots=64 req_prod=16363 req_cons=16299 req_used=64 comp_prod=16299 comp_cons=16299 comp_ready=0 next_comp_sequence=15788 next_req_slot=491 next_req_slot_busy=0 payload_free_slots=2560 payload_lease_hwm=0 request_wake_armed=0 completion_wake_armed=1 request_publishes=16363 request_kicks=2 completion_kicks=30 has_capacity=1
conn=2 lane=2 stream=0 failed=0 pending=0 inflight_count=64 inflight_slots=64 req_prod=5811 req_cons=5792 req_used=19 comp_prod=5747 comp_cons=5747 comp_ready=0 next_comp_sequence=5236 next_req_slot=179 next_req_slot_busy=0 payload_free_slots=5254 payload_lease_hwm=0 request_wake_armed=0 completion_wake_armed=1 request_publishes=5811 request_kicks=0 completion_kicks=35 has_capacity=1
conn=3 lane=3 stream=0 failed=0 pending=0 inflight_count=64 inflight_slots=64 req_prod=4057 req_cons=4020 req_used=37 comp_prod=3993 comp_cons=3993 comp_ready=0 next_comp_sequence=3482 next_req_slot=473 next_req_slot_busy=0 payload_free_slots=6089 payload_lease_hwm=0 request_wake_armed=0 completion_wake_armed=1 request_publishes=4057 request_kicks=0 completion_kicks=72 has_capacity=1
