tag,tree,transport,mode,workers,per_worker_qd,aggregate_qd,fua,variant,cohort,observed_cohorts,cohort_complete,repeat,ops_per_sec,latency_avg_us,latency_p50_us,latency_p95_us,latency_p99_us,cpu_ns_per_op,reported_completion,completion_semantic,source
base-efa-read-w1-qd1,base,efa,read,1,1,1,false,curve,1,1,true,1,44296,22.522,23.0,26.0,26.0,22575.9,missing,remote-read-completion,/home/rob/zcutils/bench-results/zcutils-blockmatrix-adhoc-c8gn16-20260811T121140Z/client-node/client/base-efa-read-w1-qd1/results.log
base-efa-read-w1-qd1,base,efa,read,1,1,1,false,curve,1,1,true,2,44275,22.533,23.0,26.0,26.0,22586.5,missing,remote-read-completion,/home/rob/zcutils/bench-results/zcutils-blockmatrix-adhoc-c8gn16-20260811T121140Z/client-node/client/base-efa-read-w1-qd1/results.log
base-efa-read-w1-qd1,base,efa,read,1,1,1,false,curve,1,1,true,3,44311,22.514,23.0,26.0,26.0,22567.7,missing,remote-read-completion,/home/rob/zcutils/bench-results/zcutils-blockmatrix-adhoc-c8gn16-20260811T121140Z/client-node/client/base-efa-read-w1-qd1/results.log
base-efa-read-w1-qd1,base,efa,read,1,1,1,false,curve,1,1,true,4,44328,22.506,23.0,26.0,26.0,22559.2,missing,remote-read-completion,/home/rob/zcutils/bench-results/zcutils-blockmatrix-adhoc-c8gn16-20260811T121140Z/client-node/client/base-efa-read-w1-qd1/results.log
base-efa-read-w1-qd16,base,efa,read,1,16,16,false,curve,1,1,true,1,244164,64.723,65.0,67.0,68.0,4095.7,missing,remote-read-completion,/home/rob/zcutils/bench-results/zcutils-blockmatrix-adhoc-c8gn16-20260811T121140Z/client-node/client/base-efa-read-w1-qd16/results.log
base-efa-read-w1-qd16,base,efa,read,1,16,16,false,curve,1,1,true,2,245472,64.372,65.0,67.0,68.0,4074.0,missing,remote-read-completion,/home/rob/zcutils/bench-results/zcutils-blockmatrix-adhoc-c8gn16-20260811T121140Z/client-node/client/base-efa-read-w1-qd16/results.log
base-efa-read-w1-qd16,base,efa,read,1,16,16,false,curve,1,1,true,3,244959,64.506,65.0,68.0,68.0,4082.5,missing,remote-read-completion,/home/rob/zcutils/bench-results/zcutils-blockmatrix-adhoc-c8gn16-20260811T121140Z/client-node/client/base-efa-read-w1-qd16/results.log
base-efa-read-w1-qd16,base,efa,read,1,16,16,false,curve,1,1,true,4,245260,64.427,65.0,67.0,68.0,4077.4,missing,remote-read-completion,/home/rob/zcutils/bench-results/zcutils-blockmatrix-adhoc-c8gn16-20260811T121140Z/client-node/client/base-efa-read-w1-qd16/results.log
base-efa-read-w2-qd128,base,efa,read,2,128,256,false,curve,1,1,true,1,605193,422.134,396.0,461.0,463.0,3300.4,missing,remote-read-completion,/home/rob/zcutils/bench-results/zcutils-blockmatrix-adhoc-c8gn16-20260811T121140Z/client-node/client/base-efa-read-w2-qd128/results.log
base-efa-read-w2-qd128,base,efa,read,2,128,256,false,curve,1,1,true,2,609869,419.275,396.0,461.0,463.0,3278.2,missing,remote-read-completion,/home/rob/zcutils/bench-results/zcutils-blockmatrix-adhoc-c8gn16-20260811T121140Z/client-node/client/base-efa-read-w2-qd128/results.log
base-efa-read-w2-qd128,base,efa,read,2,128,256,false,curve,1,1,true,3,608816,419.661,396.0,462.0,463.0,3281.1,missing,remote-read-completion,/home/rob/zcutils/bench-results/zcutils-blockmatrix-adhoc-c8gn16-20260811T121140Z/client-node/client/base-efa-read-w2-qd128/results.log
base-efa-read-w2-qd128,base,efa,read,2,128,256,false,curve,1,1,true,4,609238,419.638,396.0,462.0,463.0,3281.0,missing,remote-read-completion,/home/rob/zcutils/bench-results/zcutils-blockmatrix-adhoc-c8gn16-20260811T121140Z/client-node/client/base-efa-read-w2-qd128/results.log
base-tcp-read-w1-qd1,base,tcp,read,1,1,1,false,curve,1,1,true,1,27749,35.984,36.0,39.0,54.0,36037.1,missing,remote-read-completion,/home/rob/zcutils/bench-results/zcutils-blockmatrix-adhoc-c8gn16-20260811T121140Z/client-node/client/base-tcp-read-w1-qd1/results.log
base-tcp-read-w1-qd1,base,tcp,read,1,1,1,false,curve,1,1,true,2,27777,35.947,36.0,39.0,54.0,36001.0,missing,remote-read-completion,/home/rob/zcutils/bench-results/zcutils-blockmatrix-adhoc-c8gn16-20260811T121140Z/client-node/client/base-tcp-read-w1-qd1/results.log
base-tcp-read-w1-qd1,base,tcp,read,1,1,1,false,curve,1,1,true,3,27821,35.89,36.0,39.0,54.0,35944.0,missing,remote-read-completion,/home/rob/zcutils/bench-results/zcutils-blockmatrix-adhoc-c8gn16-20260811T121140Z/client-node/client/base-tcp-read-w1-qd1/results.log
base-tcp-read-w1-qd1,base,tcp,read,1,1,1,false,curve,1,1,true,4,27819,35.893,36.0,39.0,54.0,35947.0,missing,remote-read-completion,/home/rob/zcutils/bench-results/zcutils-blockmatrix-adhoc-c8gn16-20260811T121140Z/client-node/client/base-tcp-read-w1-qd1/results.log
base-tcp-read-w1-qd16,base,tcp,read,1,16,16,false,curve,1,1,true,1,144002,110.57,120.0,124.0,126.0,6944.2,missing,remote-read-completion,/home/rob/zcutils/bench-results/zcutils-blockmatrix-adhoc-c8gn16-20260811T121140Z/client-node/client/base-tcp-read-w1-qd16/results.log
base-tcp-read-w1-qd16,base,tcp,read,1,16,16,false,curve,1,1,true,2,144102,110.495,120.0,124.0,126.0,6939.7,missing,remote-read-completion,/home/rob/zcutils/bench-results/zcutils-blockmatrix-adhoc-c8gn16-20260811T121140Z/client-node/client/base-tcp-read-w1-qd16/results.log
base-tcp-read-w1-qd16,base,tcp,read,1,16,16,false,curve,1,1,true,3,144200,110.419,120.0,124.0,126.0,6935.0,missing,remote-read-completion,/home/rob/zcutils/bench-results/zcutils-blockmatrix-adhoc-c8gn16-20260811T121140Z/client-node/client/base-tcp-read-w1-qd16/results.log
base-tcp-read-w1-qd16,base,tcp,read,1,16,16,false,curve,1,1,true,4,144142,110.466,120.0,124.0,127.0,6937.7,missing,remote-read-completion,/home/rob/zcutils/bench-results/zcutils-blockmatrix-adhoc-c8gn16-20260811T121140Z/client-node/client/base-tcp-read-w1-qd16/results.log
base-tcp-read-w2-qd128,base,tcp,read,2,128,256,false,curve,1,1,true,1,563949,453.6,453.0,517.0,563.0,3546.5,missing,remote-read-completion,/home/rob/zcutils/bench-results/zcutils-blockmatrix-adhoc-c8gn16-20260811T121140Z/client-node/client/base-tcp-read-w2-qd128/results.log
base-tcp-read-w2-qd128,base,tcp,read,2,128,256,false,curve,1,1,true,2,563945,453.601,453.0,517.0,562.0,3546.5,missing,remote-read-completion,/home/rob/zcutils/bench-results/zcutils-blockmatrix-adhoc-c8gn16-20260811T121140Z/client-node/client/base-tcp-read-w2-qd128/results.log
base-tcp-read-w2-qd128,base,tcp,read,2,128,256,false,curve,1,1,true,3,563940,453.616,453.0,517.0,562.0,3546.5,missing,remote-read-completion,/home/rob/zcutils/bench-results/zcutils-blockmatrix-adhoc-c8gn16-20260811T121140Z/client-node/client/base-tcp-read-w2-qd128/results.log
base-tcp-read-w2-qd128,base,tcp,read,2,128,256,false,curve,1,1,true,4,563945,453.605,453.0,517.0,560.0,3546.4,missing,remote-read-completion,/home/rob/zcutils/bench-results/zcutils-blockmatrix-adhoc-c8gn16-20260811T121140Z/client-node/client/base-tcp-read-w2-qd128/results.log
base-tcp-rw-w1-qd1,base,tcp,rw,1,1,1,false,curve,1,1,true,1,51881,19.221,5.0,43.0,70.0,19275.5,missing,mixed-remote-reads-and-early-local-writes,/home/rob/zcutils/bench-results/zcutils-blockmatrix-adhoc-c8gn16-20260811T121140Z/client-node/client/base-tcp-rw-w1-qd1/results.log
base-tcp-rw-w1-qd1,base,tcp,rw,1,1,1,false,curve,1,1,true,2,51956,19.193,5.0,43.0,70.0,19247.4,missing,mixed-remote-reads-and-early-local-writes,/home/rob/zcutils/bench-results/zcutils-blockmatrix-adhoc-c8gn16-20260811T121140Z/client-node/client/base-tcp-rw-w1-qd1/results.log
base-tcp-rw-w1-qd1,base,tcp,rw,1,1,1,false,curve,1,1,true,3,51933,19.201,5.0,43.0,68.0,19255.8,missing,mixed-remote-reads-and-early-local-writes,/home/rob/zcutils/bench-results/zcutils-blockmatrix-adhoc-c8gn16-20260811T121140Z/client-node/client/base-tcp-rw-w1-qd1/results.log
base-tcp-rw-w1-qd1,base,tcp,rw,1,1,1,false,curve,1,1,true,4,51889,19.217,5.0,44.0,68.0,19272.1,missing,mixed-remote-reads-and-early-local-writes,/home/rob/zcutils/bench-results/zcutils-blockmatrix-adhoc-c8gn16-20260811T121140Z/client-node/client/base-tcp-rw-w1-qd1/results.log
base-tcp-rw-w1-qd16,base,tcp,rw,1,16,16,false,curve,1,1,true,1,181735,87.425,64.0,127.0,129.0,5502.8,missing,mixed-remote-reads-and-early-local-writes,/home/rob/zcutils/bench-results/zcutils-blockmatrix-adhoc-c8gn16-20260811T121140Z/client-node/client/base-tcp-rw-w1-qd16/results.log
base-tcp-rw-w1-qd16,base,tcp,rw,1,16,16,false,curve,1,1,true,2,181985,87.304,64.0,127.0,129.0,5495.2,missing,mixed-remote-reads-and-early-local-writes,/home/rob/zcutils/bench-results/zcutils-blockmatrix-adhoc-c8gn16-20260811T121140Z/client-node/client/base-tcp-rw-w1-qd16/results.log
base-tcp-rw-w1-qd16,base,tcp,rw,1,16,16,false,curve,1,1,true,3,181975,87.309,64.0,127.0,129.0,5495.5,missing,mixed-remote-reads-and-early-local-writes,/home/rob/zcutils/bench-results/zcutils-blockmatrix-adhoc-c8gn16-20260811T121140Z/client-node/client/base-tcp-rw-w1-qd16/results.log
base-tcp-rw-w1-qd16,base,tcp,rw,1,16,16,false,curve,1,1,true,4,181837,87.376,64.0,127.0,129.0,5499.5,missing,mixed-remote-reads-and-early-local-writes,/home/rob/zcutils/bench-results/zcutils-blockmatrix-adhoc-c8gn16-20260811T121140Z/client-node/client/base-tcp-rw-w1-qd16/results.log
base-tcp-rw-w2-qd128,base,tcp,rw,2,128,256,false,curve,1,1,true,1,606031,421.212,399.0,466.0,527.0,3296.8,missing,mixed-remote-reads-and-early-local-writes,/home/rob/zcutils/bench-results/zcutils-blockmatrix-adhoc-c8gn16-20260811T121140Z/client-node/client/base-tcp-rw-w2-qd128/results.log
base-tcp-rw-w2-qd128,base,tcp,rw,2,128,256,false,curve,1,1,true,2,606397,421.258,399.0,466.0,528.0,3295.0,missing,mixed-remote-reads-and-early-local-writes,/home/rob/zcutils/bench-results/zcutils-blockmatrix-adhoc-c8gn16-20260811T121140Z/client-node/client/base-tcp-rw-w2-qd128/results.log
base-tcp-rw-w2-qd128,base,tcp,rw,2,128,256,false,curve,1,1,true,3,606365,421.281,399.0,466.0,528.0,3294.4,missing,mixed-remote-reads-and-early-local-writes,/home/rob/zcutils/bench-results/zcutils-blockmatrix-adhoc-c8gn16-20260811T121140Z/client-node/client/base-tcp-rw-w2-qd128/results.log
base-tcp-rw-w2-qd128,base,tcp,rw,2,128,256,false,curve,1,1,true,4,605395,421.15,399.0,466.0,527.0,3294.5,missing,mixed-remote-reads-and-early-local-writes,/home/rob/zcutils/bench-results/zcutils-blockmatrix-adhoc-c8gn16-20260811T121140Z/client-node/client/base-tcp-rw-w2-qd128/results.log
base-tcp-write-w1-qd1,base,tcp,write,1,1,1,false,curve,1,1,true,1,77629,12.829,5.0,47.0,61.0,12881.7,missing,early-local-dirty-lease-ack,/home/rob/zcutils/bench-results/zcutils-blockmatrix-adhoc-c8gn16-20260811T121140Z/client-node/client/base-tcp-write-w1-qd1/results.log
base-tcp-write-w1-qd1,base,tcp,write,1,1,1,false,curve,1,1,true,2,77630,12.829,5.0,47.0,61.0,12881.7,missing,early-local-dirty-lease-ack,/home/rob/zcutils/bench-results/zcutils-blockmatrix-adhoc-c8gn16-20260811T121140Z/client-node/client/base-tcp-write-w1-qd1/results.log
base-tcp-write-w1-qd1,base,tcp,write,1,1,1,false,curve,1,1,true,3,77656,12.824,5.0,47.0,61.0,12876.9,missing,early-local-dirty-lease-ack,/home/rob/zcutils/bench-results/zcutils-blockmatrix-adhoc-c8gn16-20260811T121140Z/client-node/client/base-tcp-write-w1-qd1/results.log
base-tcp-write-w1-qd1,base,tcp,write,1,1,1,false,curve,1,1,true,4,77633,12.828,5.0,47.0,61.0,12881.0,missing,early-local-dirty-lease-ack,/home/rob/zcutils/bench-results/zcutils-blockmatrix-adhoc-c8gn16-20260811T121140Z/client-node/client/base-tcp-write-w1-qd1/results.log
base-tcp-write-w1-qd16,base,tcp,write,1,16,16,false,curve,1,1,true,1,189940,83.45,66.0,123.0,127.0,5265.0,missing,early-local-dirty-lease-ack,/home/rob/zcutils/bench-results/zcutils-blockmatrix-adhoc-c8gn16-20260811T121140Z/client-node/client/base-tcp-write-w1-qd16/results.log
base-tcp-write-w1-qd16,base,tcp,write,1,16,16,false,curve,1,1,true,2,190335,83.278,66.0,123.0,127.0,5253.7,missing,early-local-dirty-lease-ack,/home/rob/zcutils/bench-results/zcutils-blockmatrix-adhoc-c8gn16-20260811T121140Z/client-node/client/base-tcp-write-w1-qd16/results.log
base-tcp-write-w1-qd16,base,tcp,write,1,16,16,false,curve,1,1,true,3,190741,83.098,66.0,123.0,127.0,5242.9,missing,early-local-dirty-lease-ack,/home/rob/zcutils/bench-results/zcutils-blockmatrix-adhoc-c8gn16-20260811T121140Z/client-node/client/base-tcp-write-w1-qd16/results.log
base-tcp-write-w1-qd16,base,tcp,write,1,16,16,false,curve,1,1,true,4,191079,82.949,66.0,123.0,127.0,5233.5,missing,early-local-dirty-lease-ack,/home/rob/zcutils/bench-results/zcutils-blockmatrix-adhoc-c8gn16-20260811T121140Z/client-node/client/base-tcp-write-w1-qd16/results.log
base-tcp-write-w2-qd128,base,tcp,write,2,128,256,false,curve,1,1,true,1,570222,444.275,400.0,607.0,969.0,3473.5,missing,early-local-dirty-lease-ack,/home/rob/zcutils/bench-results/zcutils-blockmatrix-adhoc-c8gn16-20260811T121140Z/client-node/client/base-tcp-write-w2-qd128/results.log
base-tcp-write-w2-qd128,base,tcp,write,2,128,256,false,curve,1,1,true,2,572337,444.482,400.0,566.0,982.0,3475.1,missing,early-local-dirty-lease-ack,/home/rob/zcutils/bench-results/zcutils-blockmatrix-adhoc-c8gn16-20260811T121140Z/client-node/client/base-tcp-write-w2-qd128/results.log
base-tcp-write-w2-qd128,base,tcp,write,2,128,256,false,curve,1,1,true,3,571053,444.513,400.0,597.0,984.0,3475.3,missing,early-local-dirty-lease-ack,/home/rob/zcutils/bench-results/zcutils-blockmatrix-adhoc-c8gn16-20260811T121140Z/client-node/client/base-tcp-write-w2-qd128/results.log
base-tcp-write-w2-qd128,base,tcp,write,2,128,256,false,curve,1,1,true,4,571567,444.45,399.0,604.0,983.0,3474.9,missing,early-local-dirty-lease-ack,/home/rob/zcutils/bench-results/zcutils-blockmatrix-adhoc-c8gn16-20260811T121140Z/client-node/client/base-tcp-write-w2-qd128/results.log
current-efa-read-w1-qd16,current,efa,read,1,16,16,false,curve,1,1,true,1,245015,64.493,64.0,67.0,68.0,4081.5,ordinary-device-ack,remote-read-completion,/home/rob/zcutils/bench-results/zcutils-blockmatrix-adhoc-c8gn16-20260811T121140Z/client-node/client/current-efa-read-w1-qd16/results.log
current-efa-read-w1-qd16,current,efa,read,1,16,16,false,curve,1,1,true,2,245988,64.233,64.0,67.0,68.0,4065.5,ordinary-device-ack,remote-read-completion,/home/rob/zcutils/bench-results/zcutils-blockmatrix-adhoc-c8gn16-20260811T121140Z/client-node/client/current-efa-read-w1-qd16/results.log
current-efa-read-w1-qd16,current,efa,read,1,16,16,false,curve,1,1,true,3,245713,64.307,65.0,67.0,68.0,4070.0,ordinary-device-ack,remote-read-completion,/home/rob/zcutils/bench-results/zcutils-blockmatrix-adhoc-c8gn16-20260811T121140Z/client-node/client/current-efa-read-w1-qd16/results.log
current-efa-read-w1-qd16,current,efa,read,1,16,16,false,curve,1,1,true,4,245781,64.289,64.0,67.0,68.0,4068.7,ordinary-device-ack,remote-read-completion,/home/rob/zcutils/bench-results/zcutils-blockmatrix-adhoc-c8gn16-20260811T121140Z/client-node/client/current-efa-read-w1-qd16/results.log
current-efa-read-w1-qd2,current,efa,read,1,2,2,false,curve,1,1,true,1,54081,36.928,38.0,41.0,42.0,18490.9,ordinary-device-ack,remote-read-completion,/home/rob/zcutils/bench-results/zcutils-blockmatrix-adhoc-c8gn16-20260811T121140Z/client-node/client/current-efa-read-w1-qd2/results.log
current-efa-read-w1-qd2,current,efa,read,1,2,2,false,curve,1,1,true,2,54046,36.951,38.0,41.0,42.0,18502.7,ordinary-device-ack,remote-read-completion,/home/rob/zcutils/bench-results/zcutils-blockmatrix-adhoc-c8gn16-20260811T121140Z/client-node/client/current-efa-read-w1-qd2/results.log
current-efa-read-w1-qd2,current,efa,read,1,2,2,false,curve,1,1,true,3,54050,36.948,38.0,41.0,42.0,18501.2,ordinary-device-ack,remote-read-completion,/home/rob/zcutils/bench-results/zcutils-blockmatrix-adhoc-c8gn16-20260811T121140Z/client-node/client/current-efa-read-w1-qd2/results.log
current-efa-read-w1-qd2,current,efa,read,1,2,2,false,curve,1,1,true,4,54074,36.932,38.0,41.0,42.0,18493.2,ordinary-device-ack,remote-read-completion,/home/rob/zcutils/bench-results/zcutils-blockmatrix-adhoc-c8gn16-20260811T121140Z/client-node/client/current-efa-read-w1-qd2/results.log
current-efa-read-w1-qd4,current,efa,read,1,4,4,false,curve,1,1,true,1,98862,40.356,40.0,46.0,47.0,10115.4,ordinary-device-ack,remote-read-completion,/home/rob/zcutils/bench-results/zcutils-blockmatrix-adhoc-c8gn16-20260811T121140Z/client-node/client/current-efa-read-w1-qd4/results.log
current-efa-read-w1-qd4,current,efa,read,1,4,4,false,curve,1,1,true,2,98870,40.354,40.0,46.0,47.0,10114.4,ordinary-device-ack,remote-read-completion,/home/rob/zcutils/bench-results/zcutils-blockmatrix-adhoc-c8gn16-20260811T121140Z/client-node/client/current-efa-read-w1-qd4/results.log
current-efa-read-w1-qd4,current,efa,read,1,4,4,false,curve,1,1,true,3,98835,40.368,40.0,46.0,47.0,10117.9,ordinary-device-ack,remote-read-completion,/home/rob/zcutils/bench-results/zcutils-blockmatrix-adhoc-c8gn16-20260811T121140Z/client-node/client/current-efa-read-w1-qd4/results.log
current-efa-read-w1-qd4,current,efa,read,1,4,4,false,curve,1,1,true,4,98799,40.383,40.0,46.0,47.0,10121.6,ordinary-device-ack,remote-read-completion,/home/rob/zcutils/bench-results/zcutils-blockmatrix-adhoc-c8gn16-20260811T121140Z/client-node/client/current-efa-read-w1-qd4/results.log
current-efa-read-w1-qd8,current,efa,read,1,8,8,false,curve,1,1,true,1,134324,59.144,59.0,62.0,63.0,7444.6,ordinary-device-ack,remote-read-completion,/home/rob/zcutils/bench-results/zcutils-blockmatrix-adhoc-c8gn16-20260811T121140Z/client-node/client/current-efa-read-w1-qd8/results.log
current-efa-read-w1-qd8,current,efa,read,1,8,8,false,curve,1,1,true,2,134328,59.146,59.0,62.0,63.0,7444.5,ordinary-device-ack,remote-read-completion,/home/rob/zcutils/bench-results/zcutils-blockmatrix-adhoc-c8gn16-20260811T121140Z/client-node/client/current-efa-read-w1-qd8/results.log
current-efa-read-w1-qd8,current,efa,read,1,8,8,false,curve,1,1,true,3,134456,59.088,59.0,62.0,63.0,7437.4,ordinary-device-ack,remote-read-completion,/home/rob/zcutils/bench-results/zcutils-blockmatrix-adhoc-c8gn16-20260811T121140Z/client-node/client/current-efa-read-w1-qd8/results.log
current-efa-read-w1-qd8,current,efa,read,1,8,8,false,curve,1,1,true,4,134435,59.098,59.0,62.0,63.0,7438.6,ordinary-device-ack,remote-read-completion,/home/rob/zcutils/bench-results/zcutils-blockmatrix-adhoc-c8gn16-20260811T121140Z/client-node/client/current-efa-read-w1-qd8/results.log
current-efa-read-w2-qd128,current,efa,read,2,128,256,false,curve,1,1,true,1,609819,419.147,393.0,458.0,460.0,3277.1,ordinary-device-ack,remote-read-completion,/home/rob/zcutils/bench-results/zcutils-blockmatrix-adhoc-c8gn16-20260811T121140Z/client-node/client/current-efa-read-w2-qd128/results.log
current-efa-read-w2-qd128,current,efa,read,2,128,256,false,curve,1,1,true,2,614013,416.484,393.0,458.0,460.0,3256.5,ordinary-device-ack,remote-read-completion,/home/rob/zcutils/bench-results/zcutils-blockmatrix-adhoc-c8gn16-20260811T121140Z/client-node/client/current-efa-read-w2-qd128/results.log
current-efa-read-w2-qd128,current,efa,read,2,128,256,false,curve,1,1,true,3,612931,416.672,393.0,458.0,460.0,3257.9,ordinary-device-ack,remote-read-completion,/home/rob/zcutils/bench-results/zcutils-blockmatrix-adhoc-c8gn16-20260811T121140Z/client-node/client/current-efa-read-w2-qd128/results.log
current-efa-read-w2-qd128,current,efa,read,2,128,256,false,curve,1,1,true,4,614248,416.286,393.0,458.0,460.0,3254.9,ordinary-device-ack,remote-read-completion,/home/rob/zcutils/bench-results/zcutils-blockmatrix-adhoc-c8gn16-20260811T121140Z/client-node/client/current-efa-read-w2-qd128/results.log
current-efa-read-w2-qd256,current,efa,read,2,256,512,false,curve,1,1,true,1,601798,849.251,850.0,858.0,862.0,3318.9,ordinary-device-ack,remote-read-completion,/home/rob/zcutils/bench-results/zcutils-blockmatrix-adhoc-c8gn16-20260811T121140Z/client-node/client/current-efa-read-w2-qd256/results.log
current-efa-read-w2-qd256,current,efa,read,2,256,512,false,curve,1,1,true,2,608084,839.187,851.0,859.0,862.0,3279.7,ordinary-device-ack,remote-read-completion,/home/rob/zcutils/bench-results/zcutils-blockmatrix-adhoc-c8gn16-20260811T121140Z/client-node/client/current-efa-read-w2-qd256/results.log
current-efa-read-w2-qd256,current,efa,read,2,256,512,false,curve,1,1,true,3,607869,838.983,851.0,859.0,863.0,3278.9,ordinary-device-ack,remote-read-completion,/home/rob/zcutils/bench-results/zcutils-blockmatrix-adhoc-c8gn16-20260811T121140Z/client-node/client/current-efa-read-w2-qd256/results.log
current-efa-read-w2-qd256,current,efa,read,2,256,512,false,curve,1,1,true,4,607706,839.562,852.0,859.0,863.0,3281.1,ordinary-device-ack,remote-read-completion,/home/rob/zcutils/bench-results/zcutils-blockmatrix-adhoc-c8gn16-20260811T121140Z/client-node/client/current-efa-read-w2-qd256/results.log
current-efa-read-w2-qd32,current,efa,read,2,32,64,false,curve,1,1,true,1,593748,107.376,133.0,136.0,138.0,3354.7,ordinary-device-ack,remote-read-completion,/home/rob/zcutils/bench-results/zcutils-blockmatrix-adhoc-c8gn16-20260811T121140Z/client-node/client/current-efa-read-w2-qd32/results.log
current-efa-read-w2-qd32,current,efa,read,2,32,64,false,curve,1,1,true,2,595600,106.846,133.0,136.0,138.0,3346.4,ordinary-device-ack,remote-read-completion,/home/rob/zcutils/bench-results/zcutils-blockmatrix-adhoc-c8gn16-20260811T121140Z/client-node/client/current-efa-read-w2-qd32/results.log
current-efa-read-w2-qd32,current,efa,read,2,32,64,false,curve,1,1,true,3,595385,106.802,133.0,136.0,138.0,3344.3,ordinary-device-ack,remote-read-completion,/home/rob/zcutils/bench-results/zcutils-blockmatrix-adhoc-c8gn16-20260811T121140Z/client-node/client/current-efa-read-w2-qd32/results.log
current-efa-read-w2-qd32,current,efa,read,2,32,64,false,curve,1,1,true,4,594682,106.877,133.0,137.0,138.0,3346.9,ordinary-device-ack,remote-read-completion,/home/rob/zcutils/bench-results/zcutils-blockmatrix-adhoc-c8gn16-20260811T121140Z/client-node/client/current-efa-read-w2-qd32/results.log
current-efa-read-w2-qd64,current,efa,read,2,64,128,false,curve,1,1,true,1,596724,213.125,200.0,266.0,269.0,3334.6,ordinary-device-ack,remote-read-completion,/home/rob/zcutils/bench-results/zcutils-blockmatrix-adhoc-c8gn16-20260811T121140Z/client-node/client/current-efa-read-w2-qd64/results.log
current-efa-read-w2-qd64,current,efa,read,2,64,128,false,curve,1,1,true,2,600446,212.126,200.0,267.0,269.0,3319.1,ordinary-device-ack,remote-read-completion,/home/rob/zcutils/bench-results/zcutils-blockmatrix-adhoc-c8gn16-20260811T121140Z/client-node/client/current-efa-read-w2-qd64/results.log
current-efa-read-w2-qd64,current,efa,read,2,64,128,false,curve,1,1,true,3,600855,212.086,199.0,267.0,269.0,3318.5,ordinary-device-ack,remote-read-completion,/home/rob/zcutils/bench-results/zcutils-blockmatrix-adhoc-c8gn16-20260811T121140Z/client-node/client/current-efa-read-w2-qd64/results.log
current-efa-read-w2-qd64,current,efa,read,2,64,128,false,curve,1,1,true,4,600676,212.094,200.0,267.0,269.0,3318.8,ordinary-device-ack,remote-read-completion,/home/rob/zcutils/bench-results/zcutils-blockmatrix-adhoc-c8gn16-20260811T121140Z/client-node/client/current-efa-read-w2-qd64/results.log
current-efa-rw-w1-qd16,current,efa,rw,1,16,16,false,curve,1,1,true,1,203712,77.83,65.0,127.0,130.0,4909.1,ordinary-device-ack,mixed-remote-reads-and-early-local-writes,/home/rob/zcutils/bench-results/zcutils-blockmatrix-adhoc-c8gn16-20260811T121140Z/client-node/client/current-efa-rw-w1-qd16/results.log
current-efa-rw-w1-qd16,current,efa,rw,1,16,16,false,curve,1,1,true,2,205064,77.311,65.0,127.0,129.0,4876.7,ordinary-device-ack,mixed-remote-reads-and-early-local-writes,/home/rob/zcutils/bench-results/zcutils-blockmatrix-adhoc-c8gn16-20260811T121140Z/client-node/client/current-efa-rw-w1-qd16/results.log
current-efa-rw-w1-qd16,current,efa,rw,1,16,16,false,curve,1,1,true,3,204825,77.397,65.0,127.0,130.0,4882.3,ordinary-device-ack,mixed-remote-reads-and-early-local-writes,/home/rob/zcutils/bench-results/zcutils-blockmatrix-adhoc-c8gn16-20260811T121140Z/client-node/client/current-efa-rw-w1-qd16/results.log
current-efa-rw-w1-qd16,current,efa,rw,1,16,16,false,curve,1,1,true,4,204984,77.338,65.0,127.0,130.0,4878.6,ordinary-device-ack,mixed-remote-reads-and-early-local-writes,/home/rob/zcutils/bench-results/zcutils-blockmatrix-adhoc-c8gn16-20260811T121140Z/client-node/client/current-efa-rw-w1-qd16/results.log
current-efa-rw-w1-qd2,current,efa,rw,1,2,2,false,curve,1,1,true,1,95648,20.825,19.0,45.0,49.0,10455.2,ordinary-device-ack,mixed-remote-reads-and-early-local-writes,/home/rob/zcutils/bench-results/zcutils-blockmatrix-adhoc-c8gn16-20260811T121140Z/client-node/client/current-efa-rw-w1-qd2/results.log
current-efa-rw-w1-qd2,current,efa,rw,1,2,2,false,curve,1,1,true,2,96219,20.699,19.0,45.0,49.0,10393.2,ordinary-device-ack,mixed-remote-reads-and-early-local-writes,/home/rob/zcutils/bench-results/zcutils-blockmatrix-adhoc-c8gn16-20260811T121140Z/client-node/client/current-efa-rw-w1-qd2/results.log
current-efa-rw-w1-qd2,current,efa,rw,1,2,2,false,curve,1,1,true,3,96216,20.702,19.0,45.0,49.0,10393.6,ordinary-device-ack,mixed-remote-reads-and-early-local-writes,/home/rob/zcutils/bench-results/zcutils-blockmatrix-adhoc-c8gn16-20260811T121140Z/client-node/client/current-efa-rw-w1-qd2/results.log
current-efa-rw-w1-qd2,current,efa,rw,1,2,2,false,curve,1,1,true,4,95995,20.748,19.0,45.0,49.0,10417.3,ordinary-device-ack,mixed-remote-reads-and-early-local-writes,/home/rob/zcutils/bench-results/zcutils-blockmatrix-adhoc-c8gn16-20260811T121140Z/client-node/client/current-efa-rw-w1-qd2/results.log
current-efa-rw-w1-qd4,current,efa,rw,1,4,4,false,curve,1,1,true,1,138532,28.746,21.0,60.0,73.0,7218.7,ordinary-device-ack,mixed-remote-reads-and-early-local-writes,/home/rob/zcutils/bench-results/zcutils-blockmatrix-adhoc-c8gn16-20260811T121140Z/client-node/client/current-efa-rw-w1-qd4/results.log
current-efa-rw-w1-qd4,current,efa,rw,1,4,4,false,curve,1,1,true,2,139132,28.622,21.0,60.0,73.0,7187.7,ordinary-device-ack,mixed-remote-reads-and-early-local-writes,/home/rob/zcutils/bench-results/zcutils-blockmatrix-adhoc-c8gn16-20260811T121140Z/client-node/client/current-efa-rw-w1-qd4/results.log
current-efa-rw-w1-qd4,current,efa,rw,1,4,4,false,curve,1,1,true,3,139180,28.613,21.0,60.0,73.0,7185.0,ordinary-device-ack,mixed-remote-reads-and-early-local-writes,/home/rob/zcutils/bench-results/zcutils-blockmatrix-adhoc-c8gn16-20260811T121140Z/client-node/client/current-efa-rw-w1-qd4/results.log
current-efa-rw-w1-qd4,current,efa,rw,1,4,4,false,curve,1,1,true,4,139251,28.596,21.0,60.0,73.0,7181.4,ordinary-device-ack,mixed-remote-reads-and-early-local-writes,/home/rob/zcutils/bench-results/zcutils-blockmatrix-adhoc-c8gn16-20260811T121140Z/client-node/client/current-efa-rw-w1-qd4/results.log
current-efa-rw-w1-qd8,current,efa,rw,1,8,8,false,curve,1,1,true,1,127800,62.192,60.0,66.0,118.0,7824.9,ordinary-device-ack,mixed-remote-reads-and-early-local-writes,/home/rob/zcutils/bench-results/zcutils-blockmatrix-adhoc-c8gn16-20260811T121140Z/client-node/client/current-efa-rw-w1-qd8/results.log
current-efa-rw-w1-qd8,current,efa,rw,1,8,8,false,curve,1,1,true,2,128176,62.006,60.0,64.0,118.0,7801.9,ordinary-device-ack,mixed-remote-reads-and-early-local-writes,/home/rob/zcutils/bench-results/zcutils-blockmatrix-adhoc-c8gn16-20260811T121140Z/client-node/client/current-efa-rw-w1-qd8/results.log
current-efa-rw-w1-qd8,current,efa,rw,1,8,8,false,curve,1,1,true,3,127942,62.121,60.0,64.0,119.0,7816.2,ordinary-device-ack,mixed-remote-reads-and-early-local-writes,/home/rob/zcutils/bench-results/zcutils-blockmatrix-adhoc-c8gn16-20260811T121140Z/client-node/client/current-efa-rw-w1-qd8/results.log
current-efa-rw-w1-qd8,current,efa,rw,1,8,8,false,curve,1,1,true,4,127735,62.221,60.0,64.0,119.0,7828.8,ordinary-device-ack,mixed-remote-reads-and-early-local-writes,/home/rob/zcutils/bench-results/zcutils-blockmatrix-adhoc-c8gn16-20260811T121140Z/client-node/client/current-efa-rw-w1-qd8/results.log
current-efa-rw-w2-qd128-framedfix,current,efa,rw,2,128,256,false,curve-framedfix,1,1,true,1,609595,419.388,396.0,462.0,464.0,3279.3,ordinary-device-ack,mixed-remote-reads-and-early-local-writes,/home/rob/zcutils/bench-results/zcutils-blockmatrix-adhoc-c8gn16-20260811T121140Z/client-node/client/current-efa-rw-w2-qd128-framedfix/results.log
current-efa-rw-w2-qd128-framedfix,current,efa,rw,2,128,256,false,curve-framedfix,1,1,true,2,609339,419.55,397.0,463.0,465.0,3281.4,ordinary-device-ack,mixed-remote-reads-and-early-local-writes,/home/rob/zcutils/bench-results/zcutils-blockmatrix-adhoc-c8gn16-20260811T121140Z/client-node/client/current-efa-rw-w2-qd128-framedfix/results.log
current-efa-rw-w2-qd128-framedfix,current,efa,rw,2,128,256,false,curve-framedfix,1,1,true,3,609676,419.207,396.0,463.0,464.0,3279.0,ordinary-device-ack,mixed-remote-reads-and-early-local-writes,/home/rob/zcutils/bench-results/zcutils-blockmatrix-adhoc-c8gn16-20260811T121140Z/client-node/client/current-efa-rw-w2-qd128-framedfix/results.log
current-efa-rw-w2-qd128-framedfix,current,efa,rw,2,128,256,false,curve-framedfix,1,1,true,4,610044,419.017,396.0,462.0,464.0,3277.5,ordinary-device-ack,mixed-remote-reads-and-early-local-writes,/home/rob/zcutils/bench-results/zcutils-blockmatrix-adhoc-c8gn16-20260811T121140Z/client-node/client/current-efa-rw-w2-qd128-framedfix/results.log
current-efa-rw-w2-qd256-framedfix,current,efa,rw,2,256,512,false,curve-framedfix,1,1,true,1,607419,840.498,851.0,859.0,863.0,3283.5,ordinary-device-ack,mixed-remote-reads-and-early-local-writes,/home/rob/zcutils/bench-results/zcutils-blockmatrix-adhoc-c8gn16-20260811T121140Z/client-node/client/current-efa-rw-w2-qd256-framedfix/results.log
current-efa-rw-w2-qd256-framedfix,current,efa,rw,2,256,512,false,curve-framedfix,1,1,true,2,607309,839.676,851.0,861.0,864.0,3280.2,ordinary-device-ack,mixed-remote-reads-and-early-local-writes,/home/rob/zcutils/bench-results/zcutils-blockmatrix-adhoc-c8gn16-20260811T121140Z/client-node/client/current-efa-rw-w2-qd256-framedfix/results.log
current-efa-rw-w2-qd256-framedfix,current,efa,rw,2,256,512,false,curve-framedfix,1,1,true,3,607635,839.282,851.0,860.0,863.0,3280.2,ordinary-device-ack,mixed-remote-reads-and-early-local-writes,/home/rob/zcutils/bench-results/zcutils-blockmatrix-adhoc-c8gn16-20260811T121140Z/client-node/client/current-efa-rw-w2-qd256-framedfix/results.log
current-efa-rw-w2-qd256-framedfix,current,efa,rw,2,256,512,false,curve-framedfix,1,1,true,4,607581,838.848,851.0,860.0,864.0,3279.4,ordinary-device-ack,mixed-remote-reads-and-early-local-writes,/home/rob/zcutils/bench-results/zcutils-blockmatrix-adhoc-c8gn16-20260811T121140Z/client-node/client/current-efa-rw-w2-qd256-framedfix/results.log
current-efa-rw-w2-qd32,current,efa,rw,2,32,64,false,curve,1,1,true,1,594156,107.165,132.0,137.0,139.0,3360.5,ordinary-device-ack,mixed-remote-reads-and-early-local-writes,/home/rob/zcutils/bench-results/zcutils-blockmatrix-adhoc-c8gn16-20260811T121140Z/client-node/client/current-efa-rw-w2-qd32/results.log
current-efa-rw-w2-qd32,current,efa,rw,2,32,64,false,curve,1,1,true,2,595061,107.081,132.0,137.0,140.0,3356.9,ordinary-device-ack,mixed-remote-reads-and-early-local-writes,/home/rob/zcutils/bench-results/zcutils-blockmatrix-adhoc-c8gn16-20260811T121140Z/client-node/client/current-efa-rw-w2-qd32/results.log
current-efa-rw-w2-qd32,current,efa,rw,2,32,64,false,curve,1,1,true,3,594784,106.893,132.0,137.0,140.0,3355.8,ordinary-device-ack,mixed-remote-reads-and-early-local-writes,/home/rob/zcutils/bench-results/zcutils-blockmatrix-adhoc-c8gn16-20260811T121140Z/client-node/client/current-efa-rw-w2-qd32/results.log
current-efa-rw-w2-qd32,current,efa,rw,2,32,64,false,curve,1,1,true,4,594717,107.124,132.0,137.0,141.0,3356.2,ordinary-device-ack,mixed-remote-reads-and-early-local-writes,/home/rob/zcutils/bench-results/zcutils-blockmatrix-adhoc-c8gn16-20260811T121140Z/client-node/client/current-efa-rw-w2-qd32/results.log
current-efa-rw-w2-qd64-framedfix,current,efa,rw,2,64,128,false,curve-framedfix,1,1,true,1,596437,213.331,201.0,269.0,271.0,3338.3,ordinary-device-ack,mixed-remote-reads-and-early-local-writes,/home/rob/zcutils/bench-results/zcutils-blockmatrix-adhoc-c8gn16-20260811T121140Z/client-node/client/current-efa-rw-w2-qd64-framedfix/results.log
current-efa-rw-w2-qd64-framedfix,current,efa,rw,2,64,128,false,curve-framedfix,1,1,true,2,597799,212.785,201.0,268.0,271.0,3332.3,ordinary-device-ack,mixed-remote-reads-and-early-local-writes,/home/rob/zcutils/bench-results/zcutils-blockmatrix-adhoc-c8gn16-20260811T121140Z/client-node/client/current-efa-rw-w2-qd64-framedfix/results.log
current-efa-rw-w2-qd64-framedfix,current,efa,rw,2,64,128,false,curve-framedfix,1,1,true,3,597585,213.05,201.0,269.0,271.0,3335.8,ordinary-device-ack,mixed-remote-reads-and-early-local-writes,/home/rob/zcutils/bench-results/zcutils-blockmatrix-adhoc-c8gn16-20260811T121140Z/client-node/client/current-efa-rw-w2-qd64-framedfix/results.log
current-efa-rw-w2-qd64-framedfix,current,efa,rw,2,64,128,false,curve-framedfix,1,1,true,4,597313,213.141,201.0,269.0,271.0,3335.4,ordinary-device-ack,mixed-remote-reads-and-early-local-writes,/home/rob/zcutils/bench-results/zcutils-blockmatrix-adhoc-c8gn16-20260811T121140Z/client-node/client/current-efa-rw-w2-qd64-framedfix/results.log
current-efa-write-w1-qd1,current,efa,write,1,1,1,false,curve,1,1,true,1,35455,28.152,5.0,106.0,110.0,28204.9,ordinary-device-ack,early-local-dirty-lease-ack,/home/rob/zcutils/bench-results/zcutils-blockmatrix-adhoc-c8gn16-20260811T121140Z/client-node/client/current-efa-write-w1-qd1/results.log
current-efa-write-w1-qd1,current,efa,write,1,1,1,false,curve,1,1,true,2,40124,24.87,5.0,106.0,110.0,24922.6,ordinary-device-ack,early-local-dirty-lease-ack,/home/rob/zcutils/bench-results/zcutils-blockmatrix-adhoc-c8gn16-20260811T121140Z/client-node/client/current-efa-write-w1-qd1/results.log
current-efa-write-w1-qd1,current,efa,write,1,1,1,false,curve,1,1,true,3,40101,24.884,5.0,106.0,110.0,24936.7,ordinary-device-ack,early-local-dirty-lease-ack,/home/rob/zcutils/bench-results/zcutils-blockmatrix-adhoc-c8gn16-20260811T121140Z/client-node/client/current-efa-write-w1-qd1/results.log
current-efa-write-w1-qd1,current,efa,write,1,1,1,false,curve,1,1,true,4,40144,24.857,5.0,108.0,110.0,24909.9,ordinary-device-ack,early-local-dirty-lease-ack,/home/rob/zcutils/bench-results/zcutils-blockmatrix-adhoc-c8gn16-20260811T121140Z/client-node/client/current-efa-write-w1-qd1/results.log
current-efa-write-w1-qd1-fua,current,efa,write,1,1,1,true,curve-fua,1,1,true,1,15238,65.573,63.0,65.0,318.0,65626.8,per-write-fua-dsync,remote-fua-drain,/home/rob/zcutils/bench-results/zcutils-blockmatrix-adhoc-c8gn16-20260811T121140Z/client-node/client/current-efa-write-w1-qd1-fua/results.log
current-efa-write-w1-qd1-fua,current,efa,write,1,1,1,true,curve-fua,1,1,true,2,16091,62.093,61.0,65.0,68.0,62147.6,per-write-fua-dsync,remote-fua-drain,/home/rob/zcutils/bench-results/zcutils-blockmatrix-adhoc-c8gn16-20260811T121140Z/client-node/client/current-efa-write-w1-qd1-fua/results.log
current-efa-write-w1-qd1-fua,current,efa,write,1,1,1,true,curve-fua,1,1,true,3,16099,62.064,61.0,65.0,68.0,62117.9,per-write-fua-dsync,remote-fua-drain,/home/rob/zcutils/bench-results/zcutils-blockmatrix-adhoc-c8gn16-20260811T121140Z/client-node/client/current-efa-write-w1-qd1-fua/results.log
current-efa-write-w1-qd1-fua,current,efa,write,1,1,1,true,curve-fua,1,1,true,4,16113,62.007,61.0,65.0,67.0,62061.3,per-write-fua-dsync,remote-fua-drain,/home/rob/zcutils/bench-results/zcutils-blockmatrix-adhoc-c8gn16-20260811T121140Z/client-node/client/current-efa-write-w1-qd1-fua/results.log
current-efa-write-w1-qd16,current,efa,write,1,16,16,false,curve,2,2,true,1,120417,132.089,65.0,124.0,5000.0,8304.3,ordinary-device-ack,early-local-dirty-lease-ack,/home/rob/zcutils/bench-results/zcutils-blockmatrix-adhoc-c8gn16-20260811T121140Z/client-node/client/current-efa-write-w1-qd16/results.log
current-efa-write-w1-qd16,current,efa,write,1,16,16,false,curve,2,2,true,2,207283,76.403,65.0,123.0,128.0,4824.4,ordinary-device-ack,early-local-dirty-lease-ack,/home/rob/zcutils/bench-results/zcutils-blockmatrix-adhoc-c8gn16-20260811T121140Z/client-node/client/current-efa-write-w1-qd16/results.log
current-efa-write-w1-qd16,current,efa,write,1,16,16,false,curve,2,2,true,3,206178,76.818,66.0,123.0,128.0,4850.3,ordinary-device-ack,early-local-dirty-lease-ack,/home/rob/zcutils/bench-results/zcutils-blockmatrix-adhoc-c8gn16-20260811T121140Z/client-node/client/current-efa-write-w1-qd16/results.log
current-efa-write-w1-qd16,current,efa,write,1,16,16,false,curve,2,2,true,4,205743,76.976,66.0,123.0,128.0,4860.5,ordinary-device-ack,early-local-dirty-lease-ack,/home/rob/zcutils/bench-results/zcutils-blockmatrix-adhoc-c8gn16-20260811T121140Z/client-node/client/current-efa-write-w1-qd16/results.log
current-efa-write-w1-qd2,current,efa,write,1,2,2,false,curve,2,2,true,1,57391,34.743,6.0,110.0,115.0,17424.0,ordinary-device-ack,early-local-dirty-lease-ack,/home/rob/zcutils/bench-results/zcutils-blockmatrix-adhoc-c8gn16-20260811T121140Z/client-node/client/current-efa-write-w1-qd2/results.log
current-efa-write-w1-qd2,current,efa,write,1,2,2,false,curve,2,2,true,2,71762,27.764,6.0,110.0,114.0,13935.2,ordinary-device-ack,early-local-dirty-lease-ack,/home/rob/zcutils/bench-results/zcutils-blockmatrix-adhoc-c8gn16-20260811T121140Z/client-node/client/current-efa-write-w1-qd2/results.log
current-efa-write-w1-qd2,current,efa,write,1,2,2,false,curve,2,2,true,3,71490,27.87,6.0,110.0,114.0,13988.0,ordinary-device-ack,early-local-dirty-lease-ack,/home/rob/zcutils/bench-results/zcutils-blockmatrix-adhoc-c8gn16-20260811T121140Z/client-node/client/current-efa-write-w1-qd2/results.log
current-efa-write-w1-qd2,current,efa,write,1,2,2,false,curve,2,2,true,4,71538,27.85,6.0,110.0,114.0,13978.7,ordinary-device-ack,early-local-dirty-lease-ack,/home/rob/zcutils/bench-results/zcutils-blockmatrix-adhoc-c8gn16-20260811T121140Z/client-node/client/current-efa-write-w1-qd2/results.log
current-efa-write-w1-qd4,current,efa,write,1,4,4,false,curve,2,2,true,1,84848,46.938,7.0,105.0,110.0,11785.5,ordinary-device-ack,early-local-dirty-lease-ack,/home/rob/zcutils/bench-results/zcutils-blockmatrix-adhoc-c8gn16-20260811T121140Z/client-node/client/current-efa-write-w1-qd4/results.log
current-efa-write-w1-qd4,current,efa,write,1,4,4,false,curve,2,2,true,2,120459,33.005,7.0,105.0,109.0,8301.7,ordinary-device-ack,early-local-dirty-lease-ack,/home/rob/zcutils/bench-results/zcutils-blockmatrix-adhoc-c8gn16-20260811T121140Z/client-node/client/current-efa-write-w1-qd4/results.log
current-efa-write-w1-qd4,current,efa,write,1,4,4,false,curve,2,2,true,3,120202,33.071,7.0,105.0,109.0,8319.4,ordinary-device-ack,early-local-dirty-lease-ack,/home/rob/zcutils/bench-results/zcutils-blockmatrix-adhoc-c8gn16-20260811T121140Z/client-node/client/current-efa-write-w1-qd4/results.log
current-efa-write-w1-qd4,current,efa,write,1,4,4,false,curve,2,2,true,4,119867,33.165,8.0,105.0,109.0,8342.6,ordinary-device-ack,early-local-dirty-lease-ack,/home/rob/zcutils/bench-results/zcutils-blockmatrix-adhoc-c8gn16-20260811T121140Z/client-node/client/current-efa-write-w1-qd4/results.log
current-efa-write-w1-qd8,current,efa,write,1,8,8,false,curve,2,2,true,1,89384,89.096,60.0,63.0,3000.0,11187.3,ordinary-device-ack,early-local-dirty-lease-ack,/home/rob/zcutils/bench-results/zcutils-blockmatrix-adhoc-c8gn16-20260811T121140Z/client-node/client/current-efa-write-w1-qd8/results.log
current-efa-write-w1-qd8,current,efa,write,1,8,8,false,curve,2,2,true,2,130066,61.096,60.0,63.0,114.0,7688.6,ordinary-device-ack,early-local-dirty-lease-ack,/home/rob/zcutils/bench-results/zcutils-blockmatrix-adhoc-c8gn16-20260811T121140Z/client-node/client/current-efa-write-w1-qd8/results.log
current-efa-write-w1-qd8,current,efa,write,1,8,8,false,curve,2,2,true,3,129905,61.176,60.0,63.0,114.0,7698.1,ordinary-device-ack,early-local-dirty-lease-ack,/home/rob/zcutils/bench-results/zcutils-blockmatrix-adhoc-c8gn16-20260811T121140Z/client-node/client/current-efa-write-w1-qd8/results.log
current-efa-write-w1-qd8,current,efa,write,1,8,8,false,curve,2,2,true,4,129958,61.146,60.0,63.0,115.0,7694.8,ordinary-device-ack,early-local-dirty-lease-ack,/home/rob/zcutils/bench-results/zcutils-blockmatrix-adhoc-c8gn16-20260811T121140Z/client-node/client/current-efa-write-w1-qd8/results.log
current-efa-write-w2-qd128,current,efa,write,2,128,256,false,curve,1,1,true,1,360504,707.783,400.0,467.0,7000.0,5532.1,ordinary-device-ack,early-local-dirty-lease-ack,/home/rob/zcutils/bench-results/zcutils-blockmatrix-adhoc-c8gn16-20260811T121140Z/client-node/client/current-efa-write-w2-qd128/results.log
current-efa-write-w2-qd128,current,efa,write,2,128,256,false,curve,1,1,true,2,603095,422.497,399.0,466.0,468.0,3303.3,ordinary-device-ack,early-local-dirty-lease-ack,/home/rob/zcutils/bench-results/zcutils-blockmatrix-adhoc-c8gn16-20260811T121140Z/client-node/client/current-efa-write-w2-qd128/results.log
current-efa-write-w2-qd128,current,efa,write,2,128,256,false,curve,1,1,true,3,603100,422.447,399.0,466.0,468.0,3302.9,ordinary-device-ack,early-local-dirty-lease-ack,/home/rob/zcutils/bench-results/zcutils-blockmatrix-adhoc-c8gn16-20260811T121140Z/client-node/client/current-efa-write-w2-qd128/results.log
current-efa-write-w2-qd128,current,efa,write,2,128,256,false,curve,1,1,true,4,603475,422.412,399.0,466.0,468.0,3302.6,ordinary-device-ack,early-local-dirty-lease-ack,/home/rob/zcutils/bench-results/zcutils-blockmatrix-adhoc-c8gn16-20260811T121140Z/client-node/client/current-efa-write-w2-qd128/results.log
current-efa-write-w2-qd256,current,efa,write,2,256,512,false,curve,1,1,true,1,361427,1414.641,856.0,865.0,19000.0,5527.6,ordinary-device-ack,early-local-dirty-lease-ack,/home/rob/zcutils/bench-results/zcutils-blockmatrix-adhoc-c8gn16-20260811T121140Z/client-node/client/current-efa-write-w2-qd256/results.log
current-efa-write-w2-qd256,current,efa,write,2,256,512,false,curve,1,1,true,2,607446,841.057,854.0,860.0,863.0,3287.0,ordinary-device-ack,early-local-dirty-lease-ack,/home/rob/zcutils/bench-results/zcutils-blockmatrix-adhoc-c8gn16-20260811T121140Z/client-node/client/current-efa-write-w2-qd256/results.log
current-efa-write-w2-qd256,current,efa,write,2,256,512,false,curve,1,1,true,3,607280,840.538,853.0,860.0,863.0,3285.0,ordinary-device-ack,early-local-dirty-lease-ack,/home/rob/zcutils/bench-results/zcutils-blockmatrix-adhoc-c8gn16-20260811T121140Z/client-node/client/current-efa-write-w2-qd256/results.log
current-efa-write-w2-qd256,current,efa,write,2,256,512,false,curve,1,1,true,4,607669,840.629,853.0,859.0,862.0,3285.3,ordinary-device-ack,early-local-dirty-lease-ack,/home/rob/zcutils/bench-results/zcutils-blockmatrix-adhoc-c8gn16-20260811T121140Z/client-node/client/current-efa-write-w2-qd256/results.log
current-efa-write-w2-qd32,current,efa,write,2,32,64,false,curve,1,1,true,1,358693,181.807,132.0,136.0,234.0,5567.6,ordinary-device-ack,early-local-dirty-lease-ack,/home/rob/zcutils/bench-results/zcutils-blockmatrix-adhoc-c8gn16-20260811T121140Z/client-node/client/current-efa-write-w2-qd32/results.log
current-efa-write-w2-qd32,current,efa,write,2,32,64,false,curve,1,1,true,2,589621,108.08,132.0,136.0,139.0,3384.5,ordinary-device-ack,early-local-dirty-lease-ack,/home/rob/zcutils/bench-results/zcutils-blockmatrix-adhoc-c8gn16-20260811T121140Z/client-node/client/current-efa-write-w2-qd32/results.log
current-efa-write-w2-qd32,current,efa,write,2,32,64,false,curve,1,1,true,3,589363,108.043,132.0,136.0,139.0,3384.3,ordinary-device-ack,early-local-dirty-lease-ack,/home/rob/zcutils/bench-results/zcutils-blockmatrix-adhoc-c8gn16-20260811T121140Z/client-node/client/current-efa-write-w2-qd32/results.log
current-efa-write-w2-qd32,current,efa,write,2,32,64,false,curve,1,1,true,4,590537,107.81,132.0,136.0,138.0,3380.4,ordinary-device-ack,early-local-dirty-lease-ack,/home/rob/zcutils/bench-results/zcutils-blockmatrix-adhoc-c8gn16-20260811T121140Z/client-node/client/current-efa-write-w2-qd32/results.log
current-efa-write-w2-qd64,current,efa,write,2,64,128,false,curve,1,1,true,1,358882,356.047,203.0,273.0,520.0,5567.9,ordinary-device-ack,early-local-dirty-lease-ack,/home/rob/zcutils/bench-results/zcutils-blockmatrix-adhoc-c8gn16-20260811T121140Z/client-node/client/current-efa-write-w2-qd64/results.log
current-efa-write-w2-qd64,current,efa,write,2,64,128,false,curve,1,1,true,2,589202,216.771,203.0,272.0,274.0,3391.5,ordinary-device-ack,early-local-dirty-lease-ack,/home/rob/zcutils/bench-results/zcutils-blockmatrix-adhoc-c8gn16-20260811T121140Z/client-node/client/current-efa-write-w2-qd64/results.log
current-efa-write-w2-qd64,current,efa,write,2,64,128,false,curve,1,1,true,3,589787,216.666,203.0,272.0,275.0,3390.1,ordinary-device-ack,early-local-dirty-lease-ack,/home/rob/zcutils/bench-results/zcutils-blockmatrix-adhoc-c8gn16-20260811T121140Z/client-node/client/current-efa-write-w2-qd64/results.log
current-efa-write-w2-qd64,current,efa,write,2,64,128,false,curve,1,1,true,4,588153,216.855,203.0,272.0,275.0,3393.0,ordinary-device-ack,early-local-dirty-lease-ack,/home/rob/zcutils/bench-results/zcutils-blockmatrix-adhoc-c8gn16-20260811T121140Z/client-node/client/current-efa-write-w2-qd64/results.log
current-tcp-read-w1-qd16,current,tcp,read,1,16,16,false,curve,1,1,true,1,142085,111.875,119.0,122.0,123.0,7038.3,ordinary-device-ack,remote-read-completion,/home/rob/zcutils/bench-results/zcutils-blockmatrix-adhoc-c8gn16-20260811T121140Z/client-node/client/current-tcp-read-w1-qd16/results.log
current-tcp-read-w1-qd16,current,tcp,read,1,16,16,false,curve,1,1,true,2,141994,111.95,119.0,122.0,123.0,7042.7,ordinary-device-ack,remote-read-completion,/home/rob/zcutils/bench-results/zcutils-blockmatrix-adhoc-c8gn16-20260811T121140Z/client-node/client/current-tcp-read-w1-qd16/results.log
current-tcp-read-w1-qd16,current,tcp,read,1,16,16,false,curve,1,1,true,3,141947,111.976,119.0,122.0,124.0,7045.0,ordinary-device-ack,remote-read-completion,/home/rob/zcutils/bench-results/zcutils-blockmatrix-adhoc-c8gn16-20260811T121140Z/client-node/client/current-tcp-read-w1-qd16/results.log
current-tcp-read-w1-qd16,current,tcp,read,1,16,16,false,curve,1,1,true,4,142042,111.91,119.0,122.0,123.0,7040.2,ordinary-device-ack,remote-read-completion,/home/rob/zcutils/bench-results/zcutils-blockmatrix-adhoc-c8gn16-20260811T121140Z/client-node/client/current-tcp-read-w1-qd16/results.log
current-tcp-read-w1-qd2,current,tcp,read,1,2,2,false,curve,1,1,true,1,37045,53.934,62.0,66.0,80.0,26994.7,ordinary-device-ack,remote-read-completion,/home/rob/zcutils/bench-results/zcutils-blockmatrix-adhoc-c8gn16-20260811T121140Z/client-node/client/current-tcp-read-w1-qd2/results.log
current-tcp-read-w1-qd2,current,tcp,read,1,2,2,false,curve,1,1,true,2,36612,54.573,62.0,66.0,80.0,27314.0,ordinary-device-ack,remote-read-completion,/home/rob/zcutils/bench-results/zcutils-blockmatrix-adhoc-c8gn16-20260811T121140Z/client-node/client/current-tcp-read-w1-qd2/results.log
current-tcp-read-w1-qd2,current,tcp,read,1,2,2,false,curve,1,1,true,3,36703,54.437,62.0,66.0,80.0,27245.9,ordinary-device-ack,remote-read-completion,/home/rob/zcutils/bench-results/zcutils-blockmatrix-adhoc-c8gn16-20260811T121140Z/client-node/client/current-tcp-read-w1-qd2/results.log
current-tcp-read-w1-qd2,current,tcp,read,1,2,2,false,curve,1,1,true,4,36741,54.381,62.0,66.0,80.0,27218.6,ordinary-device-ack,remote-read-completion,/home/rob/zcutils/bench-results/zcutils-blockmatrix-adhoc-c8gn16-20260811T121140Z/client-node/client/current-tcp-read-w1-qd2/results.log
current-tcp-read-w1-qd4,current,tcp,read,1,4,4,false,curve,1,1,true,1,89320,44.726,44.0,57.0,64.0,11195.8,ordinary-device-ack,remote-read-completion,/home/rob/zcutils/bench-results/zcutils-blockmatrix-adhoc-c8gn16-20260811T121140Z/client-node/client/current-tcp-read-w1-qd4/results.log
current-tcp-read-w1-qd4,current,tcp,read,1,4,4,false,curve,1,1,true,2,89551,44.61,44.0,58.0,65.0,11167.1,ordinary-device-ack,remote-read-completion,/home/rob/zcutils/bench-results/zcutils-blockmatrix-adhoc-c8gn16-20260811T121140Z/client-node/client/current-tcp-read-w1-qd4/results.log
current-tcp-read-w1-qd4,current,tcp,read,1,4,4,false,curve,1,1,true,3,89586,44.593,44.0,58.0,64.0,11162.5,ordinary-device-ack,remote-read-completion,/home/rob/zcutils/bench-results/zcutils-blockmatrix-adhoc-c8gn16-20260811T121140Z/client-node/client/current-tcp-read-w1-qd4/results.log
current-tcp-read-w1-qd4,current,tcp,read,1,4,4,false,curve,1,1,true,4,89280,44.746,44.0,58.0,65.0,11200.8,ordinary-device-ack,remote-read-completion,/home/rob/zcutils/bench-results/zcutils-blockmatrix-adhoc-c8gn16-20260811T121140Z/client-node/client/current-tcp-read-w1-qd4/results.log
current-tcp-read-w1-qd8,current,tcp,read,1,8,8,false,curve,1,1,true,1,79330,100.48,114.0,117.0,118.0,12605.5,ordinary-device-ack,remote-read-completion,/home/rob/zcutils/bench-results/zcutils-blockmatrix-adhoc-c8gn16-20260811T121140Z/client-node/client/current-tcp-read-w1-qd8/results.log
current-tcp-read-w1-qd8,current,tcp,read,1,8,8,false,curve,1,1,true,2,79536,100.212,114.0,117.0,118.0,12572.9,ordinary-device-ack,remote-read-completion,/home/rob/zcutils/bench-results/zcutils-blockmatrix-adhoc-c8gn16-20260811T121140Z/client-node/client/current-tcp-read-w1-qd8/results.log
current-tcp-read-w1-qd8,current,tcp,read,1,8,8,false,curve,1,1,true,3,79413,100.361,114.0,117.0,118.0,12592.5,ordinary-device-ack,remote-read-completion,/home/rob/zcutils/bench-results/zcutils-blockmatrix-adhoc-c8gn16-20260811T121140Z/client-node/client/current-tcp-read-w1-qd8/results.log
current-tcp-read-w1-qd8,current,tcp,read,1,8,8,false,curve,1,1,true,4,79498,100.262,114.0,117.0,118.0,12579.0,ordinary-device-ack,remote-read-completion,/home/rob/zcutils/bench-results/zcutils-blockmatrix-adhoc-c8gn16-20260811T121140Z/client-node/client/current-tcp-read-w1-qd8/results.log
current-tcp-read-w2-qd128,current,tcp,read,2,128,256,false,curve,1,1,true,1,563947,453.599,456.0,520.0,563.0,3546.4,ordinary-device-ack,remote-read-completion,/home/rob/zcutils/bench-results/zcutils-blockmatrix-adhoc-c8gn16-20260811T121140Z/client-node/client/current-tcp-read-w2-qd128/results.log
current-tcp-read-w2-qd128,current,tcp,read,2,128,256,false,curve,1,1,true,2,563938,453.612,456.0,520.0,564.0,3546.5,ordinary-device-ack,remote-read-completion,/home/rob/zcutils/bench-results/zcutils-blockmatrix-adhoc-c8gn16-20260811T121140Z/client-node/client/current-tcp-read-w2-qd128/results.log
current-tcp-read-w2-qd128,current,tcp,read,2,128,256,false,curve,1,1,true,3,563947,453.599,455.0,520.0,564.0,3546.5,ordinary-device-ack,remote-read-completion,/home/rob/zcutils/bench-results/zcutils-blockmatrix-adhoc-c8gn16-20260811T121140Z/client-node/client/current-tcp-read-w2-qd128/results.log
current-tcp-read-w2-qd128,current,tcp,read,2,128,256,false,curve,1,1,true,4,563944,453.603,455.0,520.0,564.0,3546.5,ordinary-device-ack,remote-read-completion,/home/rob/zcutils/bench-results/zcutils-blockmatrix-adhoc-c8gn16-20260811T121140Z/client-node/client/current-tcp-read-w2-qd128/results.log
current-tcp-read-w2-qd256,current,tcp,read,2,256,512,false,curve,1,1,true,1,564071,907.244,905.0,2000.0,2000.0,3545.7,ordinary-device-ack,remote-read-completion,/home/rob/zcutils/bench-results/zcutils-blockmatrix-adhoc-c8gn16-20260811T121140Z/client-node/client/current-tcp-read-w2-qd256/results.log
current-tcp-read-w2-qd256,current,tcp,read,2,256,512,false,curve,1,1,true,2,564036,907.314,906.0,2000.0,2000.0,3545.9,ordinary-device-ack,remote-read-completion,/home/rob/zcutils/bench-results/zcutils-blockmatrix-adhoc-c8gn16-20260811T121140Z/client-node/client/current-tcp-read-w2-qd256/results.log
current-tcp-read-w2-qd256,current,tcp,read,2,256,512,false,curve,1,1,true,3,564036,907.306,905.0,2000.0,2000.0,3545.9,ordinary-device-ack,remote-read-completion,/home/rob/zcutils/bench-results/zcutils-blockmatrix-adhoc-c8gn16-20260811T121140Z/client-node/client/current-tcp-read-w2-qd256/results.log
current-tcp-read-w2-qd256,current,tcp,read,2,256,512,false,curve,1,1,true,4,564030,907.306,905.0,2000.0,2000.0,3545.9,ordinary-device-ack,remote-read-completion,/home/rob/zcutils/bench-results/zcutils-blockmatrix-adhoc-c8gn16-20260811T121140Z/client-node/client/current-tcp-read-w2-qd256/results.log
current-tcp-read-w2-qd32,current,tcp,read,2,32,64,false,curve,1,1,true,1,421056,151.178,130.0,186.0,190.0,4731.3,ordinary-device-ack,remote-read-completion,/home/rob/zcutils/bench-results/zcutils-blockmatrix-adhoc-c8gn16-20260811T121140Z/client-node/client/current-tcp-read-w2-qd32/results.log
current-tcp-read-w2-qd32,current,tcp,read,2,32,64,false,curve,1,1,true,2,421278,151.402,130.0,186.0,191.0,4734.7,ordinary-device-ack,remote-read-completion,/home/rob/zcutils/bench-results/zcutils-blockmatrix-adhoc-c8gn16-20260811T121140Z/client-node/client/current-tcp-read-w2-qd32/results.log
current-tcp-read-w2-qd32,current,tcp,read,2,32,64,false,curve,1,1,true,3,421454,151.403,131.0,186.0,191.0,4733.4,ordinary-device-ack,remote-read-completion,/home/rob/zcutils/bench-results/zcutils-blockmatrix-adhoc-c8gn16-20260811T121140Z/client-node/client/current-tcp-read-w2-qd32/results.log
current-tcp-read-w2-qd32,current,tcp,read,2,32,64,false,curve,1,1,true,4,421378,151.496,131.0,186.0,191.0,4734.4,ordinary-device-ack,remote-read-completion,/home/rob/zcutils/bench-results/zcutils-blockmatrix-adhoc-c8gn16-20260811T121140Z/client-node/client/current-tcp-read-w2-qd32/results.log
current-tcp-read-w2-qd64,current,tcp,read,2,64,128,false,curve,1,1,true,1,540835,235.746,255.0,265.0,270.0,3688.2,ordinary-device-ack,remote-read-completion,/home/rob/zcutils/bench-results/zcutils-blockmatrix-adhoc-c8gn16-20260811T121140Z/client-node/client/current-tcp-read-w2-qd64/results.log
current-tcp-read-w2-qd64,current,tcp,read,2,64,128,false,curve,1,1,true,2,541084,235.691,255.0,265.0,270.0,3687.4,ordinary-device-ack,remote-read-completion,/home/rob/zcutils/bench-results/zcutils-blockmatrix-adhoc-c8gn16-20260811T121140Z/client-node/client/current-tcp-read-w2-qd64/results.log
current-tcp-read-w2-qd64,current,tcp,read,2,64,128,false,curve,1,1,true,3,541275,235.676,255.0,265.0,270.0,3687.1,ordinary-device-ack,remote-read-completion,/home/rob/zcutils/bench-results/zcutils-blockmatrix-adhoc-c8gn16-20260811T121140Z/client-node/client/current-tcp-read-w2-qd64/results.log
current-tcp-read-w2-qd64,current,tcp,read,2,64,128,false,curve,1,1,true,4,541153,235.774,255.0,265.0,270.0,3688.6,ordinary-device-ack,remote-read-completion,/home/rob/zcutils/bench-results/zcutils-blockmatrix-adhoc-c8gn16-20260811T121140Z/client-node/client/current-tcp-read-w2-qd64/results.log
current-tcp-rw-w1-qd16,current,tcp,rw,1,16,16,false,curve,1,1,true,1,182193,87.19,65.0,128.0,131.0,5488.8,ordinary-device-ack,mixed-remote-reads-and-early-local-writes,/home/rob/zcutils/bench-results/zcutils-blockmatrix-adhoc-c8gn16-20260811T121140Z/client-node/client/current-tcp-rw-w1-qd16/results.log
current-tcp-rw-w1-qd16,current,tcp,rw,1,16,16,false,curve,1,1,true,2,182193,87.192,65.0,128.0,131.0,5488.8,ordinary-device-ack,mixed-remote-reads-and-early-local-writes,/home/rob/zcutils/bench-results/zcutils-blockmatrix-adhoc-c8gn16-20260811T121140Z/client-node/client/current-tcp-rw-w1-qd16/results.log
current-tcp-rw-w1-qd16,current,tcp,rw,1,16,16,false,curve,1,1,true,3,182192,87.19,65.0,129.0,131.0,5488.8,ordinary-device-ack,mixed-remote-reads-and-early-local-writes,/home/rob/zcutils/bench-results/zcutils-blockmatrix-adhoc-c8gn16-20260811T121140Z/client-node/client/current-tcp-rw-w1-qd16/results.log
current-tcp-rw-w1-qd16,current,tcp,rw,1,16,16,false,curve,1,1,true,4,182149,87.214,65.0,128.0,130.0,5490.1,ordinary-device-ack,mixed-remote-reads-and-early-local-writes,/home/rob/zcutils/bench-results/zcutils-blockmatrix-adhoc-c8gn16-20260811T121140Z/client-node/client/current-tcp-rw-w1-qd16/results.log
current-tcp-rw-w1-qd2,current,tcp,rw,1,2,2,false,curve,1,1,true,1,68292,29.198,33.0,66.0,73.0,14643.4,ordinary-device-ack,mixed-remote-reads-and-early-local-writes,/home/rob/zcutils/bench-results/zcutils-blockmatrix-adhoc-c8gn16-20260811T121140Z/client-node/client/current-tcp-rw-w1-qd2/results.log
current-tcp-rw-w1-qd2,current,tcp,rw,1,2,2,false,curve,1,1,true,2,68357,29.169,33.0,66.0,73.0,14629.4,ordinary-device-ack,mixed-remote-reads-and-early-local-writes,/home/rob/zcutils/bench-results/zcutils-blockmatrix-adhoc-c8gn16-20260811T121140Z/client-node/client/current-tcp-rw-w1-qd2/results.log
current-tcp-rw-w1-qd2,current,tcp,rw,1,2,2,false,curve,1,1,true,3,68386,29.156,33.0,66.0,73.0,14623.2,ordinary-device-ack,mixed-remote-reads-and-early-local-writes,/home/rob/zcutils/bench-results/zcutils-blockmatrix-adhoc-c8gn16-20260811T121140Z/client-node/client/current-tcp-rw-w1-qd2/results.log
current-tcp-rw-w1-qd2,current,tcp,rw,1,2,2,false,curve,1,1,true,4,68312,29.189,33.0,66.0,73.0,14638.9,ordinary-device-ack,mixed-remote-reads-and-early-local-writes,/home/rob/zcutils/bench-results/zcutils-blockmatrix-adhoc-c8gn16-20260811T121140Z/client-node/client/current-tcp-rw-w1-qd2/results.log
current-tcp-rw-w1-qd4,current,tcp,rw,1,4,4,false,curve,1,1,true,1,109658,36.343,37.0,76.0,87.0,9119.4,ordinary-device-ack,mixed-remote-reads-and-early-local-writes,/home/rob/zcutils/bench-results/zcutils-blockmatrix-adhoc-c8gn16-20260811T121140Z/client-node/client/current-tcp-rw-w1-qd4/results.log
current-tcp-rw-w1-qd4,current,tcp,rw,1,4,4,false,curve,1,1,true,2,110000,36.23,37.0,76.0,87.0,9091.0,ordinary-device-ack,mixed-remote-reads-and-early-local-writes,/home/rob/zcutils/bench-results/zcutils-blockmatrix-adhoc-c8gn16-20260811T121140Z/client-node/client/current-tcp-rw-w1-qd4/results.log
current-tcp-rw-w1-qd4,current,tcp,rw,1,4,4,false,curve,1,1,true,3,109712,36.325,37.0,76.0,88.0,9114.8,ordinary-device-ack,mixed-remote-reads-and-early-local-writes,/home/rob/zcutils/bench-results/zcutils-blockmatrix-adhoc-c8gn16-20260811T121140Z/client-node/client/current-tcp-rw-w1-qd4/results.log
current-tcp-rw-w1-qd4,current,tcp,rw,1,4,4,false,curve,1,1,true,4,110469,36.075,37.0,76.0,88.0,9052.4,ordinary-device-ack,mixed-remote-reads-and-early-local-writes,/home/rob/zcutils/bench-results/zcutils-blockmatrix-adhoc-c8gn16-20260811T121140Z/client-node/client/current-tcp-rw-w1-qd4/results.log
current-tcp-rw-w1-qd8,current,tcp,rw,1,8,8,false,curve,1,1,true,1,116402,68.342,60.0,117.0,119.0,8591.0,ordinary-device-ack,mixed-remote-reads-and-early-local-writes,/home/rob/zcutils/bench-results/zcutils-blockmatrix-adhoc-c8gn16-20260811T121140Z/client-node/client/current-tcp-rw-w1-qd8/results.log
current-tcp-rw-w1-qd8,current,tcp,rw,1,8,8,false,curve,1,1,true,2,116887,68.06,60.0,117.0,120.0,8555.5,ordinary-device-ack,mixed-remote-reads-and-early-local-writes,/home/rob/zcutils/bench-results/zcutils-blockmatrix-adhoc-c8gn16-20260811T121140Z/client-node/client/current-tcp-rw-w1-qd8/results.log
current-tcp-rw-w1-qd8,current,tcp,rw,1,8,8,false,curve,1,1,true,3,116987,67.998,60.0,117.0,120.0,8548.1,ordinary-device-ack,mixed-remote-reads-and-early-local-writes,/home/rob/zcutils/bench-results/zcutils-blockmatrix-adhoc-c8gn16-20260811T121140Z/client-node/client/current-tcp-rw-w1-qd8/results.log
current-tcp-rw-w1-qd8,current,tcp,rw,1,8,8,false,curve,1,1,true,4,117240,67.849,60.0,117.0,119.0,8529.6,ordinary-device-ack,mixed-remote-reads-and-early-local-writes,/home/rob/zcutils/bench-results/zcutils-blockmatrix-adhoc-c8gn16-20260811T121140Z/client-node/client/current-tcp-rw-w1-qd8/results.log
current-tcp-rw-w2-qd128,current,tcp,rw,2,128,256,false,curve,1,1,true,1,603376,423.181,401.0,469.0,531.0,3311.1,ordinary-device-ack,mixed-remote-reads-and-early-local-writes,/home/rob/zcutils/bench-results/zcutils-blockmatrix-adhoc-c8gn16-20260811T121140Z/client-node/client/current-tcp-rw-w2-qd128/results.log
current-tcp-rw-w2-qd128,current,tcp,rw,2,128,256,false,curve,1,1,true,2,602724,424.063,402.0,469.0,532.0,3315.0,ordinary-device-ack,mixed-remote-reads-and-early-local-writes,/home/rob/zcutils/bench-results/zcutils-blockmatrix-adhoc-c8gn16-20260811T121140Z/client-node/client/current-tcp-rw-w2-qd128/results.log
current-tcp-rw-w2-qd128,current,tcp,rw,2,128,256,false,curve,1,1,true,3,603190,423.106,401.0,469.0,531.0,3312.7,ordinary-device-ack,mixed-remote-reads-and-early-local-writes,/home/rob/zcutils/bench-results/zcutils-blockmatrix-adhoc-c8gn16-20260811T121140Z/client-node/client/current-tcp-rw-w2-qd128/results.log
current-tcp-rw-w2-qd128,current,tcp,rw,2,128,256,false,curve,1,1,true,4,602865,423.376,401.0,469.0,531.0,3312.9,ordinary-device-ack,mixed-remote-reads-and-early-local-writes,/home/rob/zcutils/bench-results/zcutils-blockmatrix-adhoc-c8gn16-20260811T121140Z/client-node/client/current-tcp-rw-w2-qd128/results.log
current-tcp-rw-w2-qd256,current,tcp,rw,2,256,512,false,curve,1,1,true,1,601804,849.151,861.0,931.0,936.0,3318.8,ordinary-device-ack,mixed-remote-reads-and-early-local-writes,/home/rob/zcutils/bench-results/zcutils-blockmatrix-adhoc-c8gn16-20260811T121140Z/client-node/client/current-tcp-rw-w2-qd256/results.log
current-tcp-rw-w2-qd256,current,tcp,rw,2,256,512,false,curve,1,1,true,2,600567,849.541,861.0,932.0,937.0,3320.2,ordinary-device-ack,mixed-remote-reads-and-early-local-writes,/home/rob/zcutils/bench-results/zcutils-blockmatrix-adhoc-c8gn16-20260811T121140Z/client-node/client/current-tcp-rw-w2-qd256/results.log
current-tcp-rw-w2-qd256,current,tcp,rw,2,256,512,false,curve,1,1,true,3,601859,849.175,861.0,931.0,936.0,3319.5,ordinary-device-ack,mixed-remote-reads-and-early-local-writes,/home/rob/zcutils/bench-results/zcutils-blockmatrix-adhoc-c8gn16-20260811T121140Z/client-node/client/current-tcp-rw-w2-qd256/results.log
current-tcp-rw-w2-qd256,current,tcp,rw,2,256,512,false,curve,1,1,true,4,601483,849.468,861.0,931.0,936.0,3319.6,ordinary-device-ack,mixed-remote-reads-and-early-local-writes,/home/rob/zcutils/bench-results/zcutils-blockmatrix-adhoc-c8gn16-20260811T121140Z/client-node/client/current-tcp-rw-w2-qd256/results.log
current-tcp-rw-w2-qd32,current,tcp,rw,2,32,64,false,curve,1,1,true,1,473546,134.348,133.0,194.0,244.0,4207.9,ordinary-device-ack,mixed-remote-reads-and-early-local-writes,/home/rob/zcutils/bench-results/zcutils-blockmatrix-adhoc-c8gn16-20260811T121140Z/client-node/client/current-tcp-rw-w2-qd32/results.log
current-tcp-rw-w2-qd32,current,tcp,rw,2,32,64,false,curve,1,1,true,2,472789,134.127,133.0,194.0,245.0,4215.9,ordinary-device-ack,mixed-remote-reads-and-early-local-writes,/home/rob/zcutils/bench-results/zcutils-blockmatrix-adhoc-c8gn16-20260811T121140Z/client-node/client/current-tcp-rw-w2-qd32/results.log
current-tcp-rw-w2-qd32,current,tcp,rw,2,32,64,false,curve,1,1,true,3,471425,134.924,133.0,194.0,245.0,4227.7,ordinary-device-ack,mixed-remote-reads-and-early-local-writes,/home/rob/zcutils/bench-results/zcutils-blockmatrix-adhoc-c8gn16-20260811T121140Z/client-node/client/current-tcp-rw-w2-qd32/results.log
current-tcp-rw-w2-qd32,current,tcp,rw,2,32,64,false,curve,1,1,true,4,471361,134.985,133.0,194.0,245.0,4225.6,ordinary-device-ack,mixed-remote-reads-and-early-local-writes,/home/rob/zcutils/bench-results/zcutils-blockmatrix-adhoc-c8gn16-20260811T121140Z/client-node/client/current-tcp-rw-w2-qd32/results.log
current-tcp-rw-w2-qd64,current,tcp,rw,2,64,128,false,curve,1,1,true,1,594276,214.817,201.0,270.0,326.0,3363.9,ordinary-device-ack,mixed-remote-reads-and-early-local-writes,/home/rob/zcutils/bench-results/zcutils-blockmatrix-adhoc-c8gn16-20260811T121140Z/client-node/client/current-tcp-rw-w2-qd64/results.log
current-tcp-rw-w2-qd64,current,tcp,rw,2,64,128,false,curve,1,1,true,2,593688,214.847,201.0,270.0,324.0,3366.8,ordinary-device-ack,mixed-remote-reads-and-early-local-writes,/home/rob/zcutils/bench-results/zcutils-blockmatrix-adhoc-c8gn16-20260811T121140Z/client-node/client/current-tcp-rw-w2-qd64/results.log
current-tcp-rw-w2-qd64,current,tcp,rw,2,64,128,false,curve,1,1,true,3,593824,215.086,201.0,270.0,326.0,3367.0,ordinary-device-ack,mixed-remote-reads-and-early-local-writes,/home/rob/zcutils/bench-results/zcutils-blockmatrix-adhoc-c8gn16-20260811T121140Z/client-node/client/current-tcp-rw-w2-qd64/results.log
current-tcp-rw-w2-qd64,current,tcp,rw,2,64,128,false,curve,1,1,true,4,593506,214.955,201.0,270.0,326.0,3368.2,ordinary-device-ack,mixed-remote-reads-and-early-local-writes,/home/rob/zcutils/bench-results/zcutils-blockmatrix-adhoc-c8gn16-20260811T121140Z/client-node/client/current-tcp-rw-w2-qd64/results.log
current-tcp-write-w1-qd1,current,tcp,write,1,1,1,false,curve,1,1,true,1,77237,12.894,5.0,47.0,64.0,12947.1,ordinary-device-ack,early-local-dirty-lease-ack,/home/rob/zcutils/bench-results/zcutils-blockmatrix-adhoc-c8gn16-20260811T121140Z/client-node/client/current-tcp-write-w1-qd1/results.log
current-tcp-write-w1-qd1,current,tcp,write,1,1,1,false,curve,1,1,true,2,77276,12.888,5.0,47.0,64.0,12940.8,ordinary-device-ack,early-local-dirty-lease-ack,/home/rob/zcutils/bench-results/zcutils-blockmatrix-adhoc-c8gn16-20260811T121140Z/client-node/client/current-tcp-write-w1-qd1/results.log
current-tcp-write-w1-qd1,current,tcp,write,1,1,1,false,curve,1,1,true,3,77337,12.878,5.0,47.0,64.0,12930.6,ordinary-device-ack,early-local-dirty-lease-ack,/home/rob/zcutils/bench-results/zcutils-blockmatrix-adhoc-c8gn16-20260811T121140Z/client-node/client/current-tcp-write-w1-qd1/results.log
current-tcp-write-w1-qd1,current,tcp,write,1,1,1,false,curve,1,1,true,4,77292,12.886,5.0,47.0,64.0,12938.1,ordinary-device-ack,early-local-dirty-lease-ack,/home/rob/zcutils/bench-results/zcutils-blockmatrix-adhoc-c8gn16-20260811T121140Z/client-node/client/current-tcp-write-w1-qd1/results.log
current-tcp-write-w1-qd1-fua,current,tcp,write,1,1,1,true,curve-fua,1,1,true,1,17473,57.177,57.0,61.0,74.0,57231.9,per-write-fua-dsync,remote-fua-drain,/home/rob/zcutils/bench-results/zcutils-blockmatrix-adhoc-c8gn16-20260811T121140Z/client-node/client/current-tcp-write-w1-qd1-fua/results.log
current-tcp-write-w1-qd1-fua,current,tcp,write,1,1,1,true,curve-fua,1,1,true,2,17458,57.229,57.0,61.0,74.0,57282.9,per-write-fua-dsync,remote-fua-drain,/home/rob/zcutils/bench-results/zcutils-blockmatrix-adhoc-c8gn16-20260811T121140Z/client-node/client/current-tcp-write-w1-qd1-fua/results.log
current-tcp-write-w1-qd1-fua,current,tcp,write,1,1,1,true,curve-fua,1,1,true,3,17426,57.332,57.0,61.0,74.0,57385.8,per-write-fua-dsync,remote-fua-drain,/home/rob/zcutils/bench-results/zcutils-blockmatrix-adhoc-c8gn16-20260811T121140Z/client-node/client/current-tcp-write-w1-qd1-fua/results.log
current-tcp-write-w1-qd1-fua,current,tcp,write,1,1,1,true,curve-fua,1,1,true,4,17417,57.362,57.0,61.0,75.0,57416.3,per-write-fua-dsync,remote-fua-drain,/home/rob/zcutils/bench-results/zcutils-blockmatrix-adhoc-c8gn16-20260811T121140Z/client-node/client/current-tcp-write-w1-qd1-fua/results.log
current-tcp-write-w1-qd16,current,tcp,write,1,16,16,false,curve,2,2,true,1,188686,84.013,66.0,123.0,127.0,5299.9,ordinary-device-ack,early-local-dirty-lease-ack,/home/rob/zcutils/bench-results/zcutils-blockmatrix-adhoc-c8gn16-20260811T121140Z/client-node/client/current-tcp-write-w1-qd16/results.log
current-tcp-write-w1-qd16,current,tcp,write,1,16,16,false,curve,2,2,true,2,188757,83.978,66.0,123.0,127.0,5297.9,ordinary-device-ack,early-local-dirty-lease-ack,/home/rob/zcutils/bench-results/zcutils-blockmatrix-adhoc-c8gn16-20260811T121140Z/client-node/client/current-tcp-write-w1-qd16/results.log
current-tcp-write-w1-qd16,current,tcp,write,1,16,16,false,curve,2,2,true,3,188985,83.879,66.0,123.0,127.0,5291.6,ordinary-device-ack,early-local-dirty-lease-ack,/home/rob/zcutils/bench-results/zcutils-blockmatrix-adhoc-c8gn16-20260811T121140Z/client-node/client/current-tcp-write-w1-qd16/results.log
current-tcp-write-w1-qd16,current,tcp,write,1,16,16,false,curve,2,2,true,4,188965,83.887,66.0,123.0,127.0,5292.1,ordinary-device-ack,early-local-dirty-lease-ack,/home/rob/zcutils/bench-results/zcutils-blockmatrix-adhoc-c8gn16-20260811T121140Z/client-node/client/current-tcp-write-w1-qd16/results.log
current-tcp-write-w1-qd2,current,tcp,write,1,2,2,false,curve,1,1,true,1,118352,16.795,6.0,56.0,72.0,8449.7,ordinary-device-ack,early-local-dirty-lease-ack,/home/rob/zcutils/bench-results/zcutils-blockmatrix-adhoc-c8gn16-20260811T121140Z/client-node/client/current-tcp-write-w1-qd2/results.log
current-tcp-write-w1-qd2,current,tcp,write,1,2,2,false,curve,1,1,true,2,118070,16.835,6.0,56.0,72.0,8469.8,ordinary-device-ack,early-local-dirty-lease-ack,/home/rob/zcutils/bench-results/zcutils-blockmatrix-adhoc-c8gn16-20260811T121140Z/client-node/client/current-tcp-write-w1-qd2/results.log
current-tcp-write-w1-qd2,current,tcp,write,1,2,2,false,curve,1,1,true,3,118307,16.799,6.0,56.0,72.0,8452.7,ordinary-device-ack,early-local-dirty-lease-ack,/home/rob/zcutils/bench-results/zcutils-blockmatrix-adhoc-c8gn16-20260811T121140Z/client-node/client/current-tcp-write-w1-qd2/results.log
current-tcp-write-w1-qd2,current,tcp,write,1,2,2,false,curve,1,1,true,4,118793,16.73,6.0,56.0,72.0,8418.2,ordinary-device-ack,early-local-dirty-lease-ack,/home/rob/zcutils/bench-results/zcutils-blockmatrix-adhoc-c8gn16-20260811T121140Z/client-node/client/current-tcp-write-w1-qd2/results.log
current-tcp-write-w1-qd4,current,tcp,write,1,4,4,false,curve,1,1,true,1,164186,24.158,7.0,72.0,91.0,6090.6,ordinary-device-ack,early-local-dirty-lease-ack,/home/rob/zcutils/bench-results/zcutils-blockmatrix-adhoc-c8gn16-20260811T121140Z/client-node/client/current-tcp-write-w1-qd4/results.log
current-tcp-write-w1-qd4,current,tcp,write,1,4,4,false,curve,1,1,true,2,165009,24.035,7.0,72.0,91.0,6060.2,ordinary-device-ack,early-local-dirty-lease-ack,/home/rob/zcutils/bench-results/zcutils-blockmatrix-adhoc-c8gn16-20260811T121140Z/client-node/client/current-tcp-write-w1-qd4/results.log
current-tcp-write-w1-qd4,current,tcp,write,1,4,4,false,curve,1,1,true,3,163981,24.188,7.0,72.0,91.0,6098.3,ordinary-device-ack,early-local-dirty-lease-ack,/home/rob/zcutils/bench-results/zcutils-blockmatrix-adhoc-c8gn16-20260811T121140Z/client-node/client/current-tcp-write-w1-qd4/results.log
current-tcp-write-w1-qd4,current,tcp,write,1,4,4,false,curve,1,1,true,4,165008,24.041,7.0,72.0,91.0,6060.4,ordinary-device-ack,early-local-dirty-lease-ack,/home/rob/zcutils/bench-results/zcutils-blockmatrix-adhoc-c8gn16-20260811T121140Z/client-node/client/current-tcp-write-w1-qd4/results.log
current-tcp-write-w1-qd8,current,tcp,write,1,8,8,false,curve,1,1,true,1,127909,62.138,60.0,64.0,115.0,7818.3,ordinary-device-ack,early-local-dirty-lease-ack,/home/rob/zcutils/bench-results/zcutils-blockmatrix-adhoc-c8gn16-20260811T121140Z/client-node/client/current-tcp-write-w1-qd8/results.log
current-tcp-write-w1-qd8,current,tcp,write,1,8,8,false,curve,1,1,true,2,127885,62.148,60.0,64.0,116.0,7819.8,ordinary-device-ack,early-local-dirty-lease-ack,/home/rob/zcutils/bench-results/zcutils-blockmatrix-adhoc-c8gn16-20260811T121140Z/client-node/client/current-tcp-write-w1-qd8/results.log
current-tcp-write-w1-qd8,current,tcp,write,1,8,8,false,curve,1,1,true,3,127982,62.102,60.0,64.0,116.0,7813.7,ordinary-device-ack,early-local-dirty-lease-ack,/home/rob/zcutils/bench-results/zcutils-blockmatrix-adhoc-c8gn16-20260811T121140Z/client-node/client/current-tcp-write-w1-qd8/results.log
current-tcp-write-w1-qd8,current,tcp,write,1,8,8,false,curve,1,1,true,4,127985,62.098,60.0,64.0,116.0,7813.6,ordinary-device-ack,early-local-dirty-lease-ack,/home/rob/zcutils/bench-results/zcutils-blockmatrix-adhoc-c8gn16-20260811T121140Z/client-node/client/current-tcp-write-w1-qd8/results.log
current-tcp-write-w2-qd128,current,tcp,write,2,128,256,false,curve,2,2,true,1,568382,444.68,399.0,568.0,990.0,3476.8,ordinary-device-ack,early-local-dirty-lease-ack,/home/rob/zcutils/bench-results/zcutils-blockmatrix-adhoc-c8gn16-20260811T121140Z/client-node/client/current-tcp-write-w2-qd128/results.log
current-tcp-write-w2-qd128,current,tcp,write,2,128,256,false,curve,2,2,true,2,568858,444.713,400.0,600.0,992.0,3477.0,ordinary-device-ack,early-local-dirty-lease-ack,/home/rob/zcutils/bench-results/zcutils-blockmatrix-adhoc-c8gn16-20260811T121140Z/client-node/client/current-tcp-write-w2-qd128/results.log
current-tcp-write-w2-qd128,current,tcp,write,2,128,256,false,curve,2,2,true,3,568569,444.559,399.0,603.0,983.0,3475.8,ordinary-device-ack,early-local-dirty-lease-ack,/home/rob/zcutils/bench-results/zcutils-blockmatrix-adhoc-c8gn16-20260811T121140Z/client-node/client/current-tcp-write-w2-qd128/results.log
current-tcp-write-w2-qd128,current,tcp,write,2,128,256,false,curve,2,2,true,4,572441,444.457,399.0,569.0,986.0,3474.9,ordinary-device-ack,early-local-dirty-lease-ack,/home/rob/zcutils/bench-results/zcutils-blockmatrix-adhoc-c8gn16-20260811T121140Z/client-node/client/current-tcp-write-w2-qd128/results.log
current-tcp-write-w2-qd256,current,tcp,write,2,256,512,false,curve,1,1,true,1,572302,887.728,840.0,2000.0,2000.0,3469.4,ordinary-device-ack,early-local-dirty-lease-ack,/home/rob/zcutils/bench-results/zcutils-blockmatrix-adhoc-c8gn16-20260811T121140Z/client-node/client/current-tcp-write-w2-qd256/results.log
current-tcp-write-w2-qd256,current,tcp,write,2,256,512,false,curve,1,1,true,2,571940,887.906,840.0,2000.0,2000.0,3470.1,ordinary-device-ack,early-local-dirty-lease-ack,/home/rob/zcutils/bench-results/zcutils-blockmatrix-adhoc-c8gn16-20260811T121140Z/client-node/client/current-tcp-write-w2-qd256/results.log
current-tcp-write-w2-qd256,current,tcp,write,2,256,512,false,curve,1,1,true,3,572954,887.806,841.0,2000.0,2000.0,3469.7,ordinary-device-ack,early-local-dirty-lease-ack,/home/rob/zcutils/bench-results/zcutils-blockmatrix-adhoc-c8gn16-20260811T121140Z/client-node/client/current-tcp-write-w2-qd256/results.log
current-tcp-write-w2-qd256,current,tcp,write,2,256,512,false,curve,1,1,true,4,572277,887.895,840.0,2000.0,2000.0,3470.0,ordinary-device-ack,early-local-dirty-lease-ack,/home/rob/zcutils/bench-results/zcutils-blockmatrix-adhoc-c8gn16-20260811T121140Z/client-node/client/current-tcp-write-w2-qd256/results.log
current-tcp-write-w2-qd32,current,tcp,write,2,32,64,false,curve,1,1,true,1,571786,111.201,132.0,137.0,183.0,3487.1,ordinary-device-ack,early-local-dirty-lease-ack,/home/rob/zcutils/bench-results/zcutils-blockmatrix-adhoc-c8gn16-20260811T121140Z/client-node/client/current-tcp-write-w2-qd32/results.log
current-tcp-write-w2-qd32,current,tcp,write,2,32,64,false,curve,1,1,true,2,572197,111.235,132.0,137.0,183.0,3487.5,ordinary-device-ack,early-local-dirty-lease-ack,/home/rob/zcutils/bench-results/zcutils-blockmatrix-adhoc-c8gn16-20260811T121140Z/client-node/client/current-tcp-write-w2-qd32/results.log
current-tcp-write-w2-qd32,current,tcp,write,2,32,64,false,curve,1,1,true,3,572115,111.251,132.0,137.0,184.0,3487.5,ordinary-device-ack,early-local-dirty-lease-ack,/home/rob/zcutils/bench-results/zcutils-blockmatrix-adhoc-c8gn16-20260811T121140Z/client-node/client/current-tcp-write-w2-qd32/results.log
current-tcp-write-w2-qd32,current,tcp,write,2,32,64,false,curve,1,1,true,4,571554,111.227,132.0,137.0,184.0,3487.1,ordinary-device-ack,early-local-dirty-lease-ack,/home/rob/zcutils/bench-results/zcutils-blockmatrix-adhoc-c8gn16-20260811T121140Z/client-node/client/current-tcp-write-w2-qd32/results.log
current-tcp-write-w2-qd64,current,tcp,write,2,64,128,false,curve,1,1,true,1,573075,222.744,201.0,272.0,418.0,3484.9,ordinary-device-ack,early-local-dirty-lease-ack,/home/rob/zcutils/bench-results/zcutils-blockmatrix-adhoc-c8gn16-20260811T121140Z/client-node/client/current-tcp-write-w2-qd64/results.log
current-tcp-write-w2-qd64,current,tcp,write,2,64,128,false,curve,1,1,true,2,572955,222.748,201.0,272.0,417.0,3485.1,ordinary-device-ack,early-local-dirty-lease-ack,/home/rob/zcutils/bench-results/zcutils-blockmatrix-adhoc-c8gn16-20260811T121140Z/client-node/client/current-tcp-write-w2-qd64/results.log
current-tcp-write-w2-qd64,current,tcp,write,2,64,128,false,curve,1,1,true,3,572798,222.742,201.0,272.0,418.0,3485.1,ordinary-device-ack,early-local-dirty-lease-ack,/home/rob/zcutils/bench-results/zcutils-blockmatrix-adhoc-c8gn16-20260811T121140Z/client-node/client/current-tcp-write-w2-qd64/results.log
current-tcp-write-w2-qd64,current,tcp,write,2,64,128,false,curve,1,1,true,4,571275,222.692,201.0,272.0,416.0,3484.2,ordinary-device-ack,early-local-dirty-lease-ack,/home/rob/zcutils/bench-results/zcutils-blockmatrix-adhoc-c8gn16-20260811T121140Z/client-node/client/current-tcp-write-w2-qd64/results.log
gate-current-efa-read-w1-qd1,current,efa,read,1,1,1,false,gate,1,1,true,1,44947,22.195,22.0,26.0,26.0,22248.8,ordinary-device-ack,remote-read-completion,/home/rob/zcutils/bench-results/zcutils-blockmatrix-adhoc-c8gn16-20260811T121140Z/client-node/client/gate-current-efa-read-w1-qd1/results.log
gate-current-efa-read-w1-qd1,current,efa,read,1,1,1,false,gate,1,1,true,2,44815,22.261,23.0,26.0,26.0,22314.1,ordinary-device-ack,remote-read-completion,/home/rob/zcutils/bench-results/zcutils-blockmatrix-adhoc-c8gn16-20260811T121140Z/client-node/client/gate-current-efa-read-w1-qd1/results.log
gate-current-efa-read-w1-qd1,current,efa,read,1,1,1,false,gate,1,1,true,3,44928,22.205,23.0,26.0,26.0,22258.4,ordinary-device-ack,remote-read-completion,/home/rob/zcutils/bench-results/zcutils-blockmatrix-adhoc-c8gn16-20260811T121140Z/client-node/client/gate-current-efa-read-w1-qd1/results.log
gate-current-efa-read-w1-qd1,current,efa,read,1,1,1,false,gate,1,1,true,4,44850,22.244,23.0,26.0,26.0,22296.9,ordinary-device-ack,remote-read-completion,/home/rob/zcutils/bench-results/zcutils-blockmatrix-adhoc-c8gn16-20260811T121140Z/client-node/client/gate-current-efa-read-w1-qd1/results.log
gate-current-efa-rw-w1-qd1,current,efa,rw,1,1,1,false,gate,1,1,true,1,72360,13.765,5.0,30.0,43.0,13820.0,ordinary-device-ack,mixed-remote-reads-and-early-local-writes,/home/rob/zcutils/bench-results/zcutils-blockmatrix-adhoc-c8gn16-20260811T121140Z/client-node/client/gate-current-efa-rw-w1-qd1/results.log
gate-current-efa-rw-w1-qd1,current,efa,rw,1,1,1,false,gate,1,1,true,2,72520,13.735,5.0,30.0,43.0,13789.7,ordinary-device-ack,mixed-remote-reads-and-early-local-writes,/home/rob/zcutils/bench-results/zcutils-blockmatrix-adhoc-c8gn16-20260811T121140Z/client-node/client/gate-current-efa-rw-w1-qd1/results.log
gate-current-efa-rw-w1-qd1,current,efa,rw,1,1,1,false,gate,1,1,true,3,72509,13.737,5.0,30.0,43.0,13791.5,ordinary-device-ack,mixed-remote-reads-and-early-local-writes,/home/rob/zcutils/bench-results/zcutils-blockmatrix-adhoc-c8gn16-20260811T121140Z/client-node/client/gate-current-efa-rw-w1-qd1/results.log
gate-current-efa-rw-w1-qd1,current,efa,rw,1,1,1,false,gate,1,1,true,4,72621,13.715,5.0,30.0,43.0,13770.3,ordinary-device-ack,mixed-remote-reads-and-early-local-writes,/home/rob/zcutils/bench-results/zcutils-blockmatrix-adhoc-c8gn16-20260811T121140Z/client-node/client/gate-current-efa-rw-w1-qd1/results.log
gate-current-efa-write-w1-qd1,current,efa,write,1,1,1,false,gate,1,1,true,1,35545,28.079,5.0,106.0,110.0,28132.6,ordinary-device-ack,early-local-dirty-lease-ack,/home/rob/zcutils/bench-results/zcutils-blockmatrix-adhoc-c8gn16-20260811T121140Z/client-node/client/gate-current-efa-write-w1-qd1/results.log
gate-current-efa-write-w1-qd1,current,efa,write,1,1,1,false,gate,1,1,true,2,40368,24.719,5.0,106.0,109.0,24772.4,ordinary-device-ack,early-local-dirty-lease-ack,/home/rob/zcutils/bench-results/zcutils-blockmatrix-adhoc-c8gn16-20260811T121140Z/client-node/client/gate-current-efa-write-w1-qd1/results.log
gate-current-efa-write-w1-qd1,current,efa,write,1,1,1,false,gate,1,1,true,3,40348,24.731,5.0,106.0,110.0,24784.5,ordinary-device-ack,early-local-dirty-lease-ack,/home/rob/zcutils/bench-results/zcutils-blockmatrix-adhoc-c8gn16-20260811T121140Z/client-node/client/gate-current-efa-write-w1-qd1/results.log
gate-current-efa-write-w1-qd1,current,efa,write,1,1,1,false,gate,1,1,true,4,40333,24.739,5.0,106.0,109.0,24793.4,ordinary-device-ack,early-local-dirty-lease-ack,/home/rob/zcutils/bench-results/zcutils-blockmatrix-adhoc-c8gn16-20260811T121140Z/client-node/client/gate-current-efa-write-w1-qd1/results.log
gate-current-efa-write-w1-qd1-fua,current,efa,write,1,1,1,true,gate-fua,1,1,true,1,15264,65.461,61.0,65.0,318.0,65516.0,per-write-fua-dsync,remote-fua-drain,/home/rob/zcutils/bench-results/zcutils-blockmatrix-adhoc-c8gn16-20260811T121140Z/client-node/client/gate-current-efa-write-w1-qd1-fua/results.log
gate-current-efa-write-w1-qd1-fua,current,efa,write,1,1,1,true,gate-fua,1,1,true,2,16130,61.943,61.0,64.0,67.0,61998.6,per-write-fua-dsync,remote-fua-drain,/home/rob/zcutils/bench-results/zcutils-blockmatrix-adhoc-c8gn16-20260811T121140Z/client-node/client/gate-current-efa-write-w1-qd1-fua/results.log
gate-current-efa-write-w1-qd1-fua,current,efa,write,1,1,1,true,gate-fua,1,1,true,3,16130,61.94,61.0,65.0,67.0,61996.6,per-write-fua-dsync,remote-fua-drain,/home/rob/zcutils/bench-results/zcutils-blockmatrix-adhoc-c8gn16-20260811T121140Z/client-node/client/gate-current-efa-write-w1-qd1-fua/results.log
gate-current-efa-write-w1-qd1-fua,current,efa,write,1,1,1,true,gate-fua,1,1,true,4,16124,61.965,61.0,65.0,67.0,62019.9,per-write-fua-dsync,remote-fua-drain,/home/rob/zcutils/bench-results/zcutils-blockmatrix-adhoc-c8gn16-20260811T121140Z/client-node/client/gate-current-efa-write-w1-qd1-fua/results.log
gate-current-tcp-read-w1-qd1,current,tcp,read,1,1,1,false,gate,1,1,true,1,27584,36.2,36.0,39.0,54.0,36253.1,ordinary-device-ack,remote-read-completion,/home/rob/zcutils/bench-results/zcutils-blockmatrix-adhoc-c8gn16-20260811T121140Z/client-node/client/gate-current-tcp-read-w1-qd1/results.log
gate-current-tcp-read-w1-qd1,current,tcp,read,1,1,1,false,gate,1,1,true,2,27602,36.176,36.0,39.0,54.0,36229.0,ordinary-device-ack,remote-read-completion,/home/rob/zcutils/bench-results/zcutils-blockmatrix-adhoc-c8gn16-20260811T121140Z/client-node/client/gate-current-tcp-read-w1-qd1/results.log
gate-current-tcp-read-w1-qd1,current,tcp,read,1,1,1,false,gate,1,1,true,3,27535,36.264,37.0,39.0,54.0,36317.6,ordinary-device-ack,remote-read-completion,/home/rob/zcutils/bench-results/zcutils-blockmatrix-adhoc-c8gn16-20260811T121140Z/client-node/client/gate-current-tcp-read-w1-qd1/results.log
gate-current-tcp-read-w1-qd1,current,tcp,read,1,1,1,false,gate,1,1,true,4,27575,36.212,36.0,39.0,54.0,36265.1,ordinary-device-ack,remote-read-completion,/home/rob/zcutils/bench-results/zcutils-blockmatrix-adhoc-c8gn16-20260811T121140Z/client-node/client/gate-current-tcp-read-w1-qd1/results.log
gate-current-tcp-rw-w1-qd1,current,tcp,rw,1,1,1,false,gate,1,1,true,1,52054,19.156,5.0,44.0,68.0,19211.1,ordinary-device-ack,mixed-remote-reads-and-early-local-writes,/home/rob/zcutils/bench-results/zcutils-blockmatrix-adhoc-c8gn16-20260811T121140Z/client-node/client/gate-current-tcp-rw-w1-qd1/results.log
gate-current-tcp-rw-w1-qd1,current,tcp,rw,1,1,1,false,gate,1,1,true,2,52174,19.112,5.0,44.0,68.0,19167.1,ordinary-device-ack,mixed-remote-reads-and-early-local-writes,/home/rob/zcutils/bench-results/zcutils-blockmatrix-adhoc-c8gn16-20260811T121140Z/client-node/client/gate-current-tcp-rw-w1-qd1/results.log
gate-current-tcp-rw-w1-qd1,current,tcp,rw,1,1,1,false,gate,1,1,true,3,52253,19.083,5.0,44.0,68.0,19138.2,ordinary-device-ack,mixed-remote-reads-and-early-local-writes,/home/rob/zcutils/bench-results/zcutils-blockmatrix-adhoc-c8gn16-20260811T121140Z/client-node/client/gate-current-tcp-rw-w1-qd1/results.log
gate-current-tcp-rw-w1-qd1,current,tcp,rw,1,1,1,false,gate,1,1,true,4,52255,19.082,5.0,44.0,68.0,19137.3,ordinary-device-ack,mixed-remote-reads-and-early-local-writes,/home/rob/zcutils/bench-results/zcutils-blockmatrix-adhoc-c8gn16-20260811T121140Z/client-node/client/gate-current-tcp-rw-w1-qd1/results.log
gate-current-tcp-write-w1-qd1,current,tcp,write,1,1,1,false,gate,1,1,true,1,76850,12.959,5.0,47.0,64.0,13012.5,ordinary-device-ack,early-local-dirty-lease-ack,/home/rob/zcutils/bench-results/zcutils-blockmatrix-adhoc-c8gn16-20260811T121140Z/client-node/client/gate-current-tcp-write-w1-qd1/results.log
gate-current-tcp-write-w1-qd1,current,tcp,write,1,1,1,false,gate,1,1,true,2,76829,12.963,5.0,47.0,64.0,13016.1,ordinary-device-ack,early-local-dirty-lease-ack,/home/rob/zcutils/bench-results/zcutils-blockmatrix-adhoc-c8gn16-20260811T121140Z/client-node/client/gate-current-tcp-write-w1-qd1/results.log
gate-current-tcp-write-w1-qd1,current,tcp,write,1,1,1,false,gate,1,1,true,3,76998,12.934,5.0,47.0,64.0,12987.6,ordinary-device-ack,early-local-dirty-lease-ack,/home/rob/zcutils/bench-results/zcutils-blockmatrix-adhoc-c8gn16-20260811T121140Z/client-node/client/gate-current-tcp-write-w1-qd1/results.log
gate-current-tcp-write-w1-qd1,current,tcp,write,1,1,1,false,gate,1,1,true,4,77031,12.929,5.0,47.0,64.0,12981.9,ordinary-device-ack,early-local-dirty-lease-ack,/home/rob/zcutils/bench-results/zcutils-blockmatrix-adhoc-c8gn16-20260811T121140Z/client-node/client/gate-current-tcp-write-w1-qd1/results.log
gate-current-tcp-write-w1-qd1-fua,current,tcp,write,1,1,1,true,gate-fua,1,1,true,1,17422,57.345,57.0,61.0,71.0,57399.7,per-write-fua-dsync,remote-fua-drain,/home/rob/zcutils/bench-results/zcutils-blockmatrix-adhoc-c8gn16-20260811T121140Z/client-node/client/gate-current-tcp-write-w1-qd1-fua/results.log
gate-current-tcp-write-w1-qd1-fua,current,tcp,write,1,1,1,true,gate-fua,1,1,true,2,17465,57.202,57.0,61.0,71.0,57257.4,per-write-fua-dsync,remote-fua-drain,/home/rob/zcutils/bench-results/zcutils-blockmatrix-adhoc-c8gn16-20260811T121140Z/client-node/client/gate-current-tcp-write-w1-qd1-fua/results.log
gate-current-tcp-write-w1-qd1-fua,current,tcp,write,1,1,1,true,gate-fua,1,1,true,3,17425,57.334,57.0,61.0,71.0,57388.7,per-write-fua-dsync,remote-fua-drain,/home/rob/zcutils/bench-results/zcutils-blockmatrix-adhoc-c8gn16-20260811T121140Z/client-node/client/gate-current-tcp-write-w1-qd1-fua/results.log
gate-current-tcp-write-w1-qd1-fua,current,tcp,write,1,1,1,true,gate-fua,1,1,true,4,17468,57.195,57.0,61.0,71.0,57249.7,per-write-fua-dsync,remote-fua-drain,/home/rob/zcutils/bench-results/zcutils-blockmatrix-adhoc-c8gn16-20260811T121140Z/client-node/client/gate-current-tcp-write-w1-qd1-fua/results.log
current-nvmet-read-w1-qd16,current,nvme-tcp,read,1,16,16,false,curve,1,1,true,1,82814,192.36,135.0,247.0,3000.0,8832.9,ordinary-device-ack,remote-nvme-command-target-page-cache-admission,/home/rob/zcutils/bench-results/zcutils-blockmatrix-adhoc-c8gn16-20260811T121140Z/client-node/nvmet/runs/current-nvmet-read-w1-qd16/results.log
current-nvmet-read-w1-qd16,current,nvme-tcp,read,1,16,16,false,curve,1,1,true,2,82018,194.232,135.0,247.0,3000.0,8949.0,ordinary-device-ack,remote-nvme-command-target-page-cache-admission,/home/rob/zcutils/bench-results/zcutils-blockmatrix-adhoc-c8gn16-20260811T121140Z/client-node/nvmet/runs/current-nvmet-read-w1-qd16/results.log
current-nvmet-read-w1-qd16,current,nvme-tcp,read,1,16,16,false,curve,1,1,true,3,81632,195.155,135.0,248.0,3000.0,9018.3,ordinary-device-ack,remote-nvme-command-target-page-cache-admission,/home/rob/zcutils/bench-results/zcutils-blockmatrix-adhoc-c8gn16-20260811T121140Z/client-node/nvmet/runs/current-nvmet-read-w1-qd16/results.log
current-nvmet-read-w1-qd16,current,nvme-tcp,read,1,16,16,false,curve,1,1,true,4,83236,191.371,136.0,246.0,3000.0,8764.4,ordinary-device-ack,remote-nvme-command-target-page-cache-admission,/home/rob/zcutils/bench-results/zcutils-blockmatrix-adhoc-c8gn16-20260811T121140Z/client-node/nvmet/runs/current-nvmet-read-w1-qd16/results.log
current-nvmet-read-w1-qd2,current,nvme-tcp,read,1,2,2,false,curve,1,1,true,1,38134,52.364,45.0,55.0,63.0,21698.5,ordinary-device-ack,remote-nvme-command-target-page-cache-admission,/home/rob/zcutils/bench-results/zcutils-blockmatrix-adhoc-c8gn16-20260811T121140Z/client-node/nvmet/runs/current-nvmet-read-w1-qd2/results.log
current-nvmet-read-w1-qd2,current,nvme-tcp,read,1,2,2,false,curve,1,1,true,2,38018,52.521,45.0,54.0,63.0,21806.6,ordinary-device-ack,remote-nvme-command-target-page-cache-admission,/home/rob/zcutils/bench-results/zcutils-blockmatrix-adhoc-c8gn16-20260811T121140Z/client-node/nvmet/runs/current-nvmet-read-w1-qd2/results.log
current-nvmet-read-w1-qd2,current,nvme-tcp,read,1,2,2,false,curve,1,1,true,3,37712,52.947,45.0,55.0,63.0,21999.6,ordinary-device-ack,remote-nvme-command-target-page-cache-admission,/home/rob/zcutils/bench-results/zcutils-blockmatrix-adhoc-c8gn16-20260811T121140Z/client-node/nvmet/runs/current-nvmet-read-w1-qd2/results.log
current-nvmet-read-w1-qd2,current,nvme-tcp,read,1,2,2,false,curve,1,1,true,4,38221,52.244,45.0,54.0,63.0,21648.5,ordinary-device-ack,remote-nvme-command-target-page-cache-admission,/home/rob/zcutils/bench-results/zcutils-blockmatrix-adhoc-c8gn16-20260811T121140Z/client-node/nvmet/runs/current-nvmet-read-w1-qd2/results.log
current-nvmet-read-w1-qd4,current,nvme-tcp,read,1,4,4,false,curve,1,1,true,1,65279,61.152,46.0,63.0,75.0,10890.8,ordinary-device-ack,remote-nvme-command-target-page-cache-admission,/home/rob/zcutils/bench-results/zcutils-blockmatrix-adhoc-c8gn16-20260811T121140Z/client-node/nvmet/runs/current-nvmet-read-w1-qd4/results.log
current-nvmet-read-w1-qd4,current,nvme-tcp,read,1,4,4,false,curve,1,1,true,2,66231,60.271,46.0,63.0,75.0,10766.3,ordinary-device-ack,remote-nvme-command-target-page-cache-admission,/home/rob/zcutils/bench-results/zcutils-blockmatrix-adhoc-c8gn16-20260811T121140Z/client-node/nvmet/runs/current-nvmet-read-w1-qd4/results.log
current-nvmet-read-w1-qd4,current,nvme-tcp,read,1,4,4,false,curve,1,1,true,3,65792,60.661,46.0,63.0,75.0,10866.6,ordinary-device-ack,remote-nvme-command-target-page-cache-admission,/home/rob/zcutils/bench-results/zcutils-blockmatrix-adhoc-c8gn16-20260811T121140Z/client-node/nvmet/runs/current-nvmet-read-w1-qd4/results.log
current-nvmet-read-w1-qd4,current,nvme-tcp,read,1,4,4,false,curve,1,1,true,4,64747,61.655,46.0,63.0,75.0,11074.9,ordinary-device-ack,remote-nvme-command-target-page-cache-admission,/home/rob/zcutils/bench-results/zcutils-blockmatrix-adhoc-c8gn16-20260811T121140Z/client-node/nvmet/runs/current-nvmet-read-w1-qd4/results.log
current-nvmet-read-w1-qd8,current,nvme-tcp,read,1,8,8,false,curve,1,1,true,1,64394,123.827,97.0,103.0,2000.0,12090.5,ordinary-device-ack,remote-nvme-command-target-page-cache-admission,/home/rob/zcutils/bench-results/zcutils-blockmatrix-adhoc-c8gn16-20260811T121140Z/client-node/nvmet/runs/current-nvmet-read-w1-qd8/results.log
current-nvmet-read-w1-qd8,current,nvme-tcp,read,1,8,8,false,curve,1,1,true,2,63711,125.155,97.0,105.0,2000.0,12248.2,ordinary-device-ack,remote-nvme-command-target-page-cache-admission,/home/rob/zcutils/bench-results/zcutils-blockmatrix-adhoc-c8gn16-20260811T121140Z/client-node/nvmet/runs/current-nvmet-read-w1-qd8/results.log
current-nvmet-read-w1-qd8,current,nvme-tcp,read,1,8,8,false,curve,1,1,true,3,64541,123.54,97.0,103.0,2000.0,12048.3,ordinary-device-ack,remote-nvme-command-target-page-cache-admission,/home/rob/zcutils/bench-results/zcutils-blockmatrix-adhoc-c8gn16-20260811T121140Z/client-node/nvmet/runs/current-nvmet-read-w1-qd8/results.log
current-nvmet-read-w1-qd8,current,nvme-tcp,read,1,8,8,false,curve,1,1,true,4,63889,124.807,97.0,105.0,2000.0,12203.5,ordinary-device-ack,remote-nvme-command-target-page-cache-admission,/home/rob/zcutils/bench-results/zcutils-blockmatrix-adhoc-c8gn16-20260811T121140Z/client-node/nvmet/runs/current-nvmet-read-w1-qd8/results.log
current-nvmet-read-w2-qd128,current,nvme-tcp,read,2,128,256,false,curve,1,1,true,1,312691,814.919,787.0,919.0,948.0,4338.7,ordinary-device-ack,remote-nvme-command-target-page-cache-admission,/home/rob/zcutils/bench-results/zcutils-blockmatrix-adhoc-c8gn16-20260811T121140Z/client-node/nvmet/runs/current-nvmet-read-w2-qd128/results.log
current-nvmet-read-w2-qd128,current,nvme-tcp,read,2,128,256,false,curve,1,1,true,2,312252,814.529,787.0,920.0,950.0,4340.1,ordinary-device-ack,remote-nvme-command-target-page-cache-admission,/home/rob/zcutils/bench-results/zcutils-blockmatrix-adhoc-c8gn16-20260811T121140Z/client-node/nvmet/runs/current-nvmet-read-w2-qd128/results.log
current-nvmet-read-w2-qd128,current,nvme-tcp,read,2,128,256,false,curve,1,1,true,3,314399,809.417,781.0,911.0,938.0,4306.5,ordinary-device-ack,remote-nvme-command-target-page-cache-admission,/home/rob/zcutils/bench-results/zcutils-blockmatrix-adhoc-c8gn16-20260811T121140Z/client-node/nvmet/runs/current-nvmet-read-w2-qd128/results.log
current-nvmet-read-w2-qd128,current,nvme-tcp,read,2,128,256,false,curve,1,1,true,4,311323,816.645,789.0,924.0,952.0,4354.3,ordinary-device-ack,remote-nvme-command-target-page-cache-admission,/home/rob/zcutils/bench-results/zcutils-blockmatrix-adhoc-c8gn16-20260811T121140Z/client-node/nvmet/runs/current-nvmet-read-w2-qd128/results.log
current-nvmet-read-w2-qd256,current,nvme-tcp,read,2,256,512,false,curve,1,1,true,1,288281,1767.639,2000.0,2000.0,2000.0,4315.5,ordinary-device-ack,remote-nvme-command-target-page-cache-admission,/home/rob/zcutils/bench-results/zcutils-blockmatrix-adhoc-c8gn16-20260811T121140Z/client-node/nvmet/runs/current-nvmet-read-w2-qd256/results.log
current-nvmet-read-w2-qd256,current,nvme-tcp,read,2,256,512,false,curve,1,1,true,2,287221,1772.661,2000.0,2000.0,2000.0,4321.1,ordinary-device-ack,remote-nvme-command-target-page-cache-admission,/home/rob/zcutils/bench-results/zcutils-blockmatrix-adhoc-c8gn16-20260811T121140Z/client-node/nvmet/runs/current-nvmet-read-w2-qd256/results.log
current-nvmet-read-w2-qd256,current,nvme-tcp,read,2,256,512,false,curve,1,1,true,3,285906,1775.847,2000.0,2000.0,2000.0,4329.9,ordinary-device-ack,remote-nvme-command-target-page-cache-admission,/home/rob/zcutils/bench-results/zcutils-blockmatrix-adhoc-c8gn16-20260811T121140Z/client-node/nvmet/runs/current-nvmet-read-w2-qd256/results.log
current-nvmet-read-w2-qd256,current,nvme-tcp,read,2,256,512,false,curve,1,1,true,4,282425,1793.778,2000.0,2000.0,2000.0,4383.8,ordinary-device-ack,remote-nvme-command-target-page-cache-admission,/home/rob/zcutils/bench-results/zcutils-blockmatrix-adhoc-c8gn16-20260811T121140Z/client-node/nvmet/runs/current-nvmet-read-w2-qd256/results.log
current-nvmet-read-w2-qd32,current,nvme-tcp,read,2,32,64,false,curve,1,1,true,1,287618,219.853,250.0,296.0,310.0,4416.5,ordinary-device-ack,remote-nvme-command-target-page-cache-admission,/home/rob/zcutils/bench-results/zcutils-blockmatrix-adhoc-c8gn16-20260811T121140Z/client-node/nvmet/runs/current-nvmet-read-w2-qd32/results.log
current-nvmet-read-w2-qd32,current,nvme-tcp,read,2,32,64,false,curve,1,1,true,2,287840,219.191,249.0,296.0,309.0,4415.6,ordinary-device-ack,remote-nvme-command-target-page-cache-admission,/home/rob/zcutils/bench-results/zcutils-blockmatrix-adhoc-c8gn16-20260811T121140Z/client-node/nvmet/runs/current-nvmet-read-w2-qd32/results.log
current-nvmet-read-w2-qd32,current,nvme-tcp,read,2,32,64,false,curve,1,1,true,3,287548,219.547,250.0,296.0,309.0,4422.6,ordinary-device-ack,remote-nvme-command-target-page-cache-admission,/home/rob/zcutils/bench-results/zcutils-blockmatrix-adhoc-c8gn16-20260811T121140Z/client-node/nvmet/runs/current-nvmet-read-w2-qd32/results.log
current-nvmet-read-w2-qd32,current,nvme-tcp,read,2,32,64,false,curve,1,1,true,4,288979,218.17,249.0,295.0,307.0,4398.7,ordinary-device-ack,remote-nvme-command-target-page-cache-admission,/home/rob/zcutils/bench-results/zcutils-blockmatrix-adhoc-c8gn16-20260811T121140Z/client-node/nvmet/runs/current-nvmet-read-w2-qd32/results.log
current-nvmet-read-w2-qd64,current,nvme-tcp,read,2,64,128,false,curve,1,1,true,1,165296,773.289,788.0,890.0,966.0,9062.2,ordinary-device-ack,remote-nvme-command-target-page-cache-admission,/home/rob/zcutils/bench-results/zcutils-blockmatrix-adhoc-c8gn16-20260811T121140Z/client-node/nvmet/runs/current-nvmet-read-w2-qd64/results.log
current-nvmet-read-w2-qd64,current,nvme-tcp,read,2,64,128,false,curve,1,1,true,2,165370,773.263,789.0,891.0,968.0,9066.8,ordinary-device-ack,remote-nvme-command-target-page-cache-admission,/home/rob/zcutils/bench-results/zcutils-blockmatrix-adhoc-c8gn16-20260811T121140Z/client-node/nvmet/runs/current-nvmet-read-w2-qd64/results.log
current-nvmet-read-w2-qd64,current,nvme-tcp,read,2,64,128,false,curve,1,1,true,3,165329,772.981,788.0,888.0,959.0,9064.2,ordinary-device-ack,remote-nvme-command-target-page-cache-admission,/home/rob/zcutils/bench-results/zcutils-blockmatrix-adhoc-c8gn16-20260811T121140Z/client-node/nvmet/runs/current-nvmet-read-w2-qd64/results.log
current-nvmet-read-w2-qd64,current,nvme-tcp,read,2,64,128,false,curve,1,1,true,4,165089,774.348,790.0,892.0,972.0,9071.0,ordinary-device-ack,remote-nvme-command-target-page-cache-admission,/home/rob/zcutils/bench-results/zcutils-blockmatrix-adhoc-c8gn16-20260811T121140Z/client-node/nvmet/runs/current-nvmet-read-w2-qd64/results.log
current-nvmet-rw-w1-qd1-repeat2,current,nvme-tcp,rw,1,1,1,false,curve-repeat2,1,1,true,1,23361,42.749,39.0,44.0,53.0,38458.7,ordinary-device-ack,remote-nvme-command-target-page-cache-admission,/home/rob/zcutils/bench-results/zcutils-blockmatrix-adhoc-c8gn16-20260811T121140Z/client-node/nvmet/runs/current-nvmet-rw-w1-qd1-repeat2/results.log
current-nvmet-rw-w1-qd1-repeat2,current,nvme-tcp,rw,1,1,1,false,curve-repeat2,1,1,true,2,23353,42.763,39.0,44.0,53.0,38399.3,ordinary-device-ack,remote-nvme-command-target-page-cache-admission,/home/rob/zcutils/bench-results/zcutils-blockmatrix-adhoc-c8gn16-20260811T121140Z/client-node/nvmet/runs/current-nvmet-rw-w1-qd1-repeat2/results.log
current-nvmet-rw-w1-qd1-repeat2,current,nvme-tcp,rw,1,1,1,false,curve-repeat2,1,1,true,3,23375,42.723,39.0,44.0,53.0,38408.5,ordinary-device-ack,remote-nvme-command-target-page-cache-admission,/home/rob/zcutils/bench-results/zcutils-blockmatrix-adhoc-c8gn16-20260811T121140Z/client-node/nvmet/runs/current-nvmet-rw-w1-qd1-repeat2/results.log
current-nvmet-rw-w1-qd1-repeat2,current,nvme-tcp,rw,1,1,1,false,curve-repeat2,1,1,true,4,23405,42.67,39.0,44.0,53.0,38338.7,ordinary-device-ack,remote-nvme-command-target-page-cache-admission,/home/rob/zcutils/bench-results/zcutils-blockmatrix-adhoc-c8gn16-20260811T121140Z/client-node/nvmet/runs/current-nvmet-rw-w1-qd1-repeat2/results.log
current-nvmet-rw-w1-qd1-repeat3,current,nvme-tcp,rw,1,1,1,false,curve-repeat3,1,1,true,1,28165,35.449,32.0,36.0,45.0,31168.4,ordinary-device-ack,remote-nvme-command-target-page-cache-admission,/home/rob/zcutils/bench-results/zcutils-blockmatrix-adhoc-c8gn16-20260811T121140Z/client-node/nvmet/runs/current-nvmet-rw-w1-qd1-repeat3/results.log
current-nvmet-rw-w1-qd1-repeat3,current,nvme-tcp,rw,1,1,1,false,curve-repeat3,1,1,true,2,28111,35.514,32.0,36.0,45.0,31193.2,ordinary-device-ack,remote-nvme-command-target-page-cache-admission,/home/rob/zcutils/bench-results/zcutils-blockmatrix-adhoc-c8gn16-20260811T121140Z/client-node/nvmet/runs/current-nvmet-rw-w1-qd1-repeat3/results.log
current-nvmet-rw-w1-qd1-repeat3,current,nvme-tcp,rw,1,1,1,false,curve-repeat3,1,1,true,3,28136,35.485,32.0,36.0,46.0,31152.0,ordinary-device-ack,remote-nvme-command-target-page-cache-admission,/home/rob/zcutils/bench-results/zcutils-blockmatrix-adhoc-c8gn16-20260811T121140Z/client-node/nvmet/runs/current-nvmet-rw-w1-qd1-repeat3/results.log
current-nvmet-rw-w1-qd1-repeat3,current,nvme-tcp,rw,1,1,1,false,curve-repeat3,1,1,true,4,27986,35.673,32.0,36.0,46.0,31342.3,ordinary-device-ack,remote-nvme-command-target-page-cache-admission,/home/rob/zcutils/bench-results/zcutils-blockmatrix-adhoc-c8gn16-20260811T121140Z/client-node/nvmet/runs/current-nvmet-rw-w1-qd1-repeat3/results.log
current-nvmet-rw-w1-qd16,current,nvme-tcp,rw,1,16,16,false,curve,1,1,true,1,84992,187.3,133.0,248.0,3000.0,8876.8,ordinary-device-ack,remote-nvme-command-target-page-cache-admission,/home/rob/zcutils/bench-results/zcutils-blockmatrix-adhoc-c8gn16-20260811T121140Z/client-node/nvmet/runs/current-nvmet-rw-w1-qd16/results.log
current-nvmet-rw-w1-qd16,current,nvme-tcp,rw,1,16,16,false,curve,1,1,true,2,74504,213.808,132.0,248.0,3000.0,8915.0,ordinary-device-ack,remote-nvme-command-target-page-cache-admission,/home/rob/zcutils/bench-results/zcutils-blockmatrix-adhoc-c8gn16-20260811T121140Z/client-node/nvmet/runs/current-nvmet-rw-w1-qd16/results.log
current-nvmet-rw-w1-qd16,current,nvme-tcp,rw,1,16,16,false,curve,1,1,true,3,51742,308.269,135.0,247.0,3000.0,9050.6,ordinary-device-ack,remote-nvme-command-target-page-cache-admission,/home/rob/zcutils/bench-results/zcutils-blockmatrix-adhoc-c8gn16-20260811T121140Z/client-node/nvmet/runs/current-nvmet-rw-w1-qd16/results.log
current-nvmet-rw-w1-qd16,current,nvme-tcp,rw,1,16,16,false,curve,1,1,true,4,43412,367.596,133.0,249.0,3000.0,9022.9,ordinary-device-ack,remote-nvme-command-target-page-cache-admission,/home/rob/zcutils/bench-results/zcutils-blockmatrix-adhoc-c8gn16-20260811T121140Z/client-node/nvmet/runs/current-nvmet-rw-w1-qd16/results.log
current-nvmet-rw-w1-qd2-resume,current,nvme-tcp,rw,1,2,2,false,curve-resume,1,1,true,1,43645,45.739,39.0,49.0,54.0,18589.0,ordinary-device-ack,remote-nvme-command-target-page-cache-admission,/home/rob/zcutils/bench-results/zcutils-blockmatrix-adhoc-c8gn16-20260811T121140Z/client-node/nvmet/runs/current-nvmet-rw-w1-qd2-resume/results.log
current-nvmet-rw-w1-qd2-resume,current,nvme-tcp,rw,1,2,2,false,curve-resume,1,1,true,2,43291,46.112,39.0,48.0,54.0,18618.1,ordinary-device-ack,remote-nvme-command-target-page-cache-admission,/home/rob/zcutils/bench-results/zcutils-blockmatrix-adhoc-c8gn16-20260811T121140Z/client-node/nvmet/runs/current-nvmet-rw-w1-qd2-resume/results.log
current-nvmet-rw-w1-qd2-resume,current,nvme-tcp,rw,1,2,2,false,curve-resume,1,1,true,3,42110,47.41,39.0,48.0,53.0,18289.1,ordinary-device-ack,remote-nvme-command-target-page-cache-admission,/home/rob/zcutils/bench-results/zcutils-blockmatrix-adhoc-c8gn16-20260811T121140Z/client-node/nvmet/runs/current-nvmet-rw-w1-qd2-resume/results.log
current-nvmet-rw-w1-qd2-resume,current,nvme-tcp,rw,1,2,2,false,curve-resume,1,1,true,4,43896,45.476,39.0,48.0,54.0,18484.6,ordinary-device-ack,remote-nvme-command-target-page-cache-admission,/home/rob/zcutils/bench-results/zcutils-blockmatrix-adhoc-c8gn16-20260811T121140Z/client-node/nvmet/runs/current-nvmet-rw-w1-qd2-resume/results.log
current-nvmet-rw-w1-qd4,current,nvme-tcp,rw,1,4,4,false,curve,1,1,true,1,66025,60.46,47.0,64.0,72.0,10979.8,ordinary-device-ack,remote-nvme-command-target-page-cache-admission,/home/rob/zcutils/bench-results/zcutils-blockmatrix-adhoc-c8gn16-20260811T121140Z/client-node/nvmet/runs/current-nvmet-rw-w1-qd4/results.log
current-nvmet-rw-w1-qd4,current,nvme-tcp,rw,1,4,4,false,curve,1,1,true,2,62649,63.724,47.0,64.0,72.0,11054.1,ordinary-device-ack,remote-nvme-command-target-page-cache-admission,/home/rob/zcutils/bench-results/zcutils-blockmatrix-adhoc-c8gn16-20260811T121140Z/client-node/nvmet/runs/current-nvmet-rw-w1-qd4/results.log
current-nvmet-rw-w1-qd4,current,nvme-tcp,rw,1,4,4,false,curve,1,1,true,3,10466,382.066,47.0,64.0,72.0,10867.1,ordinary-device-ack,remote-nvme-command-target-page-cache-admission,/home/rob/zcutils/bench-results/zcutils-blockmatrix-adhoc-c8gn16-20260811T121140Z/client-node/nvmet/runs/current-nvmet-rw-w1-qd4/results.log
current-nvmet-rw-w1-qd4,current,nvme-tcp,rw,1,4,4,false,curve,1,1,true,4,64535,61.858,47.0,64.0,72.0,11011.0,ordinary-device-ack,remote-nvme-command-target-page-cache-admission,/home/rob/zcutils/bench-results/zcutils-blockmatrix-adhoc-c8gn16-20260811T121140Z/client-node/nvmet/runs/current-nvmet-rw-w1-qd4/results.log
current-nvmet-rw-w1-qd4-repeat,current,nvme-tcp,rw,1,4,4,false,curve-repeat,1,1,true,1,66645,59.896,46.0,63.0,71.0,10950.3,ordinary-device-ack,remote-nvme-command-target-page-cache-admission,/home/rob/zcutils/bench-results/zcutils-blockmatrix-adhoc-c8gn16-20260811T121140Z/client-node/nvmet/runs/current-nvmet-rw-w1-qd4-repeat/results.log
current-nvmet-rw-w1-qd4-repeat,current,nvme-tcp,rw,1,4,4,false,curve-repeat,1,1,true,2,46662,85.604,46.0,63.0,71.0,10763.0,ordinary-device-ack,remote-nvme-command-target-page-cache-admission,/home/rob/zcutils/bench-results/zcutils-blockmatrix-adhoc-c8gn16-20260811T121140Z/client-node/nvmet/runs/current-nvmet-rw-w1-qd4-repeat/results.log
current-nvmet-rw-w1-qd4-repeat,current,nvme-tcp,rw,1,4,4,false,curve-repeat,1,1,true,3,52474,76.108,46.0,63.0,72.0,10828.4,ordinary-device-ack,remote-nvme-command-target-page-cache-admission,/home/rob/zcutils/bench-results/zcutils-blockmatrix-adhoc-c8gn16-20260811T121140Z/client-node/nvmet/runs/current-nvmet-rw-w1-qd4-repeat/results.log
current-nvmet-rw-w1-qd4-repeat,current,nvme-tcp,rw,1,4,4,false,curve-repeat,1,1,true,4,36228,110.292,46.0,63.0,71.0,10830.6,ordinary-device-ack,remote-nvme-command-target-page-cache-admission,/home/rob/zcutils/bench-results/zcutils-blockmatrix-adhoc-c8gn16-20260811T121140Z/client-node/nvmet/runs/current-nvmet-rw-w1-qd4-repeat/results.log
current-nvmet-rw-w1-qd8,current,nvme-tcp,rw,1,8,8,false,curve,1,1,true,1,64447,123.71,96.0,106.0,2000.0,12348.4,ordinary-device-ack,remote-nvme-command-target-page-cache-admission,/home/rob/zcutils/bench-results/zcutils-blockmatrix-adhoc-c8gn16-20260811T121140Z/client-node/nvmet/runs/current-nvmet-rw-w1-qd8/results.log
current-nvmet-rw-w1-qd8,current,nvme-tcp,rw,1,8,8,false,curve,1,1,true,2,65318,122.052,97.0,106.0,2000.0,12139.2,ordinary-device-ack,remote-nvme-command-target-page-cache-admission,/home/rob/zcutils/bench-results/zcutils-blockmatrix-adhoc-c8gn16-20260811T121140Z/client-node/nvmet/runs/current-nvmet-rw-w1-qd8/results.log
current-nvmet-rw-w1-qd8,current,nvme-tcp,rw,1,8,8,false,curve,1,1,true,3,59535,133.952,97.0,103.0,2000.0,12031.5,ordinary-device-ack,remote-nvme-command-target-page-cache-admission,/home/rob/zcutils/bench-results/zcutils-blockmatrix-adhoc-c8gn16-20260811T121140Z/client-node/nvmet/runs/current-nvmet-rw-w1-qd8/results.log
current-nvmet-rw-w1-qd8,current,nvme-tcp,rw,1,8,8,false,curve,1,1,true,4,43467,183.625,97.0,105.0,2000.0,12082.2,ordinary-device-ack,remote-nvme-command-target-page-cache-admission,/home/rob/zcutils/bench-results/zcutils-blockmatrix-adhoc-c8gn16-20260811T121140Z/client-node/nvmet/runs/current-nvmet-rw-w1-qd8/results.log
current-nvmet-rw-w2-qd128,current,nvme-tcp,rw,2,128,256,false,curve,1,1,true,1,273668,914.177,871.0,2000.0,2000.0,4806.6,ordinary-device-ack,remote-nvme-command-target-page-cache-admission,/home/rob/zcutils/bench-results/zcutils-blockmatrix-adhoc-c8gn16-20260811T121140Z/client-node/nvmet/runs/current-nvmet-rw-w2-qd128/results.log
current-nvmet-rw-w2-qd128,current,nvme-tcp,rw,2,128,256,false,curve,1,1,true,2,280129,902.306,868.0,2000.0,2000.0,4796.7,ordinary-device-ack,remote-nvme-command-target-page-cache-admission,/home/rob/zcutils/bench-results/zcutils-blockmatrix-adhoc-c8gn16-20260811T121140Z/client-node/nvmet/runs/current-nvmet-rw-w2-qd128/results.log
current-nvmet-rw-w2-qd128,current,nvme-tcp,rw,2,128,256,false,curve,1,1,true,3,258204,942.101,870.0,2000.0,2000.0,4818.0,ordinary-device-ack,remote-nvme-command-target-page-cache-admission,/home/rob/zcutils/bench-results/zcutils-blockmatrix-adhoc-c8gn16-20260811T121140Z/client-node/nvmet/runs/current-nvmet-rw-w2-qd128/results.log
current-nvmet-rw-w2-qd128,current,nvme-tcp,rw,2,128,256,false,curve,1,1,true,4,252835,952.103,871.0,2000.0,2000.0,4814.1,ordinary-device-ack,remote-nvme-command-target-page-cache-admission,/home/rob/zcutils/bench-results/zcutils-blockmatrix-adhoc-c8gn16-20260811T121140Z/client-node/nvmet/runs/current-nvmet-rw-w2-qd128/results.log
current-nvmet-rw-w2-qd256,current,nvme-tcp,rw,2,256,512,false,curve,1,1,true,1,279038,1794.042,2000.0,2000.0,2000.0,4785.4,ordinary-device-ack,remote-nvme-command-target-page-cache-admission,/home/rob/zcutils/bench-results/zcutils-blockmatrix-adhoc-c8gn16-20260811T121140Z/client-node/nvmet/runs/current-nvmet-rw-w2-qd256/results.log
current-nvmet-rw-w2-qd256,current,nvme-tcp,rw,2,256,512,false,curve,1,1,true,2,275074,1806.108,2000.0,2000.0,2000.0,4779.9,ordinary-device-ack,remote-nvme-command-target-page-cache-admission,/home/rob/zcutils/bench-results/zcutils-blockmatrix-adhoc-c8gn16-20260811T121140Z/client-node/nvmet/runs/current-nvmet-rw-w2-qd256/results.log
current-nvmet-rw-w2-qd256,current,nvme-tcp,rw,2,256,512,false,curve,1,1,true,3,268436,1832.775,2000.0,2000.0,2000.0,4788.1,ordinary-device-ack,remote-nvme-command-target-page-cache-admission,/home/rob/zcutils/bench-results/zcutils-blockmatrix-adhoc-c8gn16-20260811T121140Z/client-node/nvmet/runs/current-nvmet-rw-w2-qd256/results.log
current-nvmet-rw-w2-qd256,current,nvme-tcp,rw,2,256,512,false,curve,1,1,true,4,267417,1831.102,2000.0,2000.0,2000.0,4770.3,ordinary-device-ack,remote-nvme-command-target-page-cache-admission,/home/rob/zcutils/bench-results/zcutils-blockmatrix-adhoc-c8gn16-20260811T121140Z/client-node/nvmet/runs/current-nvmet-rw-w2-qd256/results.log
current-nvmet-rw-w2-qd32-resume2,current,nvme-tcp,rw,2,32,64,false,curve-resume2,1,1,true,1,156474,408.181,419.0,499.0,524.0,10019.3,ordinary-device-ack,remote-nvme-command-target-page-cache-admission,/home/rob/zcutils/bench-results/zcutils-blockmatrix-adhoc-c8gn16-20260811T121140Z/client-node/nvmet/runs/current-nvmet-rw-w2-qd32-resume2/results.log
current-nvmet-rw-w2-qd32-resume2,current,nvme-tcp,rw,2,32,64,false,curve-resume2,1,1,true,2,154546,406.303,418.0,499.0,521.0,10016.5,ordinary-device-ack,remote-nvme-command-target-page-cache-admission,/home/rob/zcutils/bench-results/zcutils-blockmatrix-adhoc-c8gn16-20260811T121140Z/client-node/nvmet/runs/current-nvmet-rw-w2-qd32-resume2/results.log
current-nvmet-rw-w2-qd32-resume2,current,nvme-tcp,rw,2,32,64,false,curve-resume2,1,1,true,3,148130,417.274,417.0,499.0,522.0,10040.8,ordinary-device-ack,remote-nvme-command-target-page-cache-admission,/home/rob/zcutils/bench-results/zcutils-blockmatrix-adhoc-c8gn16-20260811T121140Z/client-node/nvmet/runs/current-nvmet-rw-w2-qd32-resume2/results.log
current-nvmet-rw-w2-qd32-resume2,current,nvme-tcp,rw,2,32,64,false,curve-resume2,1,1,true,4,154788,412.164,420.0,499.0,526.0,10018.3,ordinary-device-ack,remote-nvme-command-target-page-cache-admission,/home/rob/zcutils/bench-results/zcutils-blockmatrix-adhoc-c8gn16-20260811T121140Z/client-node/nvmet/runs/current-nvmet-rw-w2-qd32-resume2/results.log
current-nvmet-rw-w2-qd64,current,nvme-tcp,rw,2,64,128,false,curve,1,1,true,1,155534,821.986,845.0,936.0,2000.0,10161.0,ordinary-device-ack,remote-nvme-command-target-page-cache-admission,/home/rob/zcutils/bench-results/zcutils-blockmatrix-adhoc-c8gn16-20260811T121140Z/client-node/nvmet/runs/current-nvmet-rw-w2-qd64/results.log
current-nvmet-rw-w2-qd64,current,nvme-tcp,rw,2,64,128,false,curve,1,1,true,2,155960,819.748,843.0,935.0,1000.0,10144.1,ordinary-device-ack,remote-nvme-command-target-page-cache-admission,/home/rob/zcutils/bench-results/zcutils-blockmatrix-adhoc-c8gn16-20260811T121140Z/client-node/nvmet/runs/current-nvmet-rw-w2-qd64/results.log
current-nvmet-rw-w2-qd64,current,nvme-tcp,rw,2,64,128,false,curve,1,1,true,3,155614,821.945,847.0,939.0,2000.0,10148.2,ordinary-device-ack,remote-nvme-command-target-page-cache-admission,/home/rob/zcutils/bench-results/zcutils-blockmatrix-adhoc-c8gn16-20260811T121140Z/client-node/nvmet/runs/current-nvmet-rw-w2-qd64/results.log
current-nvmet-rw-w2-qd64,current,nvme-tcp,rw,2,64,128,false,curve,1,1,true,4,155618,821.593,846.0,938.0,2000.0,10129.6,ordinary-device-ack,remote-nvme-command-target-page-cache-admission,/home/rob/zcutils/bench-results/zcutils-blockmatrix-adhoc-c8gn16-20260811T121140Z/client-node/nvmet/runs/current-nvmet-rw-w2-qd64/results.log
current-nvmet-write-w1-qd16,current,nvme-tcp,write,1,16,16,false,curve,1,1,true,1,86051,185.021,128.0,243.0,3000.0,9224.7,ordinary-device-ack,remote-nvme-command-target-page-cache-admission,/home/rob/zcutils/bench-results/zcutils-blockmatrix-adhoc-c8gn16-20260811T121140Z/client-node/nvmet/runs/current-nvmet-write-w1-qd16/results.log
current-nvmet-write-w1-qd16,current,nvme-tcp,write,1,16,16,false,curve,1,1,true,2,87705,181.506,128.0,244.0,3000.0,9008.2,ordinary-device-ack,remote-nvme-command-target-page-cache-admission,/home/rob/zcutils/bench-results/zcutils-blockmatrix-adhoc-c8gn16-20260811T121140Z/client-node/nvmet/runs/current-nvmet-write-w1-qd16/results.log
current-nvmet-write-w1-qd16,current,nvme-tcp,write,1,16,16,false,curve,1,1,true,3,39307,406.144,129.0,243.0,3000.0,9018.9,ordinary-device-ack,remote-nvme-command-target-page-cache-admission,/home/rob/zcutils/bench-results/zcutils-blockmatrix-adhoc-c8gn16-20260811T121140Z/client-node/nvmet/runs/current-nvmet-write-w1-qd16/results.log
current-nvmet-write-w1-qd16,current,nvme-tcp,write,1,16,16,false,curve,1,1,true,4,32750,487.624,129.0,243.0,3000.0,9090.4,ordinary-device-ack,remote-nvme-command-target-page-cache-admission,/home/rob/zcutils/bench-results/zcutils-blockmatrix-adhoc-c8gn16-20260811T121140Z/client-node/nvmet/runs/current-nvmet-write-w1-qd16/results.log
current-nvmet-write-w1-qd2,current,nvme-tcp,write,1,2,2,false,curve,1,1,true,1,37429,53.34,46.0,56.0,61.0,23066.9,ordinary-device-ack,remote-nvme-command-target-page-cache-admission,/home/rob/zcutils/bench-results/zcutils-blockmatrix-adhoc-c8gn16-20260811T121140Z/client-node/nvmet/runs/current-nvmet-write-w1-qd2/results.log
current-nvmet-write-w1-qd2,current,nvme-tcp,write,1,2,2,false,curve,1,1,true,2,37747,52.894,46.0,55.0,61.0,22841.3,ordinary-device-ack,remote-nvme-command-target-page-cache-admission,/home/rob/zcutils/bench-results/zcutils-blockmatrix-adhoc-c8gn16-20260811T121140Z/client-node/nvmet/runs/current-nvmet-write-w1-qd2/results.log
current-nvmet-write-w1-qd2,current,nvme-tcp,write,1,2,2,false,curve,1,1,true,3,37509,53.228,46.0,56.0,61.0,22998.0,ordinary-device-ack,remote-nvme-command-target-page-cache-admission,/home/rob/zcutils/bench-results/zcutils-blockmatrix-adhoc-c8gn16-20260811T121140Z/client-node/nvmet/runs/current-nvmet-write-w1-qd2/results.log
current-nvmet-write-w1-qd2,current,nvme-tcp,write,1,2,2,false,curve,1,1,true,4,36304,54.997,46.0,55.0,61.0,22960.1,ordinary-device-ack,remote-nvme-command-target-page-cache-admission,/home/rob/zcutils/bench-results/zcutils-blockmatrix-adhoc-c8gn16-20260811T121140Z/client-node/nvmet/runs/current-nvmet-write-w1-qd2/results.log
current-nvmet-write-w1-qd4,current,nvme-tcp,write,1,4,4,false,curve,1,1,true,1,67526,59.122,47.0,64.0,73.0,11218.5,ordinary-device-ack,remote-nvme-command-target-page-cache-admission,/home/rob/zcutils/bench-results/zcutils-blockmatrix-adhoc-c8gn16-20260811T121140Z/client-node/nvmet/runs/current-nvmet-write-w1-qd4/results.log
current-nvmet-write-w1-qd4,current,nvme-tcp,write,1,4,4,false,curve,1,1,true,2,32970,121.211,46.0,64.0,73.0,11210.6,ordinary-device-ack,remote-nvme-command-target-page-cache-admission,/home/rob/zcutils/bench-results/zcutils-blockmatrix-adhoc-c8gn16-20260811T121140Z/client-node/nvmet/runs/current-nvmet-write-w1-qd4/results.log
current-nvmet-write-w1-qd4,current,nvme-tcp,write,1,4,4,false,curve,1,1,true,3,12678,315.382,46.0,64.0,73.0,11301.5,ordinary-device-ack,remote-nvme-command-target-page-cache-admission,/home/rob/zcutils/bench-results/zcutils-blockmatrix-adhoc-c8gn16-20260811T121140Z/client-node/nvmet/runs/current-nvmet-write-w1-qd4/results.log
current-nvmet-write-w1-qd4,current,nvme-tcp,write,1,4,4,false,curve,1,1,true,4,49071,81.399,47.0,64.0,73.0,11276.6,ordinary-device-ack,remote-nvme-command-target-page-cache-admission,/home/rob/zcutils/bench-results/zcutils-blockmatrix-adhoc-c8gn16-20260811T121140Z/client-node/nvmet/runs/current-nvmet-write-w1-qd4/results.log
current-nvmet-write-w1-qd8,current,nvme-tcp,write,1,8,8,false,curve,1,1,true,1,68960,115.595,93.0,104.0,928.0,11836.6,ordinary-device-ack,remote-nvme-command-target-page-cache-admission,/home/rob/zcutils/bench-results/zcutils-blockmatrix-adhoc-c8gn16-20260811T121140Z/client-node/nvmet/runs/current-nvmet-write-w1-qd8/results.log
current-nvmet-write-w1-qd8,current,nvme-tcp,write,1,8,8,false,curve,1,1,true,2,47177,169.163,94.0,103.0,877.0,11845.5,ordinary-device-ack,remote-nvme-command-target-page-cache-admission,/home/rob/zcutils/bench-results/zcutils-blockmatrix-adhoc-c8gn16-20260811T121140Z/client-node/nvmet/runs/current-nvmet-write-w1-qd8/results.log
current-nvmet-write-w1-qd8,current,nvme-tcp,write,1,8,8,false,curve,1,1,true,3,69228,115.15,93.0,101.0,827.0,11792.4,ordinary-device-ack,remote-nvme-command-target-page-cache-admission,/home/rob/zcutils/bench-results/zcutils-blockmatrix-adhoc-c8gn16-20260811T121140Z/client-node/nvmet/runs/current-nvmet-write-w1-qd8/results.log
current-nvmet-write-w1-qd8,current,nvme-tcp,write,1,8,8,false,curve,1,1,true,4,48927,163.096,94.0,103.0,828.0,11808.6,ordinary-device-ack,remote-nvme-command-target-page-cache-admission,/home/rob/zcutils/bench-results/zcutils-blockmatrix-adhoc-c8gn16-20260811T121140Z/client-node/nvmet/runs/current-nvmet-write-w1-qd8/results.log
current-nvmet-write-w1-qd8-repeat,current,nvme-tcp,write,1,8,8,false,curve-repeat,1,1,true,1,69610,114.51,92.0,102.0,920.0,11728.3,ordinary-device-ack,remote-nvme-command-target-page-cache-admission,/home/rob/zcutils/bench-results/zcutils-blockmatrix-adhoc-c8gn16-20260811T121140Z/client-node/nvmet/runs/current-nvmet-write-w1-qd8-repeat/results.log
current-nvmet-write-w1-qd8-repeat,current,nvme-tcp,write,1,8,8,false,curve-repeat,1,1,true,2,61045,130.636,93.0,108.0,954.0,11818.6,ordinary-device-ack,remote-nvme-command-target-page-cache-admission,/home/rob/zcutils/bench-results/zcutils-blockmatrix-adhoc-c8gn16-20260811T121140Z/client-node/nvmet/runs/current-nvmet-write-w1-qd8-repeat/results.log
current-nvmet-write-w1-qd8-repeat,current,nvme-tcp,write,1,8,8,false,curve-repeat,1,1,true,3,30042,265.886,92.0,103.0,816.0,11729.1,ordinary-device-ack,remote-nvme-command-target-page-cache-admission,/home/rob/zcutils/bench-results/zcutils-blockmatrix-adhoc-c8gn16-20260811T121140Z/client-node/nvmet/runs/current-nvmet-write-w1-qd8-repeat/results.log
current-nvmet-write-w1-qd8-repeat,current,nvme-tcp,write,1,8,8,false,curve-repeat,1,1,true,4,61582,129.491,93.0,106.0,2000.0,11831.0,ordinary-device-ack,remote-nvme-command-target-page-cache-admission,/home/rob/zcutils/bench-results/zcutils-blockmatrix-adhoc-c8gn16-20260811T121140Z/client-node/nvmet/runs/current-nvmet-write-w1-qd8-repeat/results.log
current-nvmet-write-w2-qd128,current,nvme-tcp,write,2,128,256,false,curve,1,1,true,1,242895,1046.273,913.0,3000.0,3000.0,5941.1,ordinary-device-ack,remote-nvme-command-target-page-cache-admission,/home/rob/zcutils/bench-results/zcutils-blockmatrix-adhoc-c8gn16-20260811T121140Z/client-node/nvmet/runs/current-nvmet-write-w2-qd128/results.log
current-nvmet-write-w2-qd128,current,nvme-tcp,write,2,128,256,false,curve,1,1,true,2,243872,1043.449,914.0,3000.0,3000.0,5922.9,ordinary-device-ack,remote-nvme-command-target-page-cache-admission,/home/rob/zcutils/bench-results/zcutils-blockmatrix-adhoc-c8gn16-20260811T121140Z/client-node/nvmet/runs/current-nvmet-write-w2-qd128/results.log
current-nvmet-write-w2-qd128,current,nvme-tcp,write,2,128,256,false,curve,1,1,true,3,243932,1047.215,914.0,3000.0,3000.0,5960.6,ordinary-device-ack,remote-nvme-command-target-page-cache-admission,/home/rob/zcutils/bench-results/zcutils-blockmatrix-adhoc-c8gn16-20260811T121140Z/client-node/nvmet/runs/current-nvmet-write-w2-qd128/results.log
current-nvmet-write-w2-qd128,current,nvme-tcp,write,2,128,256,false,curve,1,1,true,4,243231,1050.511,917.0,3000.0,3000.0,5959.2,ordinary-device-ack,remote-nvme-command-target-page-cache-admission,/home/rob/zcutils/bench-results/zcutils-blockmatrix-adhoc-c8gn16-20260811T121140Z/client-node/nvmet/runs/current-nvmet-write-w2-qd128/results.log
current-nvmet-write-w2-qd256,current,nvme-tcp,write,2,256,512,false,curve,1,1,true,1,103864,4803.504,2000.0,27000.0,43000.0,16948.3,ordinary-device-ack,remote-nvme-command-target-page-cache-admission,/home/rob/zcutils/bench-results/zcutils-blockmatrix-adhoc-c8gn16-20260811T121140Z/client-node/nvmet/runs/current-nvmet-write-w2-qd256/results.log
current-nvmet-write-w2-qd256,current,nvme-tcp,write,2,256,512,false,curve,1,1,true,2,104429,4844.625,2000.0,27000.0,46000.0,17131.3,ordinary-device-ack,remote-nvme-command-target-page-cache-admission,/home/rob/zcutils/bench-results/zcutils-blockmatrix-adhoc-c8gn16-20260811T121140Z/client-node/nvmet/runs/current-nvmet-write-w2-qd256/results.log
current-nvmet-write-w2-qd256,current,nvme-tcp,write,2,256,512,false,curve,1,1,true,3,101221,4894.655,2000.0,27000.0,46000.0,17621.6,ordinary-device-ack,remote-nvme-command-target-page-cache-admission,/home/rob/zcutils/bench-results/zcutils-blockmatrix-adhoc-c8gn16-20260811T121140Z/client-node/nvmet/runs/current-nvmet-write-w2-qd256/results.log
current-nvmet-write-w2-qd256,current,nvme-tcp,write,2,256,512,false,curve,1,1,true,4,102605,4846.637,2000.0,27000.0,43000.0,17198.2,ordinary-device-ack,remote-nvme-command-target-page-cache-admission,/home/rob/zcutils/bench-results/zcutils-blockmatrix-adhoc-c8gn16-20260811T121140Z/client-node/nvmet/runs/current-nvmet-write-w2-qd256/results.log
current-nvmet-write-w2-qd32,current,nvme-tcp,write,2,32,64,false,curve,1,1,true,1,231308,264.677,251.0,376.0,483.0,5806.8,ordinary-device-ack,remote-nvme-command-target-page-cache-admission,/home/rob/zcutils/bench-results/zcutils-blockmatrix-adhoc-c8gn16-20260811T121140Z/client-node/nvmet/runs/current-nvmet-write-w2-qd32/results.log
current-nvmet-write-w2-qd32,current,nvme-tcp,write,2,32,64,false,curve,1,1,true,2,228716,260.675,252.0,373.0,480.0,5827.2,ordinary-device-ack,remote-nvme-command-target-page-cache-admission,/home/rob/zcutils/bench-results/zcutils-blockmatrix-adhoc-c8gn16-20260811T121140Z/client-node/nvmet/runs/current-nvmet-write-w2-qd32/results.log
current-nvmet-write-w2-qd32,current,nvme-tcp,write,2,32,64,false,curve,1,1,true,3,245478,248.301,249.0,371.0,478.0,5770.2,ordinary-device-ack,remote-nvme-command-target-page-cache-admission,/home/rob/zcutils/bench-results/zcutils-blockmatrix-adhoc-c8gn16-20260811T121140Z/client-node/nvmet/runs/current-nvmet-write-w2-qd32/results.log
current-nvmet-write-w2-qd32,current,nvme-tcp,write,2,32,64,false,curve,1,1,true,4,231500,260.999,251.0,373.0,478.0,5811.7,ordinary-device-ack,remote-nvme-command-target-page-cache-admission,/home/rob/zcutils/bench-results/zcutils-blockmatrix-adhoc-c8gn16-20260811T121140Z/client-node/nvmet/runs/current-nvmet-write-w2-qd32/results.log
current-nvmet-write-w2-qd64,current,nvme-tcp,write,2,64,128,false,curve,1,1,true,1,151327,835.779,869.0,945.0,2000.0,10684.3,ordinary-device-ack,remote-nvme-command-target-page-cache-admission,/home/rob/zcutils/bench-results/zcutils-blockmatrix-adhoc-c8gn16-20260811T121140Z/client-node/nvmet/runs/current-nvmet-write-w2-qd64/results.log
current-nvmet-write-w2-qd64,current,nvme-tcp,write,2,64,128,false,curve,1,1,true,2,152313,832.943,869.0,946.0,2000.0,10701.9,ordinary-device-ack,remote-nvme-command-target-page-cache-admission,/home/rob/zcutils/bench-results/zcutils-blockmatrix-adhoc-c8gn16-20260811T121140Z/client-node/nvmet/runs/current-nvmet-write-w2-qd64/results.log
current-nvmet-write-w2-qd64,current,nvme-tcp,write,2,64,128,false,curve,1,1,true,3,149440,842.082,867.0,950.0,2000.0,10712.7,ordinary-device-ack,remote-nvme-command-target-page-cache-admission,/home/rob/zcutils/bench-results/zcutils-blockmatrix-adhoc-c8gn16-20260811T121140Z/client-node/nvmet/runs/current-nvmet-write-w2-qd64/results.log
current-nvmet-write-w2-qd64,current,nvme-tcp,write,2,64,128,false,curve,1,1,true,4,154553,827.254,870.0,947.0,2000.0,10710.9,ordinary-device-ack,remote-nvme-command-target-page-cache-admission,/home/rob/zcutils/bench-results/zcutils-blockmatrix-adhoc-c8gn16-20260811T121140Z/client-node/nvmet/runs/current-nvmet-write-w2-qd64/results.log
gate-current-nvmet-read-w1-qd1,current,nvme-tcp,read,1,1,1,false,gate,1,1,true,1,28032,35.617,32.0,36.0,49.0,30876.6,ordinary-device-ack,remote-nvme-command-target-page-cache-admission,/home/rob/zcutils/bench-results/zcutils-blockmatrix-adhoc-c8gn16-20260811T121140Z/client-node/nvmet/runs/gate-current-nvmet-read-w1-qd1/results.log
gate-current-nvmet-read-w1-qd1,current,nvme-tcp,read,1,1,1,false,gate,1,1,true,2,27971,35.697,32.0,36.0,49.0,30976.4,ordinary-device-ack,remote-nvme-command-target-page-cache-admission,/home/rob/zcutils/bench-results/zcutils-blockmatrix-adhoc-c8gn16-20260811T121140Z/client-node/nvmet/runs/gate-current-nvmet-read-w1-qd1/results.log
gate-current-nvmet-read-w1-qd1,current,nvme-tcp,read,1,1,1,false,gate,1,1,true,3,28001,35.655,32.0,36.0,49.0,30907.8,ordinary-device-ack,remote-nvme-command-target-page-cache-admission,/home/rob/zcutils/bench-results/zcutils-blockmatrix-adhoc-c8gn16-20260811T121140Z/client-node/nvmet/runs/gate-current-nvmet-read-w1-qd1/results.log
gate-current-nvmet-read-w1-qd1,current,nvme-tcp,read,1,1,1,false,gate,1,1,true,4,28073,35.565,32.0,36.0,47.0,30880.0,ordinary-device-ack,remote-nvme-command-target-page-cache-admission,/home/rob/zcutils/bench-results/zcutils-blockmatrix-adhoc-c8gn16-20260811T121140Z/client-node/nvmet/runs/gate-current-nvmet-read-w1-qd1/results.log
gate-current-nvmet-rw-w1-qd1,current,nvme-tcp,rw,1,1,1,false,gate,1,1,true,1,28320,35.252,32.0,36.0,46.0,30973.3,ordinary-device-ack,remote-nvme-command-target-page-cache-admission,/home/rob/zcutils/bench-results/zcutils-blockmatrix-adhoc-c8gn16-20260811T121140Z/client-node/nvmet/runs/gate-current-nvmet-rw-w1-qd1/results.log
gate-current-nvmet-rw-w1-qd1,current,nvme-tcp,rw,1,1,1,false,gate,1,1,true,2,22137,45.117,32.0,36.0,45.0,30817.4,ordinary-device-ack,remote-nvme-command-target-page-cache-admission,/home/rob/zcutils/bench-results/zcutils-blockmatrix-adhoc-c8gn16-20260811T121140Z/client-node/nvmet/runs/gate-current-nvmet-rw-w1-qd1/results.log
gate-current-nvmet-rw-w1-qd1,current,nvme-tcp,rw,1,1,1,false,gate,1,1,true,3,28313,35.262,32.0,36.0,45.0,30910.2,ordinary-device-ack,remote-nvme-command-target-page-cache-admission,/home/rob/zcutils/bench-results/zcutils-blockmatrix-adhoc-c8gn16-20260811T121140Z/client-node/nvmet/runs/gate-current-nvmet-rw-w1-qd1/results.log
gate-current-nvmet-rw-w1-qd1,current,nvme-tcp,rw,1,1,1,false,gate,1,1,true,4,28181,35.427,32.0,36.0,44.0,31092.6,ordinary-device-ack,remote-nvme-command-target-page-cache-admission,/home/rob/zcutils/bench-results/zcutils-blockmatrix-adhoc-c8gn16-20260811T121140Z/client-node/nvmet/runs/gate-current-nvmet-rw-w1-qd1/results.log
gate-current-nvmet-write-w1-qd1,current,nvme-tcp,write,1,1,1,false,gate,1,1,true,1,28336,35.235,32.0,36.0,46.0,31250.6,ordinary-device-ack,remote-nvme-command-target-page-cache-admission,/home/rob/zcutils/bench-results/zcutils-blockmatrix-adhoc-c8gn16-20260811T121140Z/client-node/nvmet/runs/gate-current-nvmet-write-w1-qd1/results.log
gate-current-nvmet-write-w1-qd1,current,nvme-tcp,write,1,1,1,false,gate,1,1,true,2,28505,35.028,32.0,36.0,46.0,31086.8,ordinary-device-ack,remote-nvme-command-target-page-cache-admission,/home/rob/zcutils/bench-results/zcutils-blockmatrix-adhoc-c8gn16-20260811T121140Z/client-node/nvmet/runs/gate-current-nvmet-write-w1-qd1/results.log
gate-current-nvmet-write-w1-qd1,current,nvme-tcp,write,1,1,1,false,gate,1,1,true,3,28619,34.885,32.0,36.0,46.0,30934.7,ordinary-device-ack,remote-nvme-command-target-page-cache-admission,/home/rob/zcutils/bench-results/zcutils-blockmatrix-adhoc-c8gn16-20260811T121140Z/client-node/nvmet/runs/gate-current-nvmet-write-w1-qd1/results.log
gate-current-nvmet-write-w1-qd1,current,nvme-tcp,write,1,1,1,false,gate,1,1,true,4,28473,35.067,32.0,36.0,46.0,31073.1,ordinary-device-ack,remote-nvme-command-target-page-cache-admission,/home/rob/zcutils/bench-results/zcutils-blockmatrix-adhoc-c8gn16-20260811T121140Z/client-node/nvmet/runs/gate-current-nvmet-write-w1-qd1/results.log
gate-current-nvmet-write-w1-qd1-fua,current,nvme-tcp,write,1,1,1,true,gate-fua,1,1,true,1,28606,34.904,32.0,36.0,46.0,30887.8,per-write-fua-dsync,remote-nvme-fua-target-sync-volatile-media,/home/rob/zcutils/bench-results/zcutils-blockmatrix-adhoc-c8gn16-20260811T121140Z/client-node/nvmet/runs/gate-current-nvmet-write-w1-qd1-fua/results.log
gate-current-nvmet-write-w1-qd1-fua,current,nvme-tcp,write,1,1,1,true,gate-fua,1,1,true,2,28477,35.062,32.0,36.0,46.0,31113.3,per-write-fua-dsync,remote-nvme-fua-target-sync-volatile-media,/home/rob/zcutils/bench-results/zcutils-blockmatrix-adhoc-c8gn16-20260811T121140Z/client-node/nvmet/runs/gate-current-nvmet-write-w1-qd1-fua/results.log
gate-current-nvmet-write-w1-qd1-fua,current,nvme-tcp,write,1,1,1,true,gate-fua,1,1,true,3,28730,34.752,32.0,36.0,46.0,30799.0,per-write-fua-dsync,remote-nvme-fua-target-sync-volatile-media,/home/rob/zcutils/bench-results/zcutils-blockmatrix-adhoc-c8gn16-20260811T121140Z/client-node/nvmet/runs/gate-current-nvmet-write-w1-qd1-fua/results.log
gate-current-nvmet-write-w1-qd1-fua,current,nvme-tcp,write,1,1,1,true,gate-fua,1,1,true,4,28481,35.058,32.0,36.0,46.0,31093.2,per-write-fua-dsync,remote-nvme-fua-target-sync-volatile-media,/home/rob/zcutils/bench-results/zcutils-blockmatrix-adhoc-c8gn16-20260811T121140Z/client-node/nvmet/runs/gate-current-nvmet-write-w1-qd1-fua/results.log
