timestamp_ns=1784168432787047096
online=1 transport=shm total_conns=2 active_conns=2
shm=1 daemon_online=1 daemon_generation=1 global_submit_sequence=261 ring_entries=512 payload_entries=8192 transfer_payload_slots=1
conn=0 lane=0 stream=0 failed=0 pending=0 inflight_count=0 inflight_slots=0 req_prod=0 req_cons=0 req_used=0 comp_prod=0 comp_cons=0 comp_ready=0 next_comp_sequence=0 next_req_slot=0 next_req_slot_busy=0 payload_free_slots=8192 payload_lease_hwm=0 request_wake_armed=1 completion_wake_armed=1 request_publishes=0 request_kicks=0 completion_kicks=0 has_capacity=1
conn=1 lane=1 stream=0 failed=0 pending=0 inflight_count=0 inflight_slots=0 req_prod=261 req_cons=261 req_used=0 comp_prod=261 comp_cons=261 comp_ready=0 next_comp_sequence=0 next_req_slot=261 next_req_slot_busy=0 payload_free_slots=8192 payload_lease_hwm=0 request_wake_armed=1 completion_wake_armed=1 request_publishes=261 request_kicks=0 completion_kicks=1 has_capacity=1
timestamp_ns=1784168432894427434
online=1 transport=shm total_conns=2 active_conns=2
shm=1 daemon_online=1 daemon_generation=1 global_submit_sequence=493 ring_entries=512 payload_entries=8192 transfer_payload_slots=1
conn=0 lane=0 stream=0 failed=0 pending=0 inflight_count=0 inflight_slots=0 req_prod=230 req_cons=230 req_used=0 comp_prod=230 comp_cons=230 comp_ready=0 next_comp_sequence=0 next_req_slot=230 next_req_slot_busy=0 payload_free_slots=8192 payload_lease_hwm=0 request_wake_armed=0 completion_wake_armed=0 request_publishes=230 request_kicks=1 completion_kicks=1 has_capacity=1
conn=1 lane=1 stream=0 failed=0 pending=0 inflight_count=0 inflight_slots=0 req_prod=263 req_cons=263 req_used=0 comp_prod=263 comp_cons=263 comp_ready=0 next_comp_sequence=0 next_req_slot=263 next_req_slot_busy=0 payload_free_slots=8192 payload_lease_hwm=0 request_wake_armed=0 completion_wake_armed=0 request_publishes=263 request_kicks=1 completion_kicks=1 has_capacity=1
timestamp_ns=1784168433002822251
online=1 transport=shm total_conns=2 active_conns=2
shm=1 daemon_online=1 daemon_generation=1 global_submit_sequence=41047 ring_entries=512 payload_entries=8192 transfer_payload_slots=1
conn=0 lane=0 stream=0 failed=0 pending=0 inflight_count=64 inflight_slots=64 req_prod=20452 req_cons=20444 req_used=8 comp_prod=20403 comp_cons=20389 comp_ready=14 next_comp_sequence=20390 next_req_slot=484 next_req_slot_busy=1 payload_free_slots=2551 payload_lease_hwm=0 request_wake_armed=0 completion_wake_armed=0 request_publishes=20452 request_kicks=2 completion_kicks=1 has_capacity=0
conn=1 lane=1 stream=0 failed=0 pending=0 inflight_count=55 inflight_slots=55 req_prod=20597 req_cons=20560 req_used=37 comp_prod=20542 comp_cons=20542 comp_ready=0 next_comp_sequence=20031 next_req_slot=117 next_req_slot_busy=0 payload_free_slots=2543 payload_lease_hwm=0 request_wake_armed=0 completion_wake_armed=0 request_publishes=20597 request_kicks=1 completion_kicks=1 has_capacity=1
timestamp_ns=1784168433111021029
online=1 transport=shm total_conns=2 active_conns=2
shm=1 daemon_online=1 daemon_generation=1 global_submit_sequence=96678 ring_entries=512 payload_entries=8192 transfer_payload_slots=1
conn=0 lane=0 stream=0 failed=0 pending=0 inflight_count=30 inflight_slots=31 req_prod=48563 req_cons=48563 req_used=0 comp_prod=48543 comp_cons=48530 comp_ready=13 next_comp_sequence=48531 next_req_slot=435 next_req_slot_busy=0 payload_free_slots=2573 payload_lease_hwm=0 request_wake_armed=0 completion_wake_armed=0 request_publishes=48563 request_kicks=2 completion_kicks=1 has_capacity=1
conn=1 lane=1 stream=0 failed=0 pending=0 inflight_count=31 inflight_slots=31 req_prod=48115 req_cons=48109 req_used=6 comp_prod=48092 comp_cons=48083 comp_ready=9 next_comp_sequence=48084 next_req_slot=499 next_req_slot_busy=0 payload_free_slots=2562 payload_lease_hwm=0 request_wake_armed=0 completion_wake_armed=0 request_publishes=48115 request_kicks=1 completion_kicks=1 has_capacity=1
timestamp_ns=1784168433219674200
online=1 transport=shm total_conns=2 active_conns=2
shm=1 daemon_online=1 daemon_generation=1 global_submit_sequence=153358 ring_entries=512 payload_entries=8192 transfer_payload_slots=1
conn=0 lane=0 stream=0 failed=0 pending=0 inflight_count=55 inflight_slots=56 req_prod=77987 req_cons=77987 req_used=0 comp_prod=77943 comp_cons=77930 comp_ready=13 next_comp_sequence=77931 next_req_slot=163 next_req_slot_busy=0 payload_free_slots=2569 payload_lease_hwm=0 request_wake_armed=0 completion_wake_armed=0 request_publishes=77987 request_kicks=2 completion_kicks=1 has_capacity=1
conn=1 lane=1 stream=0 failed=0 pending=0 inflight_count=34 inflight_slots=34 req_prod=75371 req_cons=75351 req_used=20 comp_prod=75337 comp_cons=75337 comp_ready=0 next_comp_sequence=74826 next_req_slot=107 next_req_slot_busy=0 payload_free_slots=2566 payload_lease_hwm=0 request_wake_armed=0 completion_wake_armed=0 request_publishes=75371 request_kicks=1 completion_kicks=1 has_capacity=1
timestamp_ns=1784168433329248711
online=1 transport=shm total_conns=2 active_conns=2
shm=1 daemon_online=1 daemon_generation=1 global_submit_sequence=209160 ring_entries=512 payload_entries=8192 transfer_payload_slots=1
conn=0 lane=0 stream=0 failed=0 pending=0 inflight_count=40 inflight_slots=40 req_prod=106592 req_cons=106567 req_used=25 comp_prod=106552 comp_cons=106552 comp_ready=0 next_comp_sequence=106041 next_req_slot=96 next_req_slot_busy=0 payload_free_slots=2561 payload_lease_hwm=0 request_wake_armed=0 completion_wake_armed=0 request_publishes=106592 request_kicks=2 completion_kicks=1 has_capacity=1
conn=1 lane=1 stream=0 failed=0 pending=0 inflight_count=45 inflight_slots=45 req_prod=102568 req_cons=102548 req_used=20 comp_prod=102523 comp_cons=102523 comp_ready=0 next_comp_sequence=102012 next_req_slot=168 next_req_slot_busy=0 payload_free_slots=2562 payload_lease_hwm=0 request_wake_armed=0 completion_wake_armed=0 request_publishes=102568 request_kicks=1 completion_kicks=1 has_capacity=1
timestamp_ns=1784168433437965980
online=1 transport=shm total_conns=2 active_conns=2
shm=1 daemon_online=1 daemon_generation=1 global_submit_sequence=263980 ring_entries=512 payload_entries=8192 transfer_payload_slots=1
conn=0 lane=0 stream=0 failed=0 pending=12 inflight_count=50 inflight_slots=50 req_prod=134730 req_cons=134703 req_used=27 comp_prod=134681 comp_cons=134681 comp_ready=0 next_comp_sequence=134170 next_req_slot=74 next_req_slot_busy=1 payload_free_slots=2545 payload_lease_hwm=0 request_wake_armed=0 completion_wake_armed=0 request_publishes=134731 request_kicks=2 completion_kicks=1 has_capacity=1
conn=1 lane=1 stream=0 failed=0 pending=0 inflight_count=50 inflight_slots=50 req_prod=129264 req_cons=129243 req_used=21 comp_prod=129214 comp_cons=129214 comp_ready=0 next_comp_sequence=128703 next_req_slot=240 next_req_slot_busy=0 payload_free_slots=2552 payload_lease_hwm=0 request_wake_armed=0 completion_wake_armed=0 request_publishes=129264 request_kicks=1 completion_kicks=1 has_capacity=1
timestamp_ns=1784168433546614593
online=1 transport=shm total_conns=2 active_conns=2
shm=1 daemon_online=1 daemon_generation=1 global_submit_sequence=319220 ring_entries=512 payload_entries=8192 transfer_payload_slots=1
conn=0 lane=0 stream=0 failed=0 pending=0 inflight_count=35 inflight_slots=35 req_prod=163074 req_cons=163054 req_used=20 comp_prod=163039 comp_cons=163039 comp_ready=0 next_comp_sequence=162528 next_req_slot=258 next_req_slot_busy=0 payload_free_slots=2559 payload_lease_hwm=0 request_wake_armed=0 completion_wake_armed=0 request_publishes=163074 request_kicks=2 completion_kicks=1 has_capacity=1
conn=1 lane=1 stream=0 failed=0 pending=0 inflight_count=31 inflight_slots=31 req_prod=156146 req_cons=156146 req_used=0 comp_prod=156133 comp_cons=156114 comp_ready=19 next_comp_sequence=156115 next_req_slot=498 next_req_slot_busy=0 payload_free_slots=2585 payload_lease_hwm=0 request_wake_armed=0 completion_wake_armed=0 request_publishes=156146 request_kicks=1 completion_kicks=1 has_capacity=1
timestamp_ns=1784168433655062438
online=1 transport=shm total_conns=2 active_conns=2
shm=1 daemon_online=1 daemon_generation=1 global_submit_sequence=374479 ring_entries=512 payload_entries=8192 transfer_payload_slots=1
conn=0 lane=0 stream=0 failed=0 pending=0 inflight_count=35 inflight_slots=35 req_prod=191957 req_cons=191937 req_used=20 comp_prod=191922 comp_cons=191922 comp_ready=0 next_comp_sequence=191411 next_req_slot=469 next_req_slot_busy=0 payload_free_slots=2565 payload_lease_hwm=0 request_wake_armed=0 completion_wake_armed=0 request_publishes=191957 request_kicks=2 completion_kicks=1 has_capacity=1
conn=1 lane=1 stream=0 failed=0 pending=0 inflight_count=56 inflight_slots=56 req_prod=182522 req_cons=182482 req_used=40 comp_prod=182466 comp_cons=182466 comp_ready=0 next_comp_sequence=181955 next_req_slot=250 next_req_slot_busy=0 payload_free_slots=2545 payload_lease_hwm=0 request_wake_armed=0 completion_wake_armed=0 request_publishes=182522 request_kicks=1 completion_kicks=1 has_capacity=1
timestamp_ns=1784168433763501785
online=1 transport=shm total_conns=2 active_conns=2
shm=1 daemon_online=1 daemon_generation=1 global_submit_sequence=429194 ring_entries=512 payload_entries=8192 transfer_payload_slots=1
conn=0 lane=0 stream=0 failed=0 pending=0 inflight_count=64 inflight_slots=64 req_prod=220109 req_cons=220072 req_used=37 comp_prod=220045 comp_cons=220045 comp_ready=0 next_comp_sequence=219534 next_req_slot=461 next_req_slot_busy=0 payload_free_slots=2558 payload_lease_hwm=0 request_wake_armed=0 completion_wake_armed=0 request_publishes=220109 request_kicks=2 completion_kicks=1 has_capacity=1
conn=1 lane=1 stream=0 failed=0 pending=0 inflight_count=42 inflight_slots=42 req_prod=209085 req_cons=209085 req_used=0 comp_prod=209043 comp_cons=209042 comp_ready=1 next_comp_sequence=209043 next_req_slot=189 next_req_slot_busy=0 payload_free_slots=2582 payload_lease_hwm=0 request_wake_armed=0 completion_wake_armed=0 request_publishes=209085 request_kicks=1 completion_kicks=1 has_capacity=1
timestamp_ns=1784168433871977932
online=1 transport=shm total_conns=2 active_conns=2
shm=1 daemon_online=1 daemon_generation=1 global_submit_sequence=485855 ring_entries=512 payload_entries=8192 transfer_payload_slots=1
conn=0 lane=0 stream=0 failed=0 pending=0 inflight_count=14 inflight_slots=14 req_prod=248807 req_cons=248807 req_used=0 comp_prod=248793 comp_cons=248793 comp_ready=0 next_comp_sequence=248282 next_req_slot=487 next_req_slot_busy=0 payload_free_slots=2569 payload_lease_hwm=0 request_wake_armed=0 completion_wake_armed=0 request_publishes=248807 request_kicks=2 completion_kicks=1 has_capacity=1
conn=1 lane=1 stream=0 failed=0 pending=0 inflight_count=38 inflight_slots=38 req_prod=237048 req_cons=237028 req_used=20 comp_prod=237010 comp_cons=237010 comp_ready=0 next_comp_sequence=236499 next_req_slot=504 next_req_slot_busy=0 payload_free_slots=2549 payload_lease_hwm=0 request_wake_armed=0 completion_wake_armed=0 request_publishes=237048 request_kicks=1 completion_kicks=1 has_capacity=1
timestamp_ns=1784168433982285837
online=1 transport=shm total_conns=2 active_conns=2
shm=1 daemon_online=1 daemon_generation=1 global_submit_sequence=540930 ring_entries=512 payload_entries=8192 transfer_payload_slots=1
conn=0 lane=0 stream=0 failed=0 pending=0 inflight_count=41 inflight_slots=41 req_prod=277164 req_cons=277144 req_used=20 comp_prod=277123 comp_cons=277123 comp_ready=0 next_comp_sequence=276612 next_req_slot=172 next_req_slot_busy=0 payload_free_slots=2554 payload_lease_hwm=0 request_wake_armed=0 completion_wake_armed=0 request_publishes=277164 request_kicks=2 completion_kicks=1 has_capacity=1
conn=1 lane=1 stream=0 failed=0 pending=0 inflight_count=39 inflight_slots=39 req_prod=263766 req_cons=263746 req_used=20 comp_prod=263727 comp_cons=263727 comp_ready=0 next_comp_sequence=263216 next_req_slot=86 next_req_slot_busy=0 payload_free_slots=2567 payload_lease_hwm=0 request_wake_armed=0 completion_wake_armed=0 request_publishes=263766 request_kicks=1 completion_kicks=1 has_capacity=1
timestamp_ns=1784168434090621839
online=1 transport=shm total_conns=2 active_conns=2
shm=1 daemon_online=1 daemon_generation=1 global_submit_sequence=595941 ring_entries=512 payload_entries=8192 transfer_payload_slots=1
conn=0 lane=0 stream=0 failed=0 pending=0 inflight_count=28 inflight_slots=28 req_prod=305283 req_cons=305282 req_used=1 comp_prod=305255 comp_cons=305255 comp_ready=0 next_comp_sequence=304744 next_req_slot=131 next_req_slot_busy=0 payload_free_slots=2574 payload_lease_hwm=0 request_wake_armed=0 completion_wake_armed=0 request_publishes=305283 request_kicks=2 completion_kicks=1 has_capacity=1
conn=1 lane=1 stream=0 failed=0 pending=0 inflight_count=64 inflight_slots=64 req_prod=290659 req_cons=290617 req_used=42 comp_prod=290596 comp_cons=290595 comp_ready=1 next_comp_sequence=290596 next_req_slot=355 next_req_slot_busy=0 payload_free_slots=2558 payload_lease_hwm=0 request_wake_armed=0 completion_wake_armed=0 request_publishes=290659 request_kicks=1 completion_kicks=1 has_capacity=1
timestamp_ns=1784168434199051404
online=1 transport=shm total_conns=2 active_conns=2
shm=1 daemon_online=1 daemon_generation=1 global_submit_sequence=651373 ring_entries=512 payload_entries=8192 transfer_payload_slots=1
conn=0 lane=0 stream=0 failed=0 pending=0 inflight_count=38 inflight_slots=38 req_prod=333921 req_cons=333901 req_used=20 comp_prod=333883 comp_cons=333883 comp_ready=0 next_comp_sequence=333372 next_req_slot=97 next_req_slot_busy=0 payload_free_slots=2560 payload_lease_hwm=0 request_wake_armed=0 completion_wake_armed=0 request_publishes=333921 request_kicks=2 completion_kicks=1 has_capacity=1
conn=1 lane=1 stream=0 failed=0 pending=9 inflight_count=26 inflight_slots=25 req_prod=317457 req_cons=317447 req_used=10 comp_prod=317432 comp_cons=317432 comp_ready=0 next_comp_sequence=316921 next_req_slot=17 next_req_slot_busy=1 payload_free_slots=2566 payload_lease_hwm=0 request_wake_armed=0 completion_wake_armed=0 request_publishes=317458 request_kicks=1 completion_kicks=1 has_capacity=1
timestamp_ns=1784168434307469518
online=1 transport=shm total_conns=2 active_conns=2
shm=1 daemon_online=1 daemon_generation=1 global_submit_sequence=706449 ring_entries=512 payload_entries=8192 transfer_payload_slots=1
conn=0 lane=0 stream=0 failed=0 pending=7 inflight_count=58 inflight_slots=58 req_prod=361872 req_cons=361834 req_used=38 comp_prod=361816 comp_cons=361816 comp_ready=0 next_comp_sequence=361305 next_req_slot=400 next_req_slot_busy=1 payload_free_slots=2539 payload_lease_hwm=0 request_wake_armed=0 completion_wake_armed=0 request_publishes=361874 request_kicks=2 completion_kicks=1 has_capacity=1
conn=1 lane=1 stream=0 failed=0 pending=0 inflight_count=56 inflight_slots=56 req_prod=344579 req_cons=344556 req_used=23 comp_prod=344535 comp_cons=344522 comp_ready=13 next_comp_sequence=344523 next_req_slot=3 next_req_slot_busy=0 payload_free_slots=2568 payload_lease_hwm=0 request_wake_armed=0 completion_wake_armed=0 request_publishes=344579 request_kicks=1 completion_kicks=1 has_capacity=1
timestamp_ns=1784168434415790138
online=1 transport=shm total_conns=2 active_conns=2
shm=1 daemon_online=1 daemon_generation=1 global_submit_sequence=762158 ring_entries=512 payload_entries=8192 transfer_payload_slots=1
conn=0 lane=0 stream=0 failed=0 pending=0 inflight_count=39 inflight_slots=39 req_prod=390097 req_cons=390077 req_used=20 comp_prod=390058 comp_cons=390058 comp_ready=0 next_comp_sequence=389547 next_req_slot=465 next_req_slot_busy=0 payload_free_slots=2563 payload_lease_hwm=0 request_wake_armed=0 completion_wake_armed=0 request_publishes=390097 request_kicks=2 completion_kicks=1 has_capacity=1
conn=1 lane=1 stream=0 failed=0 pending=0 inflight_count=43 inflight_slots=43 req_prod=372069 req_cons=372044 req_used=25 comp_prod=372027 comp_cons=372027 comp_ready=0 next_comp_sequence=371516 next_req_slot=357 next_req_slot_busy=1 payload_free_slots=2556 payload_lease_hwm=0 request_wake_armed=0 completion_wake_armed=0 request_publishes=372070 request_kicks=1 completion_kicks=1 has_capacity=1
timestamp_ns=1784168434524743122
online=1 transport=shm total_conns=2 active_conns=2
shm=1 daemon_online=1 daemon_generation=1 global_submit_sequence=817297 ring_entries=512 payload_entries=8192 transfer_payload_slots=1
conn=0 lane=0 stream=0 failed=0 pending=0 inflight_count=25 inflight_slots=25 req_prod=418467 req_cons=418467 req_used=0 comp_prod=418442 comp_cons=418442 comp_ready=0 next_comp_sequence=417931 next_req_slot=163 next_req_slot_busy=0 payload_free_slots=2571 payload_lease_hwm=0 request_wake_armed=0 completion_wake_armed=0 request_publishes=418467 request_kicks=2 completion_kicks=1 has_capacity=1
conn=1 lane=1 stream=0 failed=0 pending=0 inflight_count=24 inflight_slots=24 req_prod=398830 req_cons=398830 req_used=0 comp_prod=398806 comp_cons=398806 comp_ready=0 next_comp_sequence=398295 next_req_slot=494 next_req_slot_busy=0 payload_free_slots=2567 payload_lease_hwm=0 request_wake_armed=0 completion_wake_armed=0 request_publishes=398830 request_kicks=1 completion_kicks=1 has_capacity=1
timestamp_ns=1784168434633224776
online=1 transport=shm total_conns=2 active_conns=2
shm=1 daemon_online=1 daemon_generation=1 global_submit_sequence=873223 ring_entries=512 payload_entries=8192 transfer_payload_slots=1
conn=0 lane=0 stream=0 failed=0 pending=0 inflight_count=57 inflight_slots=58 req_prod=447021 req_cons=446990 req_used=31 comp_prod=446974 comp_cons=446961 comp_ready=13 next_comp_sequence=446962 next_req_slot=45 next_req_slot_busy=0 payload_free_slots=2566 payload_lease_hwm=0 request_wake_armed=0 completion_wake_armed=0 request_publishes=447021 request_kicks=2 completion_kicks=1 has_capacity=1
conn=1 lane=1 stream=0 failed=0 pending=0 inflight_count=64 inflight_slots=64 req_prod=426202 req_cons=426171 req_used=31 comp_prod=426138 comp_cons=426138 comp_ready=0 next_comp_sequence=425627 next_req_slot=218 next_req_slot_busy=0 payload_free_slots=2530 payload_lease_hwm=0 request_wake_armed=0 completion_wake_armed=0 request_publishes=426202 request_kicks=1 completion_kicks=1 has_capacity=1
timestamp_ns=1784168434741569707
online=1 transport=shm total_conns=2 active_conns=2
shm=1 daemon_online=1 daemon_generation=1 global_submit_sequence=928594 ring_entries=512 payload_entries=8192 transfer_payload_slots=1
conn=0 lane=0 stream=0 failed=0 pending=0 inflight_count=15 inflight_slots=15 req_prod=475701 req_cons=475701 req_used=0 comp_prod=475686 comp_cons=475686 comp_ready=0 next_comp_sequence=475175 next_req_slot=53 next_req_slot_busy=0 payload_free_slots=2583 payload_lease_hwm=0 request_wake_armed=0 completion_wake_armed=0 request_publishes=475701 request_kicks=2 completion_kicks=1 has_capacity=1
conn=1 lane=1 stream=0 failed=0 pending=0 inflight_count=58 inflight_slots=58 req_prod=452893 req_cons=452853 req_used=40 comp_prod=452835 comp_cons=452835 comp_ready=0 next_comp_sequence=452324 next_req_slot=285 next_req_slot_busy=0 payload_free_slots=2545 payload_lease_hwm=0 request_wake_armed=0 completion_wake_armed=0 request_publishes=452893 request_kicks=1 completion_kicks=1 has_capacity=1
timestamp_ns=1784168434849979997
online=1 transport=shm total_conns=2 active_conns=2
shm=1 daemon_online=1 daemon_generation=1 global_submit_sequence=984652 ring_entries=512 payload_entries=8192 transfer_payload_slots=1
conn=0 lane=0 stream=0 failed=0 pending=0 inflight_count=46 inflight_slots=46 req_prod=503901 req_cons=503881 req_used=20 comp_prod=503855 comp_cons=503855 comp_ready=0 next_comp_sequence=503344 next_req_slot=93 next_req_slot_busy=0 payload_free_slots=2548 payload_lease_hwm=0 request_wake_armed=0 completion_wake_armed=0 request_publishes=503901 request_kicks=2 completion_kicks=1 has_capacity=1
conn=1 lane=1 stream=0 failed=0 pending=7 inflight_count=52 inflight_slots=52 req_prod=480758 req_cons=480726 req_used=32 comp_prod=480707 comp_cons=480707 comp_ready=0 next_comp_sequence=480196 next_req_slot=502 next_req_slot_busy=1 payload_free_slots=2556 payload_lease_hwm=0 request_wake_armed=0 completion_wake_armed=0 request_publishes=480759 request_kicks=1 completion_kicks=1 has_capacity=1
timestamp_ns=1784168434958422515
online=1 transport=shm total_conns=2 active_conns=2
shm=1 daemon_online=1 daemon_generation=1 global_submit_sequence=1040329 ring_entries=512 payload_entries=8192 transfer_payload_slots=1
conn=0 lane=0 stream=0 failed=0 pending=0 inflight_count=49 inflight_slots=49 req_prod=532319 req_cons=532299 req_used=20 comp_prod=532270 comp_cons=532270 comp_ready=0 next_comp_sequence=531759 next_req_slot=351 next_req_slot_busy=0 payload_free_slots=2542 payload_lease_hwm=0 request_wake_armed=0 completion_wake_armed=0 request_publishes=532319 request_kicks=2 completion_kicks=1 has_capacity=1
conn=1 lane=1 stream=0 failed=0 pending=0 inflight_count=35 inflight_slots=35 req_prod=508010 req_cons=507990 req_used=20 comp_prod=507975 comp_cons=507975 comp_ready=0 next_comp_sequence=507464 next_req_slot=106 next_req_slot_busy=0 payload_free_slots=2557 payload_lease_hwm=0 request_wake_armed=0 completion_wake_armed=0 request_publishes=508010 request_kicks=1 completion_kicks=1 has_capacity=1
timestamp_ns=1784168435066777286
online=1 transport=shm total_conns=2 active_conns=2
shm=1 daemon_online=1 daemon_generation=1 global_submit_sequence=1096001 ring_entries=512 payload_entries=8192 transfer_payload_slots=1
conn=0 lane=0 stream=0 failed=0 pending=0 inflight_count=35 inflight_slots=35 req_prod=560810 req_cons=560790 req_used=20 comp_prod=560775 comp_cons=560775 comp_ready=0 next_comp_sequence=560264 next_req_slot=170 next_req_slot_busy=0 payload_free_slots=2564 payload_lease_hwm=0 request_wake_armed=0 completion_wake_armed=0 request_publishes=560810 request_kicks=2 completion_kicks=1 has_capacity=1
conn=1 lane=1 stream=0 failed=0 pending=0 inflight_count=58 inflight_slots=58 req_prod=535191 req_cons=535151 req_used=40 comp_prod=535133 comp_cons=535133 comp_ready=0 next_comp_sequence=534622 next_req_slot=151 next_req_slot_busy=0 payload_free_slots=2542 payload_lease_hwm=0 request_wake_armed=0 completion_wake_armed=0 request_publishes=535191 request_kicks=1 completion_kicks=1 has_capacity=1
timestamp_ns=1784168435176306040
online=1 transport=shm total_conns=2 active_conns=2
shm=1 daemon_online=1 daemon_generation=1 global_submit_sequence=1151695 ring_entries=512 payload_entries=8192 transfer_payload_slots=1
conn=0 lane=0 stream=0 failed=0 pending=10 inflight_count=25 inflight_slots=24 req_prod=588967 req_cons=588958 req_used=9 comp_prod=588944 comp_cons=588944 comp_ready=0 next_comp_sequence=588433 next_req_slot=167 next_req_slot_busy=1 payload_free_slots=2558 payload_lease_hwm=0 request_wake_armed=0 completion_wake_armed=0 request_publishes=588968 request_kicks=3 completion_kicks=1 has_capacity=0
conn=1 lane=1 stream=0 failed=0 pending=0 inflight_count=38 inflight_slots=38 req_prod=562729 req_cons=562713 req_used=16 comp_prod=562691 comp_cons=562691 comp_ready=0 next_comp_sequence=562180 next_req_slot=41 next_req_slot_busy=0 payload_free_slots=2566 payload_lease_hwm=0 request_wake_armed=0 completion_wake_armed=0 request_publishes=562729 request_kicks=1 completion_kicks=1 has_capacity=1
timestamp_ns=1784168435285962347
online=1 transport=shm total_conns=2 active_conns=2
shm=1 daemon_online=1 daemon_generation=1 global_submit_sequence=1203410 ring_entries=512 payload_entries=8192 transfer_payload_slots=1
conn=0 lane=0 stream=0 failed=0 pending=0 inflight_count=44 inflight_slots=44 req_prod=615684 req_cons=615649 req_used=35 comp_prod=615640 comp_cons=615640 comp_ready=0 next_comp_sequence=615129 next_req_slot=260 next_req_slot_busy=0 payload_free_slots=2546 payload_lease_hwm=0 request_wake_armed=0 completion_wake_armed=0 request_publishes=615684 request_kicks=3 completion_kicks=2 has_capacity=1
conn=1 lane=1 stream=0 failed=0 pending=17 inflight_count=21 inflight_slots=21 req_prod=587729 req_cons=587726 req_used=3 comp_prod=587708 comp_cons=587708 comp_ready=0 next_comp_sequence=587197 next_req_slot=465 next_req_slot_busy=0 payload_free_slots=2566 payload_lease_hwm=0 request_wake_armed=0 completion_wake_armed=0 request_publishes=587729 request_kicks=1 completion_kicks=4 has_capacity=1
timestamp_ns=1784168435394412905
online=1 transport=shm total_conns=2 active_conns=2
shm=1 daemon_online=1 daemon_generation=1 global_submit_sequence=1259432 ring_entries=512 payload_entries=8192 transfer_payload_slots=1
conn=0 lane=0 stream=0 failed=0 pending=0 inflight_count=31 inflight_slots=33 req_prod=643689 req_cons=643689 req_used=0 comp_prod=643658 comp_cons=643654 comp_ready=4 next_comp_sequence=643655 next_req_slot=105 next_req_slot_busy=0 payload_free_slots=2561 payload_lease_hwm=0 request_wake_armed=0 completion_wake_armed=0 request_publishes=643689 request_kicks=3 completion_kicks=2 has_capacity=1
conn=1 lane=1 stream=0 failed=0 pending=0 inflight_count=27 inflight_slots=27 req_prod=615743 req_cons=615738 req_used=5 comp_prod=615716 comp_cons=615716 comp_ready=0 next_comp_sequence=615205 next_req_slot=319 next_req_slot_busy=0 payload_free_slots=2572 payload_lease_hwm=0 request_wake_armed=0 completion_wake_armed=0 request_publishes=615743 request_kicks=1 completion_kicks=4 has_capacity=1
timestamp_ns=1784168435502765002
online=1 transport=shm total_conns=2 active_conns=2
shm=1 daemon_online=1 daemon_generation=1 global_submit_sequence=1315974 ring_entries=512 payload_entries=8192 transfer_payload_slots=1
conn=0 lane=0 stream=0 failed=0 pending=0 inflight_count=54 inflight_slots=54 req_prod=672159 req_cons=672119 req_used=40 comp_prod=672105 comp_cons=672105 comp_ready=0 next_comp_sequence=671594 next_req_slot=415 next_req_slot_busy=0 payload_free_slots=2539 payload_lease_hwm=0 request_wake_armed=0 completion_wake_armed=0 request_publishes=672159 request_kicks=3 completion_kicks=2 has_capacity=1
conn=1 lane=1 stream=0 failed=0 pending=0 inflight_count=13 inflight_slots=13 req_prod=643815 req_cons=643815 req_used=0 comp_prod=643802 comp_cons=643802 comp_ready=0 next_comp_sequence=643291 next_req_slot=231 next_req_slot_busy=0 payload_free_slots=2585 payload_lease_hwm=0 request_wake_armed=0 completion_wake_armed=0 request_publishes=643815 request_kicks=1 completion_kicks=4 has_capacity=1
timestamp_ns=1784168435611037357
online=1 transport=shm total_conns=2 active_conns=2
shm=1 daemon_online=1 daemon_generation=1 global_submit_sequence=1372183 ring_entries=512 payload_entries=8192 transfer_payload_slots=1
conn=0 lane=0 stream=0 failed=0 pending=0 inflight_count=46 inflight_slots=46 req_prod=700301 req_cons=700281 req_used=20 comp_prod=700255 comp_cons=700255 comp_ready=0 next_comp_sequence=699744 next_req_slot=397 next_req_slot_busy=0 payload_free_slots=2560 payload_lease_hwm=0 request_wake_armed=0 completion_wake_armed=0 request_publishes=700301 request_kicks=3 completion_kicks=2 has_capacity=1
conn=1 lane=1 stream=0 failed=0 pending=0 inflight_count=38 inflight_slots=38 req_prod=671882 req_cons=671873 req_used=9 comp_prod=671860 comp_cons=671843 comp_ready=17 next_comp_sequence=671844 next_req_slot=138 next_req_slot_busy=0 payload_free_slots=2560 payload_lease_hwm=0 request_wake_armed=0 completion_wake_armed=0 request_publishes=671882 request_kicks=1 completion_kicks=4 has_capacity=1
timestamp_ns=1784168435719420909
online=1 transport=shm total_conns=2 active_conns=2
shm=1 daemon_online=1 daemon_generation=1 global_submit_sequence=1428028 ring_entries=512 payload_entries=8192 transfer_payload_slots=1
conn=0 lane=0 stream=0 failed=0 pending=0 inflight_count=28 inflight_slots=28 req_prod=728242 req_cons=728232 req_used=10 comp_prod=728214 comp_cons=728214 comp_ready=0 next_comp_sequence=727703 next_req_slot=178 next_req_slot_busy=0 payload_free_slots=2571 payload_lease_hwm=0 request_wake_armed=0 completion_wake_armed=0 request_publishes=728242 request_kicks=3 completion_kicks=2 has_capacity=1
conn=1 lane=1 stream=0 failed=0 pending=14 inflight_count=49 inflight_slots=49 req_prod=699791 req_cons=699766 req_used=25 comp_prod=699743 comp_cons=699743 comp_ready=0 next_comp_sequence=699232 next_req_slot=399 next_req_slot_busy=1 payload_free_slots=2535 payload_lease_hwm=0 request_wake_armed=0 completion_wake_armed=0 request_publishes=699792 request_kicks=1 completion_kicks=4 has_capacity=1
timestamp_ns=1784168435827696249
online=1 transport=shm total_conns=2 active_conns=2
shm=1 daemon_online=1 daemon_generation=1 global_submit_sequence=1483808 ring_entries=512 payload_entries=8192 transfer_payload_slots=1
conn=0 lane=0 stream=0 failed=0 pending=0 inflight_count=23 inflight_slots=23 req_prod=756064 req_cons=756064 req_used=0 comp_prod=756041 comp_cons=756041 comp_ready=0 next_comp_sequence=755530 next_req_slot=352 next_req_slot_busy=0 payload_free_slots=2566 payload_lease_hwm=0 request_wake_armed=0 completion_wake_armed=0 request_publishes=756064 request_kicks=3 completion_kicks=2 has_capacity=1
conn=1 lane=1 stream=0 failed=0 pending=0 inflight_count=25 inflight_slots=25 req_prod=727744 req_cons=727744 req_used=0 comp_prod=727719 comp_cons=727719 comp_ready=0 next_comp_sequence=727208 next_req_slot=192 next_req_slot_busy=0 payload_free_slots=2566 payload_lease_hwm=0 request_wake_armed=0 completion_wake_armed=0 request_publishes=727744 request_kicks=1 completion_kicks=4 has_capacity=1
timestamp_ns=1784168435936039506
online=1 transport=shm total_conns=2 active_conns=2
shm=1 daemon_online=1 daemon_generation=1 global_submit_sequence=1539941 ring_entries=512 payload_entries=8192 transfer_payload_slots=1
conn=0 lane=0 stream=0 failed=0 pending=2 inflight_count=31 inflight_slots=31 req_prod=784183 req_cons=784178 req_used=5 comp_prod=784156 comp_cons=784153 comp_ready=3 next_comp_sequence=784154 next_req_slot=311 next_req_slot_busy=1 payload_free_slots=2557 payload_lease_hwm=0 request_wake_armed=0 completion_wake_armed=0 request_publishes=784184 request_kicks=3 completion_kicks=2 has_capacity=0
conn=1 lane=1 stream=0 failed=0 pending=19 inflight_count=28 inflight_slots=28 req_prod=755759 req_cons=755759 req_used=0 comp_prod=755732 comp_cons=755732 comp_ready=0 next_comp_sequence=755221 next_req_slot=47 next_req_slot_busy=1 payload_free_slots=2566 payload_lease_hwm=0 request_wake_armed=0 completion_wake_armed=0 request_publishes=755760 request_kicks=1 completion_kicks=4 has_capacity=1
timestamp_ns=1784168436044502729
online=1 transport=shm total_conns=2 active_conns=2
shm=1 daemon_online=1 daemon_generation=1 global_submit_sequence=1596494 ring_entries=512 payload_entries=8192 transfer_payload_slots=1
conn=0 lane=0 stream=0 failed=0 pending=0 inflight_count=24 inflight_slots=24 req_prod=812464 req_cons=812464 req_used=0 comp_prod=812440 comp_cons=812440 comp_ready=0 next_comp_sequence=811929 next_req_slot=432 next_req_slot_busy=0 payload_free_slots=2571 payload_lease_hwm=0 request_wake_armed=0 completion_wake_armed=0 request_publishes=812464 request_kicks=3 completion_kicks=2 has_capacity=1
conn=1 lane=1 stream=0 failed=0 pending=0 inflight_count=35 inflight_slots=35 req_prod=784030 req_cons=784010 req_used=20 comp_prod=783995 comp_cons=783995 comp_ready=0 next_comp_sequence=783484 next_req_slot=158 next_req_slot_busy=0 payload_free_slots=2550 payload_lease_hwm=0 request_wake_armed=0 completion_wake_armed=0 request_publishes=784030 request_kicks=1 completion_kicks=4 has_capacity=1
timestamp_ns=1784168436152996683
online=1 transport=shm total_conns=2 active_conns=2
shm=1 daemon_online=1 daemon_generation=1 global_submit_sequence=1652260 ring_entries=512 payload_entries=8192 transfer_payload_slots=1
conn=0 lane=0 stream=0 failed=0 pending=0 inflight_count=41 inflight_slots=41 req_prod=840226 req_cons=840219 req_used=7 comp_prod=840186 comp_cons=840183 comp_ready=3 next_comp_sequence=840184 next_req_slot=34 next_req_slot_busy=0 payload_free_slots=2577 payload_lease_hwm=0 request_wake_armed=0 completion_wake_armed=0 request_publishes=840226 request_kicks=3 completion_kicks=2 has_capacity=1
conn=1 lane=1 stream=0 failed=0 pending=0 inflight_count=24 inflight_slots=24 req_prod=812034 req_cons=812034 req_used=0 comp_prod=812010 comp_cons=812010 comp_ready=0 next_comp_sequence=811499 next_req_slot=2 next_req_slot_busy=0 payload_free_slots=2561 payload_lease_hwm=0 request_wake_armed=0 completion_wake_armed=0 request_publishes=812034 request_kicks=1 completion_kicks=4 has_capacity=1
timestamp_ns=1784168436261421938
online=1 transport=shm total_conns=2 active_conns=2
shm=1 daemon_online=1 daemon_generation=1 global_submit_sequence=1708008 ring_entries=512 payload_entries=8192 transfer_payload_slots=1
conn=0 lane=0 stream=0 failed=0 pending=0 inflight_count=47 inflight_slots=48 req_prod=867923 req_cons=867911 req_used=12 comp_prod=867880 comp_cons=867874 comp_ready=6 next_comp_sequence=867875 next_req_slot=83 next_req_slot_busy=0 payload_free_slots=2575 payload_lease_hwm=0 request_wake_armed=0 completion_wake_armed=0 request_publishes=867923 request_kicks=3 completion_kicks=2 has_capacity=1
conn=1 lane=1 stream=0 failed=0 pending=0 inflight_count=36 inflight_slots=36 req_prod=840089 req_cons=840069 req_used=20 comp_prod=840053 comp_cons=840053 comp_ready=0 next_comp_sequence=839542 next_req_slot=409 next_req_slot_busy=0 payload_free_slots=2571 payload_lease_hwm=0 request_wake_armed=0 completion_wake_armed=0 request_publishes=840089 request_kicks=1 completion_kicks=4 has_capacity=1
timestamp_ns=1784168436369833274
online=1 transport=shm total_conns=2 active_conns=2
shm=1 daemon_online=1 daemon_generation=1 global_submit_sequence=1764205 ring_entries=512 payload_entries=8192 transfer_payload_slots=1
conn=0 lane=0 stream=0 failed=0 pending=0 inflight_count=60 inflight_slots=60 req_prod=896003 req_cons=895971 req_used=32 comp_prod=895958 comp_cons=895942 comp_ready=16 next_comp_sequence=895943 next_req_slot=3 next_req_slot_busy=0 payload_free_slots=2564 payload_lease_hwm=0 request_wake_armed=0 completion_wake_armed=0 request_publishes=896003 request_kicks=3 completion_kicks=2 has_capacity=1
conn=1 lane=1 stream=0 failed=0 pending=0 inflight_count=15 inflight_slots=15 req_prod=868202 req_cons=868202 req_used=0 comp_prod=868187 comp_cons=868187 comp_ready=0 next_comp_sequence=867676 next_req_slot=362 next_req_slot_busy=0 payload_free_slots=2566 payload_lease_hwm=0 request_wake_armed=0 completion_wake_armed=0 request_publishes=868202 request_kicks=1 completion_kicks=4 has_capacity=1
timestamp_ns=1784168436478726114
online=1 transport=shm total_conns=2 active_conns=2
shm=1 daemon_online=1 daemon_generation=1 global_submit_sequence=1816873 ring_entries=512 payload_entries=8192 transfer_payload_slots=1
conn=0 lane=0 stream=0 failed=0 pending=0 inflight_count=34 inflight_slots=34 req_prod=921995 req_cons=921975 req_used=20 comp_prod=921961 comp_cons=921961 comp_ready=0 next_comp_sequence=921450 next_req_slot=395 next_req_slot_busy=0 payload_free_slots=2565 payload_lease_hwm=0 request_wake_armed=0 completion_wake_armed=0 request_publishes=921995 request_kicks=3 completion_kicks=4 has_capacity=1
conn=1 lane=1 stream=0 failed=0 pending=0 inflight_count=52 inflight_slots=52 req_prod=894878 req_cons=894858 req_used=20 comp_prod=894826 comp_cons=894826 comp_ready=0 next_comp_sequence=894315 next_req_slot=414 next_req_slot_busy=0 payload_free_slots=2545 payload_lease_hwm=0 request_wake_armed=0 completion_wake_armed=0 request_publishes=894878 request_kicks=1 completion_kicks=7 has_capacity=1
timestamp_ns=1784168436588028560
online=1 transport=shm total_conns=2 active_conns=2
shm=1 daemon_online=1 daemon_generation=1 global_submit_sequence=1873812 ring_entries=512 payload_entries=8192 transfer_payload_slots=1
conn=0 lane=0 stream=0 failed=0 pending=0 inflight_count=56 inflight_slots=56 req_prod=950543 req_cons=950503 req_used=40 comp_prod=950487 comp_cons=950487 comp_ready=0 next_comp_sequence=949976 next_req_slot=271 next_req_slot_busy=0 payload_free_slots=2537 payload_lease_hwm=0 request_wake_armed=0 completion_wake_armed=0 request_publishes=950543 request_kicks=3 completion_kicks=4 has_capacity=1
conn=1 lane=1 stream=0 failed=0 pending=0 inflight_count=33 inflight_slots=33 req_prod=923273 req_cons=923253 req_used=20 comp_prod=923240 comp_cons=923240 comp_ready=0 next_comp_sequence=922729 next_req_slot=137 next_req_slot_busy=0 payload_free_slots=2556 payload_lease_hwm=0 request_wake_armed=0 completion_wake_armed=0 request_publishes=923273 request_kicks=1 completion_kicks=7 has_capacity=1
timestamp_ns=1784168436696781471
online=1 transport=shm total_conns=2 active_conns=2
shm=1 daemon_online=1 daemon_generation=1 global_submit_sequence=1930701 ring_entries=512 payload_entries=8192 transfer_payload_slots=1
conn=0 lane=0 stream=0 failed=0 pending=10 inflight_count=48 inflight_slots=47 req_prod=978675 req_cons=978646 req_used=29 comp_prod=978629 comp_cons=978629 comp_ready=0 next_comp_sequence=978118 next_req_slot=243 next_req_slot_busy=1 payload_free_slots=2538 payload_lease_hwm=0 request_wake_armed=0 completion_wake_armed=0 request_publishes=978677 request_kicks=3 completion_kicks=4 has_capacity=0
conn=1 lane=1 stream=0 failed=0 pending=0 inflight_count=22 inflight_slots=22 req_prod=952028 req_cons=952028 req_used=0 comp_prod=952010 comp_cons=952005 comp_ready=5 next_comp_sequence=952006 next_req_slot=220 next_req_slot_busy=0 payload_free_slots=2575 payload_lease_hwm=0 request_wake_armed=0 completion_wake_armed=0 request_publishes=952028 request_kicks=1 completion_kicks=7 has_capacity=1
timestamp_ns=1784168436805447248
online=1 transport=shm total_conns=2 active_conns=2
shm=1 daemon_online=1 daemon_generation=1 global_submit_sequence=1987200 ring_entries=512 payload_entries=8192 transfer_payload_slots=1
conn=0 lane=0 stream=0 failed=0 pending=0 inflight_count=55 inflight_slots=56 req_prod=1006998 req_cons=1006983 req_used=15 comp_prod=1006950 comp_cons=1006941 comp_ready=9 next_comp_sequence=1006942 next_req_slot=406 next_req_slot_busy=0 payload_free_slots=2568 payload_lease_hwm=0 request_wake_armed=0 completion_wake_armed=0 request_publishes=1006998 request_kicks=3 completion_kicks=4 has_capacity=1
conn=1 lane=1 stream=0 failed=0 pending=0 inflight_count=35 inflight_slots=35 req_prod=980202 req_cons=980182 req_used=20 comp_prod=980167 comp_cons=980167 comp_ready=0 next_comp_sequence=979656 next_req_slot=234 next_req_slot_busy=0 payload_free_slots=2554 payload_lease_hwm=0 request_wake_armed=0 completion_wake_armed=0 request_publishes=980202 request_kicks=1 completion_kicks=7 has_capacity=1
timestamp_ns=1784168436913925270
online=1 transport=shm total_conns=2 active_conns=2
shm=1 daemon_online=1 daemon_generation=1 global_submit_sequence=2043333 ring_entries=512 payload_entries=8192 transfer_payload_slots=1
conn=0 lane=0 stream=0 failed=0 pending=0 inflight_count=28 inflight_slots=28 req_prod=1035508 req_cons=1035508 req_used=0 comp_prod=1035486 comp_cons=1035479 comp_ready=7 next_comp_sequence=1035480 next_req_slot=244 next_req_slot_busy=0 payload_free_slots=2563 payload_lease_hwm=0 request_wake_armed=0 completion_wake_armed=0 request_publishes=1035508 request_kicks=3 completion_kicks=4 has_capacity=1
conn=1 lane=1 stream=0 failed=0 pending=7 inflight_count=38 inflight_slots=38 req_prod=1007830 req_cons=1007817 req_used=13 comp_prod=1007793 comp_cons=1007793 comp_ready=0 next_comp_sequence=1007282 next_req_slot=214 next_req_slot_busy=1 payload_free_slots=2549 payload_lease_hwm=0 request_wake_armed=0 completion_wake_armed=0 request_publishes=1007831 request_kicks=1 completion_kicks=7 has_capacity=1
timestamp_ns=1784168437023442525
online=1 transport=shm total_conns=2 active_conns=2
shm=1 daemon_online=1 daemon_generation=1 global_submit_sequence=2100878 ring_entries=512 payload_entries=8192 transfer_payload_slots=1
conn=0 lane=0 stream=0 failed=0 pending=0 inflight_count=47 inflight_slots=47 req_prod=1064766 req_cons=1064746 req_used=20 comp_prod=1064719 comp_cons=1064719 comp_ready=0 next_comp_sequence=1064208 next_req_slot=318 next_req_slot_busy=0 payload_free_slots=2544 payload_lease_hwm=0 request_wake_armed=0 completion_wake_armed=0 request_publishes=1064766 request_kicks=3 completion_kicks=4 has_capacity=1
conn=1 lane=1 stream=0 failed=0 pending=0 inflight_count=39 inflight_slots=39 req_prod=1036112 req_cons=1036092 req_used=20 comp_prod=1036073 comp_cons=1036073 comp_ready=0 next_comp_sequence=1035562 next_req_slot=336 next_req_slot_busy=0 payload_free_slots=2560 payload_lease_hwm=0 request_wake_armed=0 completion_wake_armed=0 request_publishes=1036112 request_kicks=1 completion_kicks=7 has_capacity=1
timestamp_ns=1784168437133234886
online=1 transport=shm total_conns=2 active_conns=2
shm=1 daemon_online=1 daemon_generation=1 global_submit_sequence=2157391 ring_entries=512 payload_entries=8192 transfer_payload_slots=1
conn=0 lane=0 stream=0 failed=0 pending=0 inflight_count=56 inflight_slots=56 req_prod=1092900 req_cons=1092860 req_used=40 comp_prod=1092844 comp_cons=1092844 comp_ready=0 next_comp_sequence=1092333 next_req_slot=292 next_req_slot_busy=0 payload_free_slots=2543 payload_lease_hwm=0 request_wake_armed=0 completion_wake_armed=0 request_publishes=1092900 request_kicks=3 completion_kicks=4 has_capacity=1
conn=1 lane=1 stream=0 failed=0 pending=5 inflight_count=44 inflight_slots=44 req_prod=1064495 req_cons=1064482 req_used=13 comp_prod=1064457 comp_cons=1064452 comp_ready=5 next_comp_sequence=1064453 next_req_slot=47 next_req_slot_busy=1 payload_free_slots=2548 payload_lease_hwm=0 request_wake_armed=0 completion_wake_armed=0 request_publishes=1064496 request_kicks=1 completion_kicks=7 has_capacity=1
timestamp_ns=1784168437241870623
online=1 transport=shm total_conns=2 active_conns=2
shm=1 daemon_online=1 daemon_generation=1 global_submit_sequence=2213755 ring_entries=512 payload_entries=8192 transfer_payload_slots=1
conn=0 lane=0 stream=0 failed=0 pending=10 inflight_count=33 inflight_slots=33 req_prod=1120920 req_cons=1120911 req_used=9 comp_prod=1120888 comp_cons=1120888 comp_ready=0 next_comp_sequence=1120377 next_req_slot=152 next_req_slot_busy=1 payload_free_slots=2550 payload_lease_hwm=0 request_wake_armed=0 completion_wake_armed=0 request_publishes=1120921 request_kicks=3 completion_kicks=4 has_capacity=0
conn=1 lane=1 stream=0 failed=0 pending=9 inflight_count=49 inflight_slots=49 req_prod=1092840 req_cons=1092805 req_used=35 comp_prod=1092792 comp_cons=1092792 comp_ready=0 next_comp_sequence=1092281 next_req_slot=232 next_req_slot_busy=1 payload_free_slots=2548 payload_lease_hwm=0 request_wake_armed=0 completion_wake_armed=0 request_publishes=1092841 request_kicks=1 completion_kicks=7 has_capacity=1
timestamp_ns=1784168437350945560
online=1 transport=shm total_conns=2 active_conns=2
shm=1 daemon_online=1 daemon_generation=1 global_submit_sequence=2269759 ring_entries=512 payload_entries=8192 transfer_payload_slots=1
conn=0 lane=0 stream=0 failed=0 pending=1 inflight_count=19 inflight_slots=19 req_prod=1149016 req_cons=1149016 req_used=0 comp_prod=1148997 comp_cons=1148997 comp_ready=0 next_comp_sequence=1148486 next_req_slot=88 next_req_slot_busy=0 payload_free_slots=2579 payload_lease_hwm=0 request_wake_armed=0 completion_wake_armed=0 request_publishes=1149016 request_kicks=3 completion_kicks=4 has_capacity=1
conn=1 lane=1 stream=0 failed=0 pending=0 inflight_count=27 inflight_slots=27 req_prod=1120743 req_cons=1120743 req_used=0 comp_prod=1120716 comp_cons=1120716 comp_ready=0 next_comp_sequence=1120205 next_req_slot=487 next_req_slot_busy=0 payload_free_slots=2573 payload_lease_hwm=0 request_wake_armed=0 completion_wake_armed=0 request_publishes=1120743 request_kicks=1 completion_kicks=7 has_capacity=1
timestamp_ns=1784168437459261911
online=1 transport=shm total_conns=2 active_conns=2
shm=1 daemon_online=1 daemon_generation=1 global_submit_sequence=2325655 ring_entries=512 payload_entries=8192 transfer_payload_slots=1
conn=0 lane=0 stream=0 failed=0 pending=0 inflight_count=44 inflight_slots=44 req_prod=1177269 req_cons=1177249 req_used=20 comp_prod=1177225 comp_cons=1177225 comp_ready=0 next_comp_sequence=1176714 next_req_slot=181 next_req_slot_busy=0 payload_free_slots=2555 payload_lease_hwm=0 request_wake_armed=0 completion_wake_armed=0 request_publishes=1177269 request_kicks=3 completion_kicks=4 has_capacity=1
conn=1 lane=1 stream=0 failed=0 pending=0 inflight_count=30 inflight_slots=30 req_prod=1148386 req_cons=1148386 req_used=0 comp_prod=1148356 comp_cons=1148356 comp_ready=0 next_comp_sequence=1147845 next_req_slot=482 next_req_slot_busy=0 payload_free_slots=2563 payload_lease_hwm=0 request_wake_armed=0 completion_wake_armed=0 request_publishes=1148386 request_kicks=1 completion_kicks=7 has_capacity=1
timestamp_ns=1784168437567579167
online=1 transport=shm total_conns=2 active_conns=2
shm=1 daemon_online=1 daemon_generation=1 global_submit_sequence=2382150 ring_entries=512 payload_entries=8192 transfer_payload_slots=1
conn=0 lane=0 stream=0 failed=0 pending=0 inflight_count=14 inflight_slots=14 req_prod=1205080 req_cons=1205080 req_used=0 comp_prod=1205066 comp_cons=1205066 comp_ready=0 next_comp_sequence=1204555 next_req_slot=344 next_req_slot_busy=0 payload_free_slots=2578 payload_lease_hwm=0 request_wake_armed=0 completion_wake_armed=0 request_publishes=1205080 request_kicks=3 completion_kicks=4 has_capacity=1
conn=1 lane=1 stream=0 failed=0 pending=0 inflight_count=44 inflight_slots=44 req_prod=1177070 req_cons=1177050 req_used=20 comp_prod=1177026 comp_cons=1177026 comp_ready=0 next_comp_sequence=1176515 next_req_slot=494 next_req_slot_busy=0 payload_free_slots=2560 payload_lease_hwm=0 request_wake_armed=0 completion_wake_armed=0 request_publishes=1177070 request_kicks=1 completion_kicks=7 has_capacity=1
timestamp_ns=1784168437675985725
online=1 transport=shm total_conns=2 active_conns=2
shm=1 daemon_online=1 daemon_generation=1 global_submit_sequence=2438876 ring_entries=512 payload_entries=8192 transfer_payload_slots=1
conn=0 lane=0 stream=0 failed=0 pending=11 inflight_count=34 inflight_slots=33 req_prod=1233072 req_cons=1233064 req_used=8 comp_prod=1233039 comp_cons=1233039 comp_ready=0 next_comp_sequence=1232528 next_req_slot=176 next_req_slot_busy=1 payload_free_slots=2557 payload_lease_hwm=0 request_wake_armed=0 completion_wake_armed=0 request_publishes=1233072 request_kicks=3 completion_kicks=4 has_capacity=0
conn=1 lane=1 stream=0 failed=0 pending=20 inflight_count=20 inflight_slots=20 req_prod=1205806 req_cons=1205806 req_used=0 comp_prod=1205786 comp_cons=1205784 comp_ready=2 next_comp_sequence=1205785 next_req_slot=46 next_req_slot_busy=0 payload_free_slots=2571 payload_lease_hwm=0 request_wake_armed=0 completion_wake_armed=0 request_publishes=1205806 request_kicks=1 completion_kicks=7 has_capacity=1
timestamp_ns=1784168437784211158
online=1 transport=shm total_conns=2 active_conns=2
shm=1 daemon_online=1 daemon_generation=1 global_submit_sequence=2494879 ring_entries=512 payload_entries=8192 transfer_payload_slots=1
conn=0 lane=0 stream=0 failed=0 pending=0 inflight_count=35 inflight_slots=35 req_prod=1261168 req_cons=1261168 req_used=0 comp_prod=1261155 comp_cons=1261132 comp_ready=23 next_comp_sequence=1261133 next_req_slot=112 next_req_slot_busy=0 payload_free_slots=2582 payload_lease_hwm=0 request_wake_armed=0 completion_wake_armed=0 request_publishes=1261168 request_kicks=3 completion_kicks=4 has_capacity=1
conn=1 lane=1 stream=0 failed=0 pending=0 inflight_count=27 inflight_slots=27 req_prod=1233713 req_cons=1233704 req_used=9 comp_prod=1233686 comp_cons=1233685 comp_ready=1 next_comp_sequence=1233686 next_req_slot=305 next_req_slot_busy=0 payload_free_slots=2552 payload_lease_hwm=0 request_wake_armed=0 completion_wake_armed=0 request_publishes=1233713 request_kicks=1 completion_kicks=7 has_capacity=1
timestamp_ns=1784168437892483988
online=1 transport=shm total_conns=2 active_conns=2
shm=1 daemon_online=1 daemon_generation=1 global_submit_sequence=2551770 ring_entries=512 payload_entries=8192 transfer_payload_slots=1
conn=0 lane=0 stream=0 failed=0 pending=15 inflight_count=44 inflight_slots=43 req_prod=1290124 req_cons=1290100 req_used=24 comp_prod=1290082 comp_cons=1290082 comp_ready=0 next_comp_sequence=1289571 next_req_slot=396 next_req_slot_busy=1 payload_free_slots=2562 payload_lease_hwm=0 request_wake_armed=0 completion_wake_armed=0 request_publishes=1290125 request_kicks=3 completion_kicks=4 has_capacity=0
conn=1 lane=1 stream=0 failed=0 pending=0 inflight_count=64 inflight_slots=64 req_prod=1261647 req_cons=1261602 req_used=45 comp_prod=1261583 comp_cons=1261583 comp_ready=0 next_comp_sequence=1261072 next_req_slot=79 next_req_slot_busy=0 payload_free_slots=2559 payload_lease_hwm=0 request_wake_armed=0 completion_wake_armed=0 request_publishes=1261647 request_kicks=1 completion_kicks=7 has_capacity=1
timestamp_ns=1784168438000844975
online=1 transport=shm total_conns=2 active_conns=2
shm=1 daemon_online=1 daemon_generation=1 global_submit_sequence=2607988 ring_entries=512 payload_entries=8192 transfer_payload_slots=1
conn=0 lane=0 stream=0 failed=0 pending=15 inflight_count=43 inflight_slots=42 req_prod=1318431 req_cons=1318407 req_used=24 comp_prod=1318390 comp_cons=1318390 comp_ready=0 next_comp_sequence=1317879 next_req_slot=31 next_req_slot_busy=1 payload_free_slots=2547 payload_lease_hwm=0 request_wake_armed=0 completion_wake_armed=0 request_publishes=1318433 request_kicks=3 completion_kicks=4 has_capacity=1
conn=1 lane=1 stream=0 failed=0 pending=0 inflight_count=64 inflight_slots=64 req_prod=1289558 req_cons=1289516 req_used=42 comp_prod=1289494 comp_cons=1289494 comp_ready=0 next_comp_sequence=1288983 next_req_slot=342 next_req_slot_busy=0 payload_free_slots=2539 payload_lease_hwm=0 request_wake_armed=0 completion_wake_armed=0 request_publishes=1289558 request_kicks=1 completion_kicks=7 has_capacity=1
timestamp_ns=1784168438109097986
online=1 transport=shm total_conns=2 active_conns=2
shm=1 daemon_online=1 daemon_generation=1 global_submit_sequence=2664456 ring_entries=512 payload_entries=8192 transfer_payload_slots=1
conn=0 lane=0 stream=0 failed=0 pending=0 inflight_count=39 inflight_slots=39 req_prod=1346498 req_cons=1346478 req_used=20 comp_prod=1346459 comp_cons=1346459 comp_ready=0 next_comp_sequence=1345948 next_req_slot=450 next_req_slot_busy=0 payload_free_slots=2560 payload_lease_hwm=0 request_wake_armed=0 completion_wake_armed=0 request_publishes=1346498 request_kicks=3 completion_kicks=4 has_capacity=1
conn=1 lane=1 stream=0 failed=0 pending=0 inflight_count=45 inflight_slots=45 req_prod=1317958 req_cons=1317929 req_used=29 comp_prod=1317913 comp_cons=1317913 comp_ready=0 next_comp_sequence=1317402 next_req_slot=70 next_req_slot_busy=0 payload_free_slots=2551 payload_lease_hwm=0 request_wake_armed=0 completion_wake_armed=0 request_publishes=1317958 request_kicks=1 completion_kicks=7 has_capacity=1
timestamp_ns=1784168438217321981
online=1 transport=shm total_conns=2 active_conns=2
shm=1 daemon_online=1 daemon_generation=1 global_submit_sequence=2720913 ring_entries=512 payload_entries=8192 transfer_payload_slots=1
conn=0 lane=0 stream=0 failed=0 pending=0 inflight_count=40 inflight_slots=40 req_prod=1374240 req_cons=1374240 req_used=0 comp_prod=1374218 comp_cons=1374197 comp_ready=21 next_comp_sequence=1374198 next_req_slot=32 next_req_slot_busy=0 payload_free_slots=2580 payload_lease_hwm=0 request_wake_armed=0 completion_wake_armed=0 request_publishes=1374240 request_kicks=3 completion_kicks=4 has_capacity=1
conn=1 lane=1 stream=0 failed=0 pending=0 inflight_count=31 inflight_slots=32 req_prod=1346673 req_cons=1346673 req_used=0 comp_prod=1346657 comp_cons=1346640 comp_ready=17 next_comp_sequence=1346641 next_req_slot=113 next_req_slot_busy=0 payload_free_slots=2577 payload_lease_hwm=0 request_wake_armed=0 completion_wake_armed=0 request_publishes=1346673 request_kicks=1 completion_kicks=7 has_capacity=1
timestamp_ns=1784168438325449847
online=1 transport=shm total_conns=2 active_conns=2
shm=1 daemon_online=1 daemon_generation=1 global_submit_sequence=2776759 ring_entries=512 payload_entries=8192 transfer_payload_slots=1
conn=0 lane=0 stream=0 failed=0 pending=9 inflight_count=49 inflight_slots=49 req_prod=1401537 req_cons=1401535 req_used=2 comp_prod=1401489 comp_cons=1401489 comp_ready=0 next_comp_sequence=1400978 next_req_slot=193 next_req_slot_busy=1 payload_free_slots=2554 payload_lease_hwm=0 request_wake_armed=0 completion_wake_armed=0 request_publishes=1401538 request_kicks=3 completion_kicks=4 has_capacity=1
conn=1 lane=1 stream=0 failed=0 pending=2 inflight_count=36 inflight_slots=36 req_prod=1375224 req_cons=1375207 req_used=17 comp_prod=1375189 comp_cons=1375189 comp_ready=0 next_comp_sequence=1374678 next_req_slot=504 next_req_slot_busy=1 payload_free_slots=2546 payload_lease_hwm=0 request_wake_armed=0 completion_wake_armed=0 request_publishes=1375225 request_kicks=1 completion_kicks=7 has_capacity=1
timestamp_ns=1784168438433689434
online=1 transport=shm total_conns=2 active_conns=2
shm=1 daemon_online=1 daemon_generation=1 global_submit_sequence=2833075 ring_entries=512 payload_entries=8192 transfer_payload_slots=1
conn=0 lane=0 stream=0 failed=0 pending=0 inflight_count=44 inflight_slots=44 req_prod=1430219 req_cons=1430211 req_used=8 comp_prod=1430175 comp_cons=1430175 comp_ready=0 next_comp_sequence=1429664 next_req_slot=203 next_req_slot_busy=0 payload_free_slots=2554 payload_lease_hwm=0 request_wake_armed=0 completion_wake_armed=0 request_publishes=1430219 request_kicks=3 completion_kicks=4 has_capacity=1
conn=1 lane=1 stream=0 failed=0 pending=0 inflight_count=42 inflight_slots=42 req_prod=1402856 req_cons=1402836 req_used=20 comp_prod=1402814 comp_cons=1402814 comp_ready=0 next_comp_sequence=1402303 next_req_slot=488 next_req_slot_busy=0 payload_free_slots=2564 payload_lease_hwm=0 request_wake_armed=0 completion_wake_armed=0 request_publishes=1402856 request_kicks=1 completion_kicks=7 has_capacity=1
timestamp_ns=1784168438541889304
online=1 transport=shm total_conns=2 active_conns=2
shm=1 daemon_online=1 daemon_generation=1 global_submit_sequence=2888780 ring_entries=512 payload_entries=8192 transfer_payload_slots=1
conn=0 lane=0 stream=0 failed=0 pending=13 inflight_count=36 inflight_slots=35 req_prod=1458699 req_cons=1458684 req_used=15 comp_prod=1458664 comp_cons=1458664 comp_ready=0 next_comp_sequence=1458153 next_req_slot=11 next_req_slot_busy=1 payload_free_slots=2566 payload_lease_hwm=0 request_wake_armed=0 completion_wake_armed=0 request_publishes=1458700 request_kicks=3 completion_kicks=4 has_capacity=1
conn=1 lane=1 stream=0 failed=0 pending=14 inflight_count=50 inflight_slots=50 req_prod=1430085 req_cons=1430062 req_used=23 comp_prod=1430037 comp_cons=1430037 comp_ready=0 next_comp_sequence=1429526 next_req_slot=69 next_req_slot_busy=1 payload_free_slots=2544 payload_lease_hwm=0 request_wake_armed=0 completion_wake_armed=0 request_publishes=1430087 request_kicks=1 completion_kicks=7 has_capacity=1
timestamp_ns=1784168438650100772
online=1 transport=shm total_conns=2 active_conns=2
shm=1 daemon_online=1 daemon_generation=1 global_submit_sequence=2944909 ring_entries=512 payload_entries=8192 transfer_payload_slots=1
conn=0 lane=0 stream=0 failed=0 pending=0 inflight_count=56 inflight_slots=56 req_prod=1486599 req_cons=1486559 req_used=40 comp_prod=1486543 comp_cons=1486543 comp_ready=0 next_comp_sequence=1486032 next_req_slot=263 next_req_slot_busy=0 payload_free_slots=2536 payload_lease_hwm=0 request_wake_armed=0 completion_wake_armed=0 request_publishes=1486599 request_kicks=3 completion_kicks=4 has_capacity=1
conn=1 lane=1 stream=0 failed=0 pending=0 inflight_count=50 inflight_slots=50 req_prod=1458310 req_cons=1458290 req_used=20 comp_prod=1458260 comp_cons=1458260 comp_ready=0 next_comp_sequence=1457749 next_req_slot=134 next_req_slot_busy=0 payload_free_slots=2541 payload_lease_hwm=0 request_wake_armed=0 completion_wake_armed=0 request_publishes=1458310 request_kicks=1 completion_kicks=7 has_capacity=1
timestamp_ns=1784168438758256139
online=1 transport=shm total_conns=2 active_conns=2
shm=1 daemon_online=1 daemon_generation=1 global_submit_sequence=3001744 ring_entries=512 payload_entries=8192 transfer_payload_slots=1
conn=0 lane=0 stream=0 failed=0 pending=0 inflight_count=38 inflight_slots=38 req_prod=1514892 req_cons=1514872 req_used=20 comp_prod=1514854 comp_cons=1514854 comp_ready=0 next_comp_sequence=1514343 next_req_slot=396 next_req_slot_busy=0 payload_free_slots=2549 payload_lease_hwm=0 request_wake_armed=0 completion_wake_armed=0 request_publishes=1514892 request_kicks=3 completion_kicks=4 has_capacity=1
conn=1 lane=1 stream=0 failed=0 pending=8 inflight_count=18 inflight_slots=18 req_prod=1486852 req_cons=1486852 req_used=0 comp_prod=1486834 comp_cons=1486830 comp_ready=4 next_comp_sequence=1486831 next_req_slot=4 next_req_slot_busy=0 payload_free_slots=2583 payload_lease_hwm=0 request_wake_armed=0 completion_wake_armed=0 request_publishes=1486852 request_kicks=1 completion_kicks=7 has_capacity=1
timestamp_ns=1784168438866524744
online=1 transport=shm total_conns=2 active_conns=2
shm=1 daemon_online=1 daemon_generation=1 global_submit_sequence=3057901 ring_entries=512 payload_entries=8192 transfer_payload_slots=1
conn=0 lane=0 stream=0 failed=0 pending=0 inflight_count=14 inflight_slots=14 req_prod=1542924 req_cons=1542923 req_used=1 comp_prod=1542910 comp_cons=1542910 comp_ready=0 next_comp_sequence=1542399 next_req_slot=268 next_req_slot_busy=0 payload_free_slots=2585 payload_lease_hwm=0 request_wake_armed=0 completion_wake_armed=0 request_publishes=1542924 request_kicks=3 completion_kicks=4 has_capacity=1
conn=1 lane=1 stream=0 failed=0 pending=8 inflight_count=30 inflight_slots=30 req_prod=1514980 req_cons=1514978 req_used=2 comp_prod=1514953 comp_cons=1514951 comp_ready=2 next_comp_sequence=1514952 next_req_slot=484 next_req_slot_busy=1 payload_free_slots=2560 payload_lease_hwm=0 request_wake_armed=0 completion_wake_armed=0 request_publishes=1514981 request_kicks=1 completion_kicks=7 has_capacity=1
timestamp_ns=1784168438974708801
online=1 transport=shm total_conns=2 active_conns=2
shm=1 daemon_online=1 daemon_generation=1 global_submit_sequence=3114334 ring_entries=512 payload_entries=8192 transfer_payload_slots=1
conn=0 lane=0 stream=0 failed=0 pending=0 inflight_count=64 inflight_slots=64 req_prod=1570992 req_cons=1570949 req_used=43 comp_prod=1570929 comp_cons=1570929 comp_ready=0 next_comp_sequence=1570418 next_req_slot=176 next_req_slot_busy=1 payload_free_slots=2534 payload_lease_hwm=0 request_wake_armed=0 completion_wake_armed=0 request_publishes=1570993 request_kicks=3 completion_kicks=4 has_capacity=1
conn=1 lane=1 stream=0 failed=0 pending=0 inflight_count=19 inflight_slots=19 req_prod=1543343 req_cons=1543343 req_used=0 comp_prod=1543324 comp_cons=1543324 comp_ready=0 next_comp_sequence=1542813 next_req_slot=175 next_req_slot_busy=0 payload_free_slots=2582 payload_lease_hwm=0 request_wake_armed=0 completion_wake_armed=0 request_publishes=1543343 request_kicks=1 completion_kicks=7 has_capacity=1
timestamp_ns=1784168439083057198
online=1 transport=shm total_conns=2 active_conns=2
shm=1 daemon_online=1 daemon_generation=1 global_submit_sequence=3169984 ring_entries=512 payload_entries=8192 transfer_payload_slots=1
conn=0 lane=0 stream=0 failed=0 pending=0 inflight_count=33 inflight_slots=33 req_prod=1598728 req_cons=1598711 req_used=17 comp_prod=1598695 comp_cons=1598695 comp_ready=0 next_comp_sequence=1598184 next_req_slot=264 next_req_slot_busy=0 payload_free_slots=2564 payload_lease_hwm=0 request_wake_armed=0 completion_wake_armed=0 request_publishes=1598728 request_kicks=3 completion_kicks=4 has_capacity=1
conn=1 lane=1 stream=0 failed=0 pending=0 inflight_count=15 inflight_slots=15 req_prod=1571256 req_cons=1571256 req_used=0 comp_prod=1571241 comp_cons=1571241 comp_ready=0 next_comp_sequence=1570730 next_req_slot=440 next_req_slot_busy=0 payload_free_slots=2566 payload_lease_hwm=0 request_wake_armed=0 completion_wake_armed=0 request_publishes=1571256 request_kicks=1 completion_kicks=7 has_capacity=1
timestamp_ns=1784168439191351582
online=1 transport=shm total_conns=2 active_conns=2
shm=1 daemon_online=1 daemon_generation=1 global_submit_sequence=3225402 ring_entries=512 payload_entries=8192 transfer_payload_slots=1
conn=0 lane=0 stream=0 failed=0 pending=0 inflight_count=46 inflight_slots=46 req_prod=1626247 req_cons=1626227 req_used=20 comp_prod=1626201 comp_cons=1626201 comp_ready=0 next_comp_sequence=1625690 next_req_slot=135 next_req_slot_busy=0 payload_free_slots=2557 payload_lease_hwm=0 request_wake_armed=0 completion_wake_armed=0 request_publishes=1626247 request_kicks=3 completion_kicks=4 has_capacity=1
conn=1 lane=1 stream=0 failed=0 pending=0 inflight_count=36 inflight_slots=37 req_prod=1599155 req_cons=1599150 req_used=5 comp_prod=1599126 comp_cons=1599117 comp_ready=9 next_comp_sequence=1599118 next_req_slot=179 next_req_slot_busy=0 payload_free_slots=2570 payload_lease_hwm=0 request_wake_armed=0 completion_wake_armed=0 request_publishes=1599155 request_kicks=1 completion_kicks=7 has_capacity=1
timestamp_ns=1784168439299669817
online=1 transport=shm total_conns=2 active_conns=2
shm=1 daemon_online=1 daemon_generation=1 global_submit_sequence=3281911 ring_entries=512 payload_entries=8192 transfer_payload_slots=1
conn=0 lane=0 stream=0 failed=0 pending=0 inflight_count=33 inflight_slots=33 req_prod=1654577 req_cons=1654557 req_used=20 comp_prod=1654547 comp_cons=1654544 comp_ready=3 next_comp_sequence=1654545 next_req_slot=305 next_req_slot_busy=0 payload_free_slots=2568 payload_lease_hwm=0 request_wake_armed=0 completion_wake_armed=0 request_publishes=1654577 request_kicks=3 completion_kicks=4 has_capacity=1
conn=1 lane=1 stream=0 failed=0 pending=20 inflight_count=23 inflight_slots=23 req_prod=1627334 req_cons=1627334 req_used=0 comp_prod=1627316 comp_cons=1627303 comp_ready=13 next_comp_sequence=1627304 next_req_slot=198 next_req_slot_busy=0 payload_free_slots=2573 payload_lease_hwm=0 request_wake_armed=0 completion_wake_armed=0 request_publishes=1627334 request_kicks=1 completion_kicks=7 has_capacity=1
timestamp_ns=1784168439408314372
online=1 transport=shm total_conns=2 active_conns=2
shm=1 daemon_online=1 daemon_generation=1 global_submit_sequence=3338311 ring_entries=512 payload_entries=8192 transfer_payload_slots=1
conn=0 lane=0 stream=0 failed=0 pending=0 inflight_count=34 inflight_slots=36 req_prod=1682710 req_cons=1682710 req_used=0 comp_prod=1682689 comp_cons=1682673 comp_ready=16 next_comp_sequence=1682674 next_req_slot=278 next_req_slot_busy=0 payload_free_slots=2585 payload_lease_hwm=0 request_wake_armed=0 completion_wake_armed=0 request_publishes=1682710 request_kicks=3 completion_kicks=4 has_capacity=1
conn=1 lane=1 stream=0 failed=0 pending=0 inflight_count=40 inflight_slots=40 req_prod=1655601 req_cons=1655601 req_used=0 comp_prod=1655561 comp_cons=1655561 comp_ready=0 next_comp_sequence=1655050 next_req_slot=305 next_req_slot_busy=0 payload_free_slots=2566 payload_lease_hwm=0 request_wake_armed=0 completion_wake_armed=0 request_publishes=1655601 request_kicks=1 completion_kicks=7 has_capacity=1
timestamp_ns=1784168439516301510
online=1 transport=shm total_conns=2 active_conns=2
shm=1 daemon_online=1 daemon_generation=1 global_submit_sequence=3394799 ring_entries=512 payload_entries=8192 transfer_payload_slots=1
conn=0 lane=0 stream=0 failed=0 pending=0 inflight_count=43 inflight_slots=44 req_prod=1711317 req_cons=1711305 req_used=12 comp_prod=1711285 comp_cons=1711273 comp_ready=12 next_comp_sequence=1711274 next_req_slot=213 next_req_slot_busy=0 payload_free_slots=2551 payload_lease_hwm=0 request_wake_armed=0 completion_wake_armed=0 request_publishes=1711317 request_kicks=3 completion_kicks=4 has_capacity=1
conn=1 lane=1 stream=0 failed=0 pending=4 inflight_count=43 inflight_slots=43 req_prod=1683487 req_cons=1683478 req_used=9 comp_prod=1683451 comp_cons=1683445 comp_ready=6 next_comp_sequence=1683446 next_req_slot=31 next_req_slot_busy=1 payload_free_slots=2558 payload_lease_hwm=0 request_wake_armed=0 completion_wake_armed=0 request_publishes=1683488 request_kicks=1 completion_kicks=7 has_capacity=1
timestamp_ns=1784168439624524716
online=1 transport=shm total_conns=2 active_conns=2
shm=1 daemon_online=1 daemon_generation=1 global_submit_sequence=3450529 ring_entries=512 payload_entries=8192 transfer_payload_slots=1
conn=0 lane=0 stream=0 failed=0 pending=8 inflight_count=37 inflight_slots=37 req_prod=1739340 req_cons=1739329 req_used=11 comp_prod=1739304 comp_cons=1739304 comp_ready=0 next_comp_sequence=1738793 next_req_slot=76 next_req_slot_busy=1 payload_free_slots=2556 payload_lease_hwm=0 request_wake_armed=0 completion_wake_armed=0 request_publishes=1739341 request_kicks=3 completion_kicks=4 has_capacity=1
conn=1 lane=1 stream=0 failed=0 pending=18 inflight_count=46 inflight_slots=46 req_prod=1711190 req_cons=1711169 req_used=21 comp_prod=1711145 comp_cons=1711145 comp_ready=0 next_comp_sequence=1710634 next_req_slot=86 next_req_slot_busy=1 payload_free_slots=2546 payload_lease_hwm=0 request_wake_armed=0 completion_wake_armed=0 request_publishes=1711191 request_kicks=1 completion_kicks=7 has_capacity=1
timestamp_ns=1784168439732779131
online=1 transport=shm total_conns=2 active_conns=2
shm=1 daemon_online=1 daemon_generation=1 global_submit_sequence=3506403 ring_entries=512 payload_entries=8192 transfer_payload_slots=1
conn=0 lane=0 stream=0 failed=0 pending=0 inflight_count=19 inflight_slots=19 req_prod=1767278 req_cons=1767277 req_used=1 comp_prod=1767259 comp_cons=1767258 comp_ready=1 next_comp_sequence=1767259 next_req_slot=366 next_req_slot_busy=0 payload_free_slots=2567 payload_lease_hwm=0 request_wake_armed=0 completion_wake_armed=0 request_publishes=1767278 request_kicks=3 completion_kicks=4 has_capacity=1
conn=1 lane=1 stream=0 failed=0 pending=0 inflight_count=64 inflight_slots=64 req_prod=1739127 req_cons=1739095 req_used=32 comp_prod=1739063 comp_cons=1739063 comp_ready=0 next_comp_sequence=1738552 next_req_slot=375 next_req_slot_busy=0 payload_free_slots=2533 payload_lease_hwm=0 request_wake_armed=0 completion_wake_armed=0 request_publishes=1739127 request_kicks=1 completion_kicks=7 has_capacity=1
timestamp_ns=1784168439840960671
online=1 transport=shm total_conns=2 active_conns=2
shm=1 daemon_online=1 daemon_generation=1 global_submit_sequence=3562216 ring_entries=512 payload_entries=8192 transfer_payload_slots=1
conn=0 lane=0 stream=0 failed=0 pending=9 inflight_count=17 inflight_slots=17 req_prod=1795354 req_cons=1795352 req_used=2 comp_prod=1795338 comp_cons=1795338 comp_ready=0 next_comp_sequence=1794827 next_req_slot=282 next_req_slot_busy=1 payload_free_slots=2574 payload_lease_hwm=0 request_wake_armed=0 completion_wake_armed=0 request_publishes=1795355 request_kicks=3 completion_kicks=4 has_capacity=1
conn=1 lane=1 stream=0 failed=0 pending=16 inflight_count=20 inflight_slots=20 req_prod=1766865 req_cons=1766865 req_used=0 comp_prod=1766849 comp_cons=1766846 comp_ready=3 next_comp_sequence=1766847 next_req_slot=465 next_req_slot_busy=1 payload_free_slots=2573 payload_lease_hwm=0 request_wake_armed=0 completion_wake_armed=0 request_publishes=1766866 request_kicks=1 completion_kicks=7 has_capacity=1
timestamp_ns=1784168439949238508
online=1 transport=shm total_conns=2 active_conns=2
shm=1 daemon_online=1 daemon_generation=1 global_submit_sequence=3618639 ring_entries=512 payload_entries=8192 transfer_payload_slots=1
conn=0 lane=0 stream=0 failed=0 pending=0 inflight_count=38 inflight_slots=39 req_prod=1823323 req_cons=1823323 req_used=0 comp_prod=1823300 comp_cons=1823284 comp_ready=16 next_comp_sequence=1823285 next_req_slot=91 next_req_slot_busy=0 payload_free_slots=2578 payload_lease_hwm=0 request_wake_armed=0 completion_wake_armed=0 request_publishes=1823323 request_kicks=3 completion_kicks=4 has_capacity=1
conn=1 lane=1 stream=0 failed=0 pending=0 inflight_count=17 inflight_slots=17 req_prod=1795316 req_cons=1795316 req_used=0 comp_prod=1795299 comp_cons=1795299 comp_ready=0 next_comp_sequence=1794788 next_req_slot=244 next_req_slot_busy=0 payload_free_slots=2573 payload_lease_hwm=0 request_wake_armed=0 completion_wake_armed=0 request_publishes=1795316 request_kicks=1 completion_kicks=7 has_capacity=1
timestamp_ns=1784168440057511205
online=1 transport=shm total_conns=2 active_conns=2
shm=1 daemon_online=1 daemon_generation=1 global_submit_sequence=3674479 ring_entries=512 payload_entries=8192 transfer_payload_slots=1
conn=0 lane=0 stream=0 failed=0 pending=11 inflight_count=33 inflight_slots=33 req_prod=1851688 req_cons=1851680 req_used=8 comp_prod=1851656 comp_cons=1851656 comp_ready=0 next_comp_sequence=1851145 next_req_slot=296 next_req_slot_busy=1 payload_free_slots=2562 payload_lease_hwm=0 request_wake_armed=0 completion_wake_armed=0 request_publishes=1851689 request_kicks=3 completion_kicks=4 has_capacity=1
conn=1 lane=1 stream=0 failed=0 pending=0 inflight_count=32 inflight_slots=32 req_prod=1822792 req_cons=1822766 req_used=26 comp_prod=1822760 comp_cons=1822760 comp_ready=0 next_comp_sequence=1822249 next_req_slot=72 next_req_slot_busy=0 payload_free_slots=2567 payload_lease_hwm=0 request_wake_armed=0 completion_wake_armed=0 request_publishes=1822792 request_kicks=1 completion_kicks=7 has_capacity=1
timestamp_ns=1784168440165557881
online=1 transport=shm total_conns=2 active_conns=2
shm=1 daemon_online=1 daemon_generation=1 global_submit_sequence=3730109 ring_entries=512 payload_entries=8192 transfer_payload_slots=1
conn=0 lane=0 stream=0 failed=0 pending=0 inflight_count=18 inflight_slots=18 req_prod=1879243 req_cons=1879243 req_used=0 comp_prod=1879225 comp_cons=1879225 comp_ready=0 next_comp_sequence=1878714 next_req_slot=203 next_req_slot_busy=0 payload_free_slots=2566 payload_lease_hwm=0 request_wake_armed=0 completion_wake_armed=0 request_publishes=1879243 request_kicks=3 completion_kicks=4 has_capacity=1
conn=1 lane=1 stream=0 failed=0 pending=0 inflight_count=30 inflight_slots=30 req_prod=1850866 req_cons=1850866 req_used=0 comp_prod=1850836 comp_cons=1850836 comp_ready=0 next_comp_sequence=1850325 next_req_slot=498 next_req_slot_busy=0 payload_free_slots=2565 payload_lease_hwm=0 request_wake_armed=0 completion_wake_armed=0 request_publishes=1850866 request_kicks=1 completion_kicks=7 has_capacity=1
timestamp_ns=1784168440273563828
online=1 transport=shm total_conns=2 active_conns=2
shm=1 daemon_online=1 daemon_generation=1 global_submit_sequence=3786390 ring_entries=512 payload_entries=8192 transfer_payload_slots=1
conn=0 lane=0 stream=0 failed=0 pending=0 inflight_count=16 inflight_slots=16 req_prod=1907598 req_cons=1907598 req_used=0 comp_prod=1907582 comp_cons=1907582 comp_ready=0 next_comp_sequence=1907071 next_req_slot=398 next_req_slot_busy=0 payload_free_slots=2562 payload_lease_hwm=0 request_wake_armed=0 completion_wake_armed=0 request_publishes=1907598 request_kicks=3 completion_kicks=4 has_capacity=1
conn=1 lane=1 stream=0 failed=0 pending=0 inflight_count=37 inflight_slots=37 req_prod=1878792 req_cons=1878772 req_used=20 comp_prod=1878755 comp_cons=1878755 comp_ready=0 next_comp_sequence=1878244 next_req_slot=264 next_req_slot_busy=0 payload_free_slots=2548 payload_lease_hwm=0 request_wake_armed=0 completion_wake_armed=0 request_publishes=1878792 request_kicks=1 completion_kicks=7 has_capacity=1
timestamp_ns=1784168440381617896
online=1 transport=shm total_conns=2 active_conns=2
shm=1 daemon_online=1 daemon_generation=1 global_submit_sequence=3842166 ring_entries=512 payload_entries=8192 transfer_payload_slots=1
conn=0 lane=0 stream=0 failed=0 pending=0 inflight_count=59 inflight_slots=59 req_prod=1935921 req_cons=1935881 req_used=40 comp_prod=1935862 comp_cons=1935862 comp_ready=0 next_comp_sequence=1935351 next_req_slot=49 next_req_slot_busy=0 payload_free_slots=2560 payload_lease_hwm=0 request_wake_armed=0 completion_wake_armed=0 request_publishes=1935921 request_kicks=3 completion_kicks=4 has_capacity=1
conn=1 lane=1 stream=0 failed=0 pending=0 inflight_count=29 inflight_slots=29 req_prod=1906245 req_cons=1906234 req_used=11 comp_prod=1906216 comp_cons=1906216 comp_ready=0 next_comp_sequence=1905705 next_req_slot=69 next_req_slot_busy=0 payload_free_slots=2572 payload_lease_hwm=0 request_wake_armed=0 completion_wake_armed=0 request_publishes=1906245 request_kicks=1 completion_kicks=7 has_capacity=1
timestamp_ns=1784168440489756448
online=1 transport=shm total_conns=2 active_conns=2
shm=1 daemon_online=1 daemon_generation=1 global_submit_sequence=3898219 ring_entries=512 payload_entries=8192 transfer_payload_slots=1
conn=0 lane=0 stream=0 failed=0 pending=0 inflight_count=50 inflight_slots=50 req_prod=1964115 req_cons=1964095 req_used=20 comp_prod=1964065 comp_cons=1964065 comp_ready=0 next_comp_sequence=1963554 next_req_slot=83 next_req_slot_busy=0 payload_free_slots=2542 payload_lease_hwm=0 request_wake_armed=0 completion_wake_armed=0 request_publishes=1964115 request_kicks=3 completion_kicks=4 has_capacity=1
conn=1 lane=1 stream=0 failed=0 pending=0 inflight_count=54 inflight_slots=54 req_prod=1934104 req_cons=1934080 req_used=24 comp_prod=1934050 comp_cons=1934050 comp_ready=0 next_comp_sequence=1933539 next_req_slot=280 next_req_slot_busy=0 payload_free_slots=2538 payload_lease_hwm=0 request_wake_armed=0 completion_wake_armed=0 request_publishes=1934104 request_kicks=1 completion_kicks=7 has_capacity=1
timestamp_ns=1784168440597825791
online=1 transport=shm total_conns=2 active_conns=2
shm=1 daemon_online=1 daemon_generation=1 global_submit_sequence=3954192 ring_entries=512 payload_entries=8192 transfer_payload_slots=1
conn=0 lane=0 stream=0 failed=0 pending=0 inflight_count=64 inflight_slots=64 req_prod=1991708 req_cons=1991665 req_used=43 comp_prod=1991644 comp_cons=1991644 comp_ready=0 next_comp_sequence=1991133 next_req_slot=28 next_req_slot_busy=0 payload_free_slots=2529 payload_lease_hwm=0 request_wake_armed=0 completion_wake_armed=0 request_publishes=1991708 request_kicks=3 completion_kicks=4 has_capacity=1
conn=1 lane=1 stream=0 failed=0 pending=0 inflight_count=17 inflight_slots=17 req_prod=1962484 req_cons=1962484 req_used=0 comp_prod=1962467 comp_cons=1962467 comp_ready=0 next_comp_sequence=1961956 next_req_slot=500 next_req_slot_busy=0 payload_free_slots=2570 payload_lease_hwm=0 request_wake_armed=0 completion_wake_armed=0 request_publishes=1962484 request_kicks=1 completion_kicks=7 has_capacity=1
timestamp_ns=1784168440706021464
online=1 transport=shm total_conns=2 active_conns=2
shm=1 daemon_online=1 daemon_generation=1 global_submit_sequence=3992239 ring_entries=512 payload_entries=8192 transfer_payload_slots=1
conn=0 lane=0 stream=0 failed=0 pending=0 inflight_count=0 inflight_slots=0 req_prod=2000230 req_cons=2000230 req_used=0 comp_prod=2000230 comp_cons=2000230 comp_ready=0 next_comp_sequence=1999719 next_req_slot=358 next_req_slot_busy=0 payload_free_slots=2586 payload_lease_hwm=0 request_wake_armed=1 completion_wake_armed=1 request_publishes=2000230 request_kicks=3 completion_kicks=4 has_capacity=1
conn=1 lane=1 stream=0 failed=0 pending=0 inflight_count=11 inflight_slots=11 req_prod=1992009 req_cons=1992009 req_used=0 comp_prod=1991998 comp_cons=1991998 comp_ready=0 next_comp_sequence=1991487 next_req_slot=329 next_req_slot_busy=0 payload_free_slots=2565 payload_lease_hwm=0 request_wake_armed=0 completion_wake_armed=0 request_publishes=1992009 request_kicks=1 completion_kicks=7 has_capacity=1
timestamp_ns=1784168440814414501
online=1 transport=shm total_conns=2 active_conns=2
shm=1 daemon_online=1 daemon_generation=1 global_submit_sequence=4014761 ring_entries=512 payload_entries=8192 transfer_payload_slots=1
conn=0 lane=0 stream=0 failed=0 pending=0 inflight_count=30 inflight_slots=30 req_prod=2007501 req_cons=2007490 req_used=11 comp_prod=2007471 comp_cons=2007471 comp_ready=0 next_comp_sequence=2006960 next_req_slot=461 next_req_slot_busy=0 payload_free_slots=2560 payload_lease_hwm=0 request_wake_armed=0 completion_wake_armed=0 request_publishes=2007501 request_kicks=4 completion_kicks=4 has_capacity=1
conn=1 lane=1 stream=0 failed=0 pending=0 inflight_count=33 inflight_slots=33 req_prod=2007260 req_cons=2007260 req_used=0 comp_prod=2007240 comp_cons=2007226 comp_ready=14 next_comp_sequence=2007227 next_req_slot=220 next_req_slot_busy=0 payload_free_slots=2577 payload_lease_hwm=0 request_wake_armed=0 completion_wake_armed=0 request_publishes=2007260 request_kicks=1 completion_kicks=7 has_capacity=1
timestamp_ns=1784168440923133580
online=1 transport=shm total_conns=2 active_conns=2
shm=1 daemon_online=1 daemon_generation=1 global_submit_sequence=4070915 ring_entries=512 payload_entries=8192 transfer_payload_slots=1
conn=0 lane=0 stream=0 failed=0 pending=0 inflight_count=36 inflight_slots=36 req_prod=2035916 req_cons=2035896 req_used=20 comp_prod=2035880 comp_cons=2035880 comp_ready=0 next_comp_sequence=2035369 next_req_slot=204 next_req_slot_busy=0 payload_free_slots=2565 payload_lease_hwm=0 request_wake_armed=0 completion_wake_armed=0 request_publishes=2035916 request_kicks=4 completion_kicks=4 has_capacity=1
conn=1 lane=1 stream=0 failed=0 pending=0 inflight_count=35 inflight_slots=35 req_prod=2034999 req_cons=2034979 req_used=20 comp_prod=2034964 comp_cons=2034964 comp_ready=0 next_comp_sequence=2034453 next_req_slot=311 next_req_slot_busy=0 payload_free_slots=2553 payload_lease_hwm=0 request_wake_armed=0 completion_wake_armed=0 request_publishes=2034999 request_kicks=1 completion_kicks=7 has_capacity=1
timestamp_ns=1784168441031483862
online=1 transport=shm total_conns=2 active_conns=2
shm=1 daemon_online=1 daemon_generation=1 global_submit_sequence=4127625 ring_entries=512 payload_entries=8192 transfer_payload_slots=1
conn=0 lane=0 stream=0 failed=0 pending=0 inflight_count=48 inflight_slots=48 req_prod=2064026 req_cons=2063997 req_used=29 comp_prod=2063978 comp_cons=2063978 comp_ready=0 next_comp_sequence=2063467 next_req_slot=154 next_req_slot_busy=0 payload_free_slots=2535 payload_lease_hwm=0 request_wake_armed=0 completion_wake_armed=0 request_publishes=2064026 request_kicks=4 completion_kicks=4 has_capacity=1
conn=1 lane=1 stream=0 failed=0 pending=0 inflight_count=23 inflight_slots=23 req_prod=2063599 req_cons=2063599 req_used=0 comp_prod=2063576 comp_cons=2063576 comp_ready=0 next_comp_sequence=2063065 next_req_slot=239 next_req_slot_busy=0 payload_free_slots=2580 payload_lease_hwm=0 request_wake_armed=0 completion_wake_armed=0 request_publishes=2063599 request_kicks=1 completion_kicks=7 has_capacity=1
timestamp_ns=1784168441139919225
online=1 transport=shm total_conns=2 active_conns=2
shm=1 daemon_online=1 daemon_generation=1 global_submit_sequence=4184291 ring_entries=512 payload_entries=8192 transfer_payload_slots=1
conn=0 lane=0 stream=0 failed=0 pending=0 inflight_count=37 inflight_slots=37 req_prod=2092343 req_cons=2092323 req_used=20 comp_prod=2092306 comp_cons=2092306 comp_ready=0 next_comp_sequence=2091795 next_req_slot=311 next_req_slot_busy=0 payload_free_slots=2549 payload_lease_hwm=0 request_wake_armed=0 completion_wake_armed=0 request_publishes=2092343 request_kicks=4 completion_kicks=4 has_capacity=1
conn=1 lane=1 stream=0 failed=0 pending=0 inflight_count=59 inflight_slots=59 req_prod=2091951 req_cons=2091911 req_used=40 comp_prod=2091892 comp_cons=2091892 comp_ready=0 next_comp_sequence=2091381 next_req_slot=431 next_req_slot_busy=0 payload_free_slots=2528 payload_lease_hwm=0 request_wake_armed=0 completion_wake_armed=0 request_publishes=2091951 request_kicks=1 completion_kicks=7 has_capacity=1
timestamp_ns=1784168441248352743
online=1 transport=shm total_conns=2 active_conns=2
shm=1 daemon_online=1 daemon_generation=1 global_submit_sequence=4239972 ring_entries=512 payload_entries=8192 transfer_payload_slots=1
conn=0 lane=0 stream=0 failed=0 pending=0 inflight_count=34 inflight_slots=34 req_prod=2120070 req_cons=2120050 req_used=20 comp_prod=2120036 comp_cons=2120036 comp_ready=0 next_comp_sequence=2119525 next_req_slot=390 next_req_slot_busy=0 payload_free_slots=2557 payload_lease_hwm=0 request_wake_armed=0 completion_wake_armed=0 request_publishes=2120070 request_kicks=4 completion_kicks=4 has_capacity=1
conn=1 lane=1 stream=0 failed=0 pending=0 inflight_count=42 inflight_slots=42 req_prod=2119902 req_cons=2119872 req_used=30 comp_prod=2119860 comp_cons=2119860 comp_ready=0 next_comp_sequence=2119349 next_req_slot=222 next_req_slot_busy=0 payload_free_slots=2567 payload_lease_hwm=0 request_wake_armed=0 completion_wake_armed=0 request_publishes=2119902 request_kicks=1 completion_kicks=7 has_capacity=1
timestamp_ns=1784168441356556749
online=1 transport=shm total_conns=2 active_conns=2
shm=1 daemon_online=1 daemon_generation=1 global_submit_sequence=4296995 ring_entries=512 payload_entries=8192 transfer_payload_slots=1
conn=0 lane=0 stream=0 failed=0 pending=0 inflight_count=44 inflight_slots=44 req_prod=2148949 req_cons=2148929 req_used=20 comp_prod=2148905 comp_cons=2148905 comp_ready=0 next_comp_sequence=2148394 next_req_slot=85 next_req_slot_busy=0 payload_free_slots=2555 payload_lease_hwm=0 request_wake_armed=0 completion_wake_armed=0 request_publishes=2148949 request_kicks=4 completion_kicks=4 has_capacity=1
conn=1 lane=1 stream=0 failed=0 pending=0 inflight_count=39 inflight_slots=39 req_prod=2148046 req_cons=2148026 req_used=20 comp_prod=2148007 comp_cons=2148007 comp_ready=0 next_comp_sequence=2147496 next_req_slot=206 next_req_slot_busy=0 payload_free_slots=2556 payload_lease_hwm=0 request_wake_armed=0 completion_wake_armed=0 request_publishes=2148046 request_kicks=1 completion_kicks=7 has_capacity=1
timestamp_ns=1784168441464774962
online=1 transport=shm total_conns=2 active_conns=2
shm=1 daemon_online=1 daemon_generation=1 global_submit_sequence=4353149 ring_entries=512 payload_entries=8192 transfer_payload_slots=1
conn=0 lane=0 stream=0 failed=0 pending=0 inflight_count=45 inflight_slots=45 req_prod=2177982 req_cons=2177962 req_used=20 comp_prod=2177937 comp_cons=2177937 comp_ready=0 next_comp_sequence=2177426 next_req_slot=446 next_req_slot_busy=0 payload_free_slots=2544 payload_lease_hwm=0 request_wake_armed=0 completion_wake_armed=0 request_publishes=2177982 request_kicks=4 completion_kicks=4 has_capacity=1
conn=1 lane=1 stream=0 failed=0 pending=0 inflight_count=60 inflight_slots=60 req_prod=2175169 req_cons=2175129 req_used=40 comp_prod=2175109 comp_cons=2175109 comp_ready=0 next_comp_sequence=2174598 next_req_slot=193 next_req_slot_busy=0 payload_free_slots=2543 payload_lease_hwm=0 request_wake_armed=0 completion_wake_armed=0 request_publishes=2175169 request_kicks=1 completion_kicks=7 has_capacity=1
timestamp_ns=1784168441572898756
online=1 transport=shm total_conns=2 active_conns=2
shm=1 daemon_online=1 daemon_generation=1 global_submit_sequence=4409707 ring_entries=512 payload_entries=8192 transfer_payload_slots=1
conn=0 lane=0 stream=0 failed=0 pending=0 inflight_count=41 inflight_slots=41 req_prod=2206475 req_cons=2206455 req_used=20 comp_prod=2206434 comp_cons=2206434 comp_ready=0 next_comp_sequence=2205923 next_req_slot=267 next_req_slot_busy=0 payload_free_slots=2545 payload_lease_hwm=0 request_wake_armed=0 completion_wake_armed=0 request_publishes=2206475 request_kicks=4 completion_kicks=4 has_capacity=1
conn=1 lane=1 stream=0 failed=0 pending=6 inflight_count=30 inflight_slots=29 req_prod=2203237 req_cons=2203236 req_used=1 comp_prod=2203211 comp_cons=2203209 comp_ready=2 next_comp_sequence=2203210 next_req_slot=101 next_req_slot_busy=1 payload_free_slots=2578 payload_lease_hwm=0 request_wake_armed=0 completion_wake_armed=0 request_publishes=2203238 request_kicks=1 completion_kicks=7 has_capacity=0
timestamp_ns=1784168441680965293
online=1 transport=shm total_conns=2 active_conns=2
shm=1 daemon_online=1 daemon_generation=1 global_submit_sequence=4465086 ring_entries=512 payload_entries=8192 transfer_payload_slots=1
conn=0 lane=0 stream=0 failed=0 pending=0 inflight_count=46 inflight_slots=46 req_prod=2234717 req_cons=2234697 req_used=20 comp_prod=2234671 comp_cons=2234671 comp_ready=0 next_comp_sequence=2234160 next_req_slot=349 next_req_slot_busy=0 payload_free_slots=2554 payload_lease_hwm=0 request_wake_armed=0 completion_wake_armed=0 request_publishes=2234717 request_kicks=4 completion_kicks=4 has_capacity=1
conn=1 lane=1 stream=0 failed=0 pending=0 inflight_count=59 inflight_slots=59 req_prod=2230369 req_cons=2230329 req_used=40 comp_prod=2230310 comp_cons=2230310 comp_ready=0 next_comp_sequence=2229799 next_req_slot=97 next_req_slot_busy=0 payload_free_slots=2537 payload_lease_hwm=0 request_wake_armed=0 completion_wake_armed=0 request_publishes=2230369 request_kicks=1 completion_kicks=7 has_capacity=1
timestamp_ns=1784168441789054533
online=1 transport=shm total_conns=2 active_conns=2
shm=1 daemon_online=1 daemon_generation=1 global_submit_sequence=4523249 ring_entries=512 payload_entries=8192 transfer_payload_slots=1
conn=0 lane=0 stream=0 failed=0 pending=0 inflight_count=35 inflight_slots=35 req_prod=2264054 req_cons=2264034 req_used=20 comp_prod=2264019 comp_cons=2264019 comp_ready=0 next_comp_sequence=2263508 next_req_slot=502 next_req_slot_busy=0 payload_free_slots=2561 payload_lease_hwm=0 request_wake_armed=0 completion_wake_armed=0 request_publishes=2264054 request_kicks=4 completion_kicks=4 has_capacity=1
conn=1 lane=1 stream=0 failed=0 pending=0 inflight_count=64 inflight_slots=64 req_prod=2259195 req_cons=2259155 req_used=40 comp_prod=2259131 comp_cons=2259131 comp_ready=0 next_comp_sequence=2258620 next_req_slot=251 next_req_slot_busy=0 payload_free_slots=2539 payload_lease_hwm=0 request_wake_armed=0 completion_wake_armed=0 request_publishes=2259195 request_kicks=1 completion_kicks=7 has_capacity=1
timestamp_ns=1784168441901546266
online=1 transport=shm total_conns=2 active_conns=2
shm=1 daemon_online=1 daemon_generation=1 global_submit_sequence=4579994 ring_entries=512 payload_entries=8192 transfer_payload_slots=1
conn=0 lane=0 stream=0 failed=0 pending=0 inflight_count=35 inflight_slots=36 req_prod=2292310 req_cons=2292310 req_used=0 comp_prod=2292292 comp_cons=2292274 comp_ready=18 next_comp_sequence=2292275 next_req_slot=86 next_req_slot_busy=0 payload_free_slots=2575 payload_lease_hwm=0 request_wake_armed=0 completion_wake_armed=0 request_publishes=2292310 request_kicks=4 completion_kicks=4 has_capacity=1
conn=1 lane=1 stream=0 failed=0 pending=0 inflight_count=13 inflight_slots=14 req_prod=2287684 req_cons=2287684 req_used=0 comp_prod=2287672 comp_cons=2287669 comp_ready=3 next_comp_sequence=2287670 next_req_slot=68 next_req_slot_busy=0 payload_free_slots=2573 payload_lease_hwm=0 request_wake_armed=0 completion_wake_armed=0 request_publishes=2287684 request_kicks=1 completion_kicks=7 has_capacity=1
timestamp_ns=1784168442009816632
online=1 transport=shm total_conns=2 active_conns=2
shm=1 daemon_online=1 daemon_generation=1 global_submit_sequence=4636297 ring_entries=512 payload_entries=8192 transfer_payload_slots=1
conn=0 lane=0 stream=0 failed=0 pending=0 inflight_count=63 inflight_slots=63 req_prod=2320863 req_cons=2320823 req_used=40 comp_prod=2320800 comp_cons=2320800 comp_ready=0 next_comp_sequence=2320289 next_req_slot=479 next_req_slot_busy=0 payload_free_slots=2541 payload_lease_hwm=0 request_wake_armed=0 completion_wake_armed=0 request_publishes=2320863 request_kicks=4 completion_kicks=4 has_capacity=1
conn=1 lane=1 stream=0 failed=0 pending=0 inflight_count=29 inflight_slots=29 req_prod=2315434 req_cons=2315423 req_used=11 comp_prod=2315405 comp_cons=2315405 comp_ready=0 next_comp_sequence=2314894 next_req_slot=170 next_req_slot_busy=0 payload_free_slots=2577 payload_lease_hwm=0 request_wake_armed=0 completion_wake_armed=0 request_publishes=2315434 request_kicks=1 completion_kicks=7 has_capacity=1
timestamp_ns=1784168442117982088
online=1 transport=shm total_conns=2 active_conns=2
shm=1 daemon_online=1 daemon_generation=1 global_submit_sequence=4693194 ring_entries=512 payload_entries=8192 transfer_payload_slots=1
conn=0 lane=0 stream=0 failed=0 pending=0 inflight_count=10 inflight_slots=10 req_prod=2349465 req_cons=2349465 req_used=0 comp_prod=2349455 comp_cons=2349455 comp_ready=0 next_comp_sequence=2348944 next_req_slot=409 next_req_slot_busy=0 payload_free_slots=2572 payload_lease_hwm=0 request_wake_armed=0 completion_wake_armed=0 request_publishes=2349465 request_kicks=4 completion_kicks=4 has_capacity=1
conn=1 lane=1 stream=0 failed=0 pending=9 inflight_count=39 inflight_slots=39 req_prod=2343735 req_cons=2343725 req_used=10 comp_prod=2343698 comp_cons=2343698 comp_ready=0 next_comp_sequence=2343187 next_req_slot=311 next_req_slot_busy=1 payload_free_slots=2555 payload_lease_hwm=0 request_wake_armed=0 completion_wake_armed=0 request_publishes=2343737 request_kicks=1 completion_kicks=7 has_capacity=1
timestamp_ns=1784168442226118008
online=1 transport=shm total_conns=2 active_conns=2
shm=1 daemon_online=1 daemon_generation=1 global_submit_sequence=4749674 ring_entries=512 payload_entries=8192 transfer_payload_slots=1
conn=0 lane=0 stream=0 failed=0 pending=0 inflight_count=64 inflight_slots=64 req_prod=2377618 req_cons=2377578 req_used=40 comp_prod=2377554 comp_cons=2377554 comp_ready=0 next_comp_sequence=2377043 next_req_slot=402 next_req_slot_busy=0 payload_free_slots=2528 payload_lease_hwm=0 request_wake_armed=0 completion_wake_armed=0 request_publishes=2377618 request_kicks=4 completion_kicks=4 has_capacity=1
conn=1 lane=1 stream=0 failed=0 pending=0 inflight_count=19 inflight_slots=19 req_prod=2372056 req_cons=2372056 req_used=0 comp_prod=2372042 comp_cons=2372035 comp_ready=7 next_comp_sequence=2372036 next_req_slot=472 next_req_slot_busy=0 payload_free_slots=2571 payload_lease_hwm=0 request_wake_armed=0 completion_wake_armed=0 request_publishes=2372056 request_kicks=1 completion_kicks=7 has_capacity=1
timestamp_ns=1784168442334220208
online=1 transport=shm total_conns=2 active_conns=2
shm=1 daemon_online=1 daemon_generation=1 global_submit_sequence=4806171 ring_entries=512 payload_entries=8192 transfer_payload_slots=1
conn=0 lane=0 stream=0 failed=0 pending=0 inflight_count=41 inflight_slots=41 req_prod=2405458 req_cons=2405447 req_used=11 comp_prod=2405432 comp_cons=2405416 comp_ready=16 next_comp_sequence=2405417 next_req_slot=82 next_req_slot_busy=0 payload_free_slots=2560 payload_lease_hwm=0 request_wake_armed=0 completion_wake_armed=0 request_publishes=2405458 request_kicks=4 completion_kicks=4 has_capacity=1
conn=1 lane=1 stream=0 failed=0 pending=0 inflight_count=57 inflight_slots=57 req_prod=2400713 req_cons=2400706 req_used=7 comp_prod=2400669 comp_cons=2400655 comp_ready=14 next_comp_sequence=2400656 next_req_slot=457 next_req_slot_busy=0 payload_free_slots=2567 payload_lease_hwm=0 request_wake_armed=0 completion_wake_armed=0 request_publishes=2400713 request_kicks=1 completion_kicks=7 has_capacity=1
timestamp_ns=1784168442442416834
online=1 transport=shm total_conns=2 active_conns=2
shm=1 daemon_online=1 daemon_generation=1 global_submit_sequence=4862466 ring_entries=512 payload_entries=8192 transfer_payload_slots=1
conn=0 lane=0 stream=0 failed=0 pending=2 inflight_count=63 inflight_slots=62 req_prod=2433329 req_cons=2433317 req_used=12 comp_prod=2433295 comp_cons=2433268 comp_ready=27 next_comp_sequence=2433269 next_req_slot=305 next_req_slot_busy=1 payload_free_slots=2547 payload_lease_hwm=0 request_wake_armed=0 completion_wake_armed=0 request_publishes=2433330 request_kicks=4 completion_kicks=4 has_capacity=0
conn=1 lane=1 stream=0 failed=0 pending=0 inflight_count=41 inflight_slots=41 req_prod=2429138 req_cons=2429118 req_used=20 comp_prod=2429097 comp_cons=2429097 comp_ready=0 next_comp_sequence=2428586 next_req_slot=210 next_req_slot_busy=0 payload_free_slots=2554 payload_lease_hwm=0 request_wake_armed=0 completion_wake_armed=0 request_publishes=2429138 request_kicks=1 completion_kicks=7 has_capacity=1
timestamp_ns=1784168442550515655
online=1 transport=shm total_conns=2 active_conns=2
shm=1 daemon_online=1 daemon_generation=1 global_submit_sequence=4918573 ring_entries=512 payload_entries=8192 transfer_payload_slots=1
conn=0 lane=0 stream=0 failed=0 pending=13 inflight_count=24 inflight_slots=24 req_prod=2461434 req_cons=2461428 req_used=6 comp_prod=2461411 comp_cons=2461411 comp_ready=0 next_comp_sequence=2460900 next_req_slot=250 next_req_slot_busy=1 payload_free_slots=2566 payload_lease_hwm=0 request_wake_armed=0 completion_wake_armed=0 request_publishes=2461435 request_kicks=4 completion_kicks=4 has_capacity=0
conn=1 lane=1 stream=0 failed=0 pending=0 inflight_count=34 inflight_slots=34 req_prod=2457139 req_cons=2457119 req_used=20 comp_prod=2457105 comp_cons=2457105 comp_ready=0 next_comp_sequence=2456594 next_req_slot=51 next_req_slot_busy=0 payload_free_slots=2569 payload_lease_hwm=0 request_wake_armed=0 completion_wake_armed=0 request_publishes=2457139 request_kicks=1 completion_kicks=7 has_capacity=1
timestamp_ns=1784168442658663893
online=1 transport=shm total_conns=2 active_conns=2
shm=1 daemon_online=1 daemon_generation=1 global_submit_sequence=4974415 ring_entries=512 payload_entries=8192 transfer_payload_slots=1
conn=0 lane=0 stream=0 failed=0 pending=11 inflight_count=39 inflight_slots=38 req_prod=2489412 req_cons=2489404 req_used=8 comp_prod=2489375 comp_cons=2489375 comp_ready=0 next_comp_sequence=2488864 next_req_slot=68 next_req_slot_busy=1 payload_free_slots=2552 payload_lease_hwm=0 request_wake_armed=0 completion_wake_armed=0 request_publishes=2489414 request_kicks=4 completion_kicks=4 has_capacity=1
conn=1 lane=1 stream=0 failed=0 pending=0 inflight_count=35 inflight_slots=35 req_prod=2485004 req_cons=2484984 req_used=20 comp_prod=2484969 comp_cons=2484969 comp_ready=0 next_comp_sequence=2484458 next_req_slot=268 next_req_slot_busy=0 payload_free_slots=2549 payload_lease_hwm=0 request_wake_armed=0 completion_wake_armed=0 request_publishes=2485004 request_kicks=1 completion_kicks=7 has_capacity=1
timestamp_ns=1784168442766823540
online=1 transport=shm total_conns=2 active_conns=2
shm=1 daemon_online=1 daemon_generation=1 global_submit_sequence=5030902 ring_entries=512 payload_entries=8192 transfer_payload_slots=1
conn=0 lane=0 stream=0 failed=0 pending=0 inflight_count=47 inflight_slots=47 req_prod=2517901 req_cons=2517881 req_used=20 comp_prod=2517854 comp_cons=2517854 comp_ready=0 next_comp_sequence=2517343 next_req_slot=397 next_req_slot_busy=0 payload_free_slots=2557 payload_lease_hwm=0 request_wake_armed=0 completion_wake_armed=0 request_publishes=2517901 request_kicks=4 completion_kicks=4 has_capacity=1
conn=1 lane=1 stream=0 failed=0 pending=0 inflight_count=54 inflight_slots=55 req_prod=2513001 req_cons=2512993 req_used=8 comp_prod=2512954 comp_cons=2512945 comp_ready=9 next_comp_sequence=2512946 next_req_slot=105 next_req_slot_busy=0 payload_free_slots=2569 payload_lease_hwm=0 request_wake_armed=0 completion_wake_armed=0 request_publishes=2513001 request_kicks=1 completion_kicks=7 has_capacity=1
timestamp_ns=1784168442874907956
online=1 transport=shm total_conns=2 active_conns=2
shm=1 daemon_online=1 daemon_generation=1 global_submit_sequence=5086988 ring_entries=512 payload_entries=8192 transfer_payload_slots=1
conn=0 lane=0 stream=0 failed=0 pending=0 inflight_count=39 inflight_slots=39 req_prod=2546715 req_cons=2546715 req_used=0 comp_prod=2546696 comp_cons=2546676 comp_ready=20 next_comp_sequence=2546677 next_req_slot=27 next_req_slot_busy=0 payload_free_slots=2571 payload_lease_hwm=0 request_wake_armed=0 completion_wake_armed=0 request_publishes=2546715 request_kicks=4 completion_kicks=4 has_capacity=1
conn=1 lane=1 stream=0 failed=0 pending=0 inflight_count=36 inflight_slots=36 req_prod=2540273 req_cons=2540253 req_used=20 comp_prod=2540237 comp_cons=2540237 comp_ready=0 next_comp_sequence=2539726 next_req_slot=241 next_req_slot_busy=0 payload_free_slots=2555 payload_lease_hwm=0 request_wake_armed=0 completion_wake_armed=0 request_publishes=2540273 request_kicks=1 completion_kicks=7 has_capacity=1
timestamp_ns=1784168442982991658
online=1 transport=shm total_conns=2 active_conns=2
shm=1 daemon_online=1 daemon_generation=1 global_submit_sequence=5143312 ring_entries=512 payload_entries=8192 transfer_payload_slots=1
conn=0 lane=0 stream=0 failed=0 pending=0 inflight_count=44 inflight_slots=44 req_prod=2575018 req_cons=2574998 req_used=20 comp_prod=2574974 comp_cons=2574974 comp_ready=0 next_comp_sequence=2574463 next_req_slot=170 next_req_slot_busy=0 payload_free_slots=2556 payload_lease_hwm=0 request_wake_armed=0 completion_wake_armed=0 request_publishes=2575018 request_kicks=4 completion_kicks=4 has_capacity=1
conn=1 lane=1 stream=0 failed=0 pending=0 inflight_count=24 inflight_slots=24 req_prod=2568294 req_cons=2568287 req_used=7 comp_prod=2568270 comp_cons=2568270 comp_ready=0 next_comp_sequence=2567759 next_req_slot=102 next_req_slot_busy=0 payload_free_slots=2573 payload_lease_hwm=0 request_wake_armed=0 completion_wake_armed=0 request_publishes=2568294 request_kicks=1 completion_kicks=7 has_capacity=1
timestamp_ns=1784168443091173694
online=1 transport=shm total_conns=2 active_conns=2
shm=1 daemon_online=1 daemon_generation=1 global_submit_sequence=5200177 ring_entries=512 payload_entries=8192 transfer_payload_slots=1
conn=0 lane=0 stream=0 failed=0 pending=0 inflight_count=44 inflight_slots=44 req_prod=2603319 req_cons=2603319 req_used=0 comp_prod=2603298 comp_cons=2603274 comp_ready=24 next_comp_sequence=2603275 next_req_slot=311 next_req_slot_busy=0 payload_free_slots=2580 payload_lease_hwm=0 request_wake_armed=0 completion_wake_armed=0 request_publishes=2603319 request_kicks=4 completion_kicks=4 has_capacity=1
conn=1 lane=1 stream=0 failed=0 pending=0 inflight_count=58 inflight_slots=58 req_prod=2596858 req_cons=2596818 req_used=40 comp_prod=2596800 comp_cons=2596800 comp_ready=0 next_comp_sequence=2596289 next_req_slot=506 next_req_slot_busy=0 payload_free_slots=2530 payload_lease_hwm=0 request_wake_armed=0 completion_wake_armed=0 request_publishes=2596858 request_kicks=1 completion_kicks=7 has_capacity=1
timestamp_ns=1784168443200043455
online=1 transport=shm total_conns=2 active_conns=2
shm=1 daemon_online=1 daemon_generation=1 global_submit_sequence=5255819 ring_entries=512 payload_entries=8192 transfer_payload_slots=1
conn=0 lane=0 stream=0 failed=0 pending=15 inflight_count=14 inflight_slots=14 req_prod=2630954 req_cons=2630950 req_used=4 comp_prod=2630941 comp_cons=2630941 comp_ready=0 next_comp_sequence=2630430 next_req_slot=298 next_req_slot_busy=1 payload_free_slots=2563 payload_lease_hwm=0 request_wake_armed=0 completion_wake_armed=0 request_publishes=2630955 request_kicks=4 completion_kicks=4 has_capacity=1
conn=1 lane=1 stream=0 failed=0 pending=0 inflight_count=44 inflight_slots=44 req_prod=2624866 req_cons=2624846 req_used=20 comp_prod=2624822 comp_cons=2624822 comp_ready=0 next_comp_sequence=2624311 next_req_slot=354 next_req_slot_busy=0 payload_free_slots=2545 payload_lease_hwm=0 request_wake_armed=0 completion_wake_armed=0 request_publishes=2624866 request_kicks=1 completion_kicks=7 has_capacity=1
timestamp_ns=1784168443308156501
online=1 transport=shm total_conns=2 active_conns=2
shm=1 daemon_online=1 daemon_generation=1 global_submit_sequence=5312460 ring_entries=512 payload_entries=8192 transfer_payload_slots=1
conn=0 lane=0 stream=0 failed=0 pending=0 inflight_count=25 inflight_slots=25 req_prod=2658695 req_cons=2658695 req_used=0 comp_prod=2658670 comp_cons=2658670 comp_ready=0 next_comp_sequence=2658159 next_req_slot=391 next_req_slot_busy=0 payload_free_slots=2562 payload_lease_hwm=0 request_wake_armed=0 completion_wake_armed=0 request_publishes=2658695 request_kicks=4 completion_kicks=4 has_capacity=1
conn=1 lane=1 stream=0 failed=0 pending=0 inflight_count=46 inflight_slots=48 req_prod=2653765 req_cons=2653765 req_used=0 comp_prod=2653744 comp_cons=2653717 comp_ready=27 next_comp_sequence=2653718 next_req_slot=69 next_req_slot_busy=0 payload_free_slots=2573 payload_lease_hwm=0 request_wake_armed=0 completion_wake_armed=0 request_publishes=2653765 request_kicks=1 completion_kicks=7 has_capacity=1
timestamp_ns=1784168443417351947
online=1 transport=shm total_conns=2 active_conns=2
shm=1 daemon_online=1 daemon_generation=1 global_submit_sequence=5368791 ring_entries=512 payload_entries=8192 transfer_payload_slots=1
conn=0 lane=0 stream=0 failed=0 pending=0 inflight_count=44 inflight_slots=44 req_prod=2687129 req_cons=2687110 req_used=19 comp_prod=2687085 comp_cons=2687085 comp_ready=0 next_comp_sequence=2686574 next_req_slot=153 next_req_slot_busy=0 payload_free_slots=2552 payload_lease_hwm=0 request_wake_armed=0 completion_wake_armed=0 request_publishes=2687129 request_kicks=4 completion_kicks=4 has_capacity=1
conn=1 lane=1 stream=0 failed=0 pending=0 inflight_count=59 inflight_slots=59 req_prod=2681662 req_cons=2681622 req_used=40 comp_prod=2681603 comp_cons=2681603 comp_ready=0 next_comp_sequence=2681092 next_req_slot=318 next_req_slot_busy=0 payload_free_slots=2539 payload_lease_hwm=0 request_wake_armed=0 completion_wake_armed=0 request_publishes=2681662 request_kicks=1 completion_kicks=7 has_capacity=1
timestamp_ns=1784168443525368214
online=1 transport=shm total_conns=2 active_conns=2
shm=1 daemon_online=1 daemon_generation=1 global_submit_sequence=5425007 ring_entries=512 payload_entries=8192 transfer_payload_slots=1
conn=0 lane=0 stream=0 failed=0 pending=0 inflight_count=42 inflight_slots=43 req_prod=2715577 req_cons=2715560 req_used=17 comp_prod=2715543 comp_cons=2715534 comp_ready=9 next_comp_sequence=2715535 next_req_slot=441 next_req_slot_busy=1 payload_free_slots=2566 payload_lease_hwm=0 request_wake_armed=0 completion_wake_armed=0 request_publishes=2715578 request_kicks=4 completion_kicks=4 has_capacity=1
conn=1 lane=1 stream=0 failed=0 pending=0 inflight_count=31 inflight_slots=31 req_prod=2709431 req_cons=2709431 req_used=0 comp_prod=2709400 comp_cons=2709400 comp_ready=0 next_comp_sequence=2708889 next_req_slot=439 next_req_slot_busy=0 payload_free_slots=2570 payload_lease_hwm=0 request_wake_armed=0 completion_wake_armed=0 request_publishes=2709431 request_kicks=1 completion_kicks=7 has_capacity=1
timestamp_ns=1784168443633518042
online=1 transport=shm total_conns=2 active_conns=2
shm=1 daemon_online=1 daemon_generation=1 global_submit_sequence=5480634 ring_entries=512 payload_entries=8192 transfer_payload_slots=1
conn=0 lane=0 stream=0 failed=0 pending=0 inflight_count=28 inflight_slots=28 req_prod=2743614 req_cons=2743612 req_used=2 comp_prod=2743586 comp_cons=2743586 comp_ready=0 next_comp_sequence=2743075 next_req_slot=318 next_req_slot_busy=0 payload_free_slots=2568 payload_lease_hwm=0 request_wake_armed=0 completion_wake_armed=0 request_publishes=2743614 request_kicks=4 completion_kicks=4 has_capacity=1
conn=1 lane=1 stream=0 failed=0 pending=0 inflight_count=19 inflight_slots=19 req_prod=2737020 req_cons=2737020 req_used=0 comp_prod=2737001 comp_cons=2737001 comp_ready=0 next_comp_sequence=2736490 next_req_slot=380 next_req_slot_busy=0 payload_free_slots=2563 payload_lease_hwm=0 request_wake_armed=0 completion_wake_armed=0 request_publishes=2737020 request_kicks=1 completion_kicks=7 has_capacity=1
timestamp_ns=1784168443741764401
online=1 transport=shm total_conns=2 active_conns=2
shm=1 daemon_online=1 daemon_generation=1 global_submit_sequence=5536757 ring_entries=512 payload_entries=8192 transfer_payload_slots=1
conn=0 lane=0 stream=0 failed=0 pending=0 inflight_count=62 inflight_slots=62 req_prod=2771982 req_cons=2771942 req_used=40 comp_prod=2771920 comp_cons=2771920 comp_ready=0 next_comp_sequence=2771409 next_req_slot=14 next_req_slot_busy=0 payload_free_slots=2544 payload_lease_hwm=0 request_wake_armed=0 completion_wake_armed=0 request_publishes=2771982 request_kicks=4 completion_kicks=4 has_capacity=1
conn=1 lane=1 stream=0 failed=0 pending=0 inflight_count=21 inflight_slots=21 req_prod=2764775 req_cons=2764772 req_used=3 comp_prod=2764754 comp_cons=2764754 comp_ready=0 next_comp_sequence=2764243 next_req_slot=487 next_req_slot_busy=0 payload_free_slots=2579 payload_lease_hwm=0 request_wake_armed=0 completion_wake_armed=0 request_publishes=2764775 request_kicks=1 completion_kicks=7 has_capacity=1
timestamp_ns=1784168443849895670
online=1 transport=shm total_conns=2 active_conns=2
shm=1 daemon_online=1 daemon_generation=1 global_submit_sequence=5593563 ring_entries=512 payload_entries=8192 transfer_payload_slots=1
conn=0 lane=0 stream=0 failed=0 pending=7 inflight_count=49 inflight_slots=49 req_prod=2800695 req_cons=2800664 req_used=31 comp_prod=2800648 comp_cons=2800648 comp_ready=0 next_comp_sequence=2800137 next_req_slot=55 next_req_slot_busy=1 payload_free_slots=2541 payload_lease_hwm=0 request_wake_armed=0 completion_wake_armed=0 request_publishes=2800697 request_kicks=4 completion_kicks=4 has_capacity=1
conn=1 lane=1 stream=0 failed=0 pending=0 inflight_count=17 inflight_slots=17 req_prod=2792868 req_cons=2792868 req_used=0 comp_prod=2792851 comp_cons=2792851 comp_ready=0 next_comp_sequence=2792340 next_req_slot=420 next_req_slot_busy=0 payload_free_slots=2575 payload_lease_hwm=0 request_wake_armed=0 completion_wake_armed=0 request_publishes=2792868 request_kicks=1 completion_kicks=7 has_capacity=1
timestamp_ns=1784168443958727338
online=1 transport=shm total_conns=2 active_conns=2
shm=1 daemon_online=1 daemon_generation=1 global_submit_sequence=5650564 ring_entries=512 payload_entries=8192 transfer_payload_slots=1
conn=0 lane=0 stream=0 failed=0 pending=6 inflight_count=38 inflight_slots=37 req_prod=2829136 req_cons=2829123 req_used=13 comp_prod=2829100 comp_cons=2829100 comp_ready=0 next_comp_sequence=2828589 next_req_slot=336 next_req_slot_busy=1 payload_free_slots=2561 payload_lease_hwm=0 request_wake_armed=0 completion_wake_armed=0 request_publishes=2829138 request_kicks=4 completion_kicks=4 has_capacity=1
conn=1 lane=1 stream=0 failed=0 pending=1 inflight_count=63 inflight_slots=62 req_prod=2821432 req_cons=2821430 req_used=2 comp_prod=2821411 comp_cons=2821370 comp_ready=41 next_comp_sequence=2821371 next_req_slot=312 next_req_slot_busy=1 payload_free_slots=2558 payload_lease_hwm=0 request_wake_armed=0 completion_wake_armed=0 request_publishes=2821433 request_kicks=1 completion_kicks=7 has_capacity=1
timestamp_ns=1784168444068032478
online=1 transport=shm total_conns=2 active_conns=2
shm=1 daemon_online=1 daemon_generation=1 global_submit_sequence=5707077 ring_entries=512 payload_entries=8192 transfer_payload_slots=1
conn=0 lane=0 stream=0 failed=0 pending=17 inflight_count=25 inflight_slots=24 req_prod=2857559 req_cons=2857558 req_used=1 comp_prod=2857536 comp_cons=2857536 comp_ready=0 next_comp_sequence=2857025 next_req_slot=87 next_req_slot_busy=1 payload_free_slots=2559 payload_lease_hwm=0 request_wake_armed=0 completion_wake_armed=0 request_publishes=2857560 request_kicks=4 completion_kicks=4 has_capacity=0
conn=1 lane=1 stream=0 failed=0 pending=4 inflight_count=44 inflight_slots=44 req_prod=2849522 req_cons=2849507 req_used=15 comp_prod=2849488 comp_cons=2849479 comp_ready=9 next_comp_sequence=2849480 next_req_slot=242 next_req_slot_busy=1 payload_free_slots=2558 payload_lease_hwm=0 request_wake_armed=0 completion_wake_armed=0 request_publishes=2849523 request_kicks=1 completion_kicks=7 has_capacity=1
timestamp_ns=1784168444176397915
online=1 transport=shm total_conns=2 active_conns=2
shm=1 daemon_online=1 daemon_generation=1 global_submit_sequence=5763439 ring_entries=512 payload_entries=8192 transfer_payload_slots=1
conn=0 lane=0 stream=0 failed=0 pending=0 inflight_count=62 inflight_slots=62 req_prod=2886176 req_cons=2886136 req_used=40 comp_prod=2886114 comp_cons=2886114 comp_ready=0 next_comp_sequence=2885603 next_req_slot=32 next_req_slot_busy=0 payload_free_slots=2539 payload_lease_hwm=0 request_wake_armed=0 completion_wake_armed=0 request_publishes=2886176 request_kicks=4 completion_kicks=4 has_capacity=1
conn=1 lane=1 stream=0 failed=0 pending=0 inflight_count=38 inflight_slots=38 req_prod=2877263 req_cons=2877243 req_used=20 comp_prod=2877225 comp_cons=2877225 comp_ready=0 next_comp_sequence=2876714 next_req_slot=335 next_req_slot_busy=0 payload_free_slots=2548 payload_lease_hwm=0 request_wake_armed=0 completion_wake_armed=0 request_publishes=2877263 request_kicks=1 completion_kicks=7 has_capacity=1
timestamp_ns=1784168444284538104
online=1 transport=shm total_conns=2 active_conns=2
shm=1 daemon_online=1 daemon_generation=1 global_submit_sequence=5819815 ring_entries=512 payload_entries=8192 transfer_payload_slots=1
conn=0 lane=0 stream=0 failed=0 pending=0 inflight_count=53 inflight_slots=55 req_prod=2914477 req_cons=2914444 req_used=33 comp_prod=2914437 comp_cons=2914421 comp_ready=16 next_comp_sequence=2914422 next_req_slot=173 next_req_slot_busy=0 payload_free_slots=2567 payload_lease_hwm=0 request_wake_armed=0 completion_wake_armed=0 request_publishes=2914477 request_kicks=4 completion_kicks=4 has_capacity=1
conn=1 lane=1 stream=0 failed=0 pending=0 inflight_count=23 inflight_slots=24 req_prod=2905338 req_cons=2905338 req_used=0 comp_prod=2905320 comp_cons=2905312 comp_ready=8 next_comp_sequence=2905313 next_req_slot=250 next_req_slot_busy=0 payload_free_slots=2565 payload_lease_hwm=0 request_wake_armed=0 completion_wake_armed=0 request_publishes=2905338 request_kicks=1 completion_kicks=7 has_capacity=1
timestamp_ns=1784168444392669424
online=1 transport=shm total_conns=2 active_conns=2
shm=1 daemon_online=1 daemon_generation=1 global_submit_sequence=5876277 ring_entries=512 payload_entries=8192 transfer_payload_slots=1
conn=0 lane=0 stream=0 failed=0 pending=0 inflight_count=64 inflight_slots=64 req_prod=2942513 req_cons=2942473 req_used=40 comp_prod=2942449 comp_cons=2942449 comp_ready=0 next_comp_sequence=2941938 next_req_slot=49 next_req_slot_busy=0 payload_free_slots=2541 payload_lease_hwm=0 request_wake_armed=0 completion_wake_armed=0 request_publishes=2942513 request_kicks=4 completion_kicks=4 has_capacity=1
conn=1 lane=1 stream=0 failed=0 pending=0 inflight_count=64 inflight_slots=64 req_prod=2933764 req_cons=2933729 req_used=35 comp_prod=2933700 comp_cons=2933700 comp_ready=0 next_comp_sequence=2933189 next_req_slot=4 next_req_slot_busy=0 payload_free_slots=2535 payload_lease_hwm=0 request_wake_armed=0 completion_wake_armed=0 request_publishes=2933764 request_kicks=1 completion_kicks=7 has_capacity=1
timestamp_ns=1784168444500773377
online=1 transport=shm total_conns=2 active_conns=2
shm=1 daemon_online=1 daemon_generation=1 global_submit_sequence=5933151 ring_entries=512 payload_entries=8192 transfer_payload_slots=1
conn=0 lane=0 stream=0 failed=0 pending=0 inflight_count=45 inflight_slots=45 req_prod=2971148 req_cons=2971128 req_used=20 comp_prod=2971103 comp_cons=2971103 comp_ready=0 next_comp_sequence=2970592 next_req_slot=12 next_req_slot_busy=0 payload_free_slots=2557 payload_lease_hwm=0 request_wake_armed=0 completion_wake_armed=0 request_publishes=2971148 request_kicks=4 completion_kicks=4 has_capacity=1
conn=1 lane=1 stream=0 failed=0 pending=0 inflight_count=31 inflight_slots=31 req_prod=2962003 req_cons=2961998 req_used=5 comp_prod=2961972 comp_cons=2961972 comp_ready=0 next_comp_sequence=2961461 next_req_slot=83 next_req_slot_busy=0 payload_free_slots=2562 payload_lease_hwm=0 request_wake_armed=0 completion_wake_armed=0 request_publishes=2962003 request_kicks=1 completion_kicks=7 has_capacity=1
timestamp_ns=1784168444608961755
online=1 transport=shm total_conns=2 active_conns=2
shm=1 daemon_online=1 daemon_generation=1 global_submit_sequence=5988938 ring_entries=512 payload_entries=8192 transfer_payload_slots=1
conn=0 lane=0 stream=0 failed=0 pending=0 inflight_count=27 inflight_slots=27 req_prod=2999296 req_cons=2999296 req_used=0 comp_prod=2999269 comp_cons=2999269 comp_ready=0 next_comp_sequence=2998758 next_req_slot=0 next_req_slot_busy=0 payload_free_slots=2565 payload_lease_hwm=0 request_wake_armed=0 completion_wake_armed=0 request_publishes=2999296 request_kicks=4 completion_kicks=4 has_capacity=1
conn=1 lane=1 stream=0 failed=0 pending=0 inflight_count=30 inflight_slots=30 req_prod=2989642 req_cons=2989630 req_used=12 comp_prod=2989612 comp_cons=2989612 comp_ready=0 next_comp_sequence=2989101 next_req_slot=74 next_req_slot_busy=0 payload_free_slots=2575 payload_lease_hwm=0 request_wake_armed=0 completion_wake_armed=0 request_publishes=2989642 request_kicks=1 completion_kicks=7 has_capacity=1
timestamp_ns=1784168444717037444
online=1 transport=shm total_conns=2 active_conns=2
shm=1 daemon_online=1 daemon_generation=1 global_submit_sequence=6045103 ring_entries=512 payload_entries=8192 transfer_payload_slots=1
conn=0 lane=0 stream=0 failed=0 pending=0 inflight_count=54 inflight_slots=54 req_prod=3027384 req_cons=3027344 req_used=40 comp_prod=3027330 comp_cons=3027330 comp_ready=0 next_comp_sequence=3026819 next_req_slot=440 next_req_slot_busy=0 payload_free_slots=2549 payload_lease_hwm=0 request_wake_armed=0 completion_wake_armed=0 request_publishes=3027384 request_kicks=4 completion_kicks=4 has_capacity=1
conn=1 lane=1 stream=0 failed=0 pending=0 inflight_count=33 inflight_slots=34 req_prod=3017719 req_cons=3017715 req_used=4 comp_prod=3017686 comp_cons=3017684 comp_ready=2 next_comp_sequence=3017685 next_req_slot=503 next_req_slot_busy=0 payload_free_slots=2565 payload_lease_hwm=0 request_wake_armed=0 completion_wake_armed=0 request_publishes=3017719 request_kicks=1 completion_kicks=7 has_capacity=1
timestamp_ns=1784168444825205056
online=1 transport=shm total_conns=2 active_conns=2
shm=1 daemon_online=1 daemon_generation=1 global_submit_sequence=6101188 ring_entries=512 payload_entries=8192 transfer_payload_slots=1
conn=0 lane=0 stream=0 failed=0 pending=10 inflight_count=28 inflight_slots=28 req_prod=3055983 req_cons=3055974 req_used=9 comp_prod=3055956 comp_cons=3055956 comp_ready=0 next_comp_sequence=3055445 next_req_slot=367 next_req_slot_busy=1 payload_free_slots=2569 payload_lease_hwm=0 request_wake_armed=0 completion_wake_armed=0 request_publishes=3055984 request_kicks=4 completion_kicks=4 has_capacity=0
conn=1 lane=1 stream=0 failed=0 pending=0 inflight_count=19 inflight_slots=19 req_prod=3045205 req_cons=3045205 req_used=0 comp_prod=3045186 comp_cons=3045186 comp_ready=0 next_comp_sequence=3044675 next_req_slot=341 next_req_slot_busy=0 payload_free_slots=2569 payload_lease_hwm=0 request_wake_armed=0 completion_wake_armed=0 request_publishes=3045205 request_kicks=1 completion_kicks=7 has_capacity=1
timestamp_ns=1784168444933314524
online=1 transport=shm total_conns=2 active_conns=2
shm=1 daemon_online=1 daemon_generation=1 global_submit_sequence=6157308 ring_entries=512 payload_entries=8192 transfer_payload_slots=1
conn=0 lane=0 stream=0 failed=0 pending=5 inflight_count=42 inflight_slots=42 req_prod=3084256 req_cons=3084225 req_used=31 comp_prod=3084214 comp_cons=3084214 comp_ready=0 next_comp_sequence=3083703 next_req_slot=480 next_req_slot_busy=0 payload_free_slots=2550 payload_lease_hwm=0 request_wake_armed=0 completion_wake_armed=0 request_publishes=3084256 request_kicks=4 completion_kicks=4 has_capacity=1
conn=1 lane=1 stream=0 failed=0 pending=0 inflight_count=15 inflight_slots=15 req_prod=3073053 req_cons=3073053 req_used=0 comp_prod=3073038 comp_cons=3073038 comp_ready=0 next_comp_sequence=3072527 next_req_slot=29 next_req_slot_busy=0 payload_free_slots=2588 payload_lease_hwm=0 request_wake_armed=0 completion_wake_armed=0 request_publishes=3073053 request_kicks=1 completion_kicks=7 has_capacity=1
timestamp_ns=1784168445041526263
online=1 transport=shm total_conns=2 active_conns=2
shm=1 daemon_online=1 daemon_generation=1 global_submit_sequence=6214209 ring_entries=512 payload_entries=8192 transfer_payload_slots=1
conn=0 lane=0 stream=0 failed=0 pending=0 inflight_count=62 inflight_slots=62 req_prod=3112715 req_cons=3112676 req_used=39 comp_prod=3112667 comp_cons=3112652 comp_ready=15 next_comp_sequence=3112653 next_req_slot=267 next_req_slot_busy=0 payload_free_slots=2562 payload_lease_hwm=0 request_wake_armed=0 completion_wake_armed=0 request_publishes=3112715 request_kicks=4 completion_kicks=4 has_capacity=1
conn=1 lane=1 stream=0 failed=0 pending=0 inflight_count=38 inflight_slots=38 req_prod=3101494 req_cons=3101474 req_used=20 comp_prod=3101456 comp_cons=3101456 comp_ready=0 next_comp_sequence=3100945 next_req_slot=310 next_req_slot_busy=0 payload_free_slots=2568 payload_lease_hwm=0 request_wake_armed=0 completion_wake_armed=0 request_publishes=3101494 request_kicks=1 completion_kicks=7 has_capacity=1
timestamp_ns=1784168445149671996
online=1 transport=shm total_conns=2 active_conns=2
shm=1 daemon_online=1 daemon_generation=1 global_submit_sequence=6270365 ring_entries=512 payload_entries=8192 transfer_payload_slots=1
conn=0 lane=0 stream=0 failed=0 pending=0 inflight_count=42 inflight_slots=42 req_prod=3141086 req_cons=3141084 req_used=2 comp_prod=3141044 comp_cons=3141044 comp_ready=0 next_comp_sequence=3140533 next_req_slot=478 next_req_slot_busy=0 payload_free_slots=2560 payload_lease_hwm=0 request_wake_armed=0 completion_wake_armed=0 request_publishes=3141086 request_kicks=4 completion_kicks=4 has_capacity=1
conn=1 lane=1 stream=0 failed=0 pending=0 inflight_count=41 inflight_slots=41 req_prod=3129279 req_cons=3129263 req_used=16 comp_prod=3129238 comp_cons=3129238 comp_ready=0 next_comp_sequence=3128727 next_req_slot=447 next_req_slot_busy=0 payload_free_slots=2562 payload_lease_hwm=0 request_wake_armed=0 completion_wake_armed=0 request_publishes=3129279 request_kicks=1 completion_kicks=7 has_capacity=1
timestamp_ns=1784168445257772852
online=1 transport=shm total_conns=2 active_conns=2
shm=1 daemon_online=1 daemon_generation=1 global_submit_sequence=6326939 ring_entries=512 payload_entries=8192 transfer_payload_slots=1
conn=0 lane=0 stream=0 failed=0 pending=0 inflight_count=21 inflight_slots=24 req_prod=3169322 req_cons=3169322 req_used=0 comp_prod=3169307 comp_cons=3169297 comp_ready=10 next_comp_sequence=3169298 next_req_slot=42 next_req_slot_busy=0 payload_free_slots=2585 payload_lease_hwm=0 request_wake_armed=0 completion_wake_armed=0 request_publishes=3169322 request_kicks=4 completion_kicks=4 has_capacity=1
conn=1 lane=1 stream=0 failed=0 pending=0 inflight_count=36 inflight_slots=36 req_prod=3157617 req_cons=3157597 req_used=20 comp_prod=3157581 comp_cons=3157581 comp_ready=0 next_comp_sequence=3157070 next_req_slot=113 next_req_slot_busy=0 payload_free_slots=2565 payload_lease_hwm=0 request_wake_armed=0 completion_wake_armed=0 request_publishes=3157617 request_kicks=1 completion_kicks=7 has_capacity=1
timestamp_ns=1784168445366214999
online=1 transport=shm total_conns=2 active_conns=2
shm=1 daemon_online=1 daemon_generation=1 global_submit_sequence=6383136 ring_entries=512 payload_entries=8192 transfer_payload_slots=1
conn=0 lane=0 stream=0 failed=0 pending=0 inflight_count=29 inflight_slots=29 req_prod=3197789 req_cons=3197783 req_used=6 comp_prod=3197760 comp_cons=3197760 comp_ready=0 next_comp_sequence=3197249 next_req_slot=349 next_req_slot_busy=0 payload_free_slots=2555 payload_lease_hwm=0 request_wake_armed=0 completion_wake_armed=0 request_publishes=3197789 request_kicks=4 completion_kicks=4 has_capacity=1
conn=1 lane=1 stream=0 failed=0 pending=0 inflight_count=63 inflight_slots=63 req_prod=3185347 req_cons=3185307 req_used=40 comp_prod=3185284 comp_cons=3185284 comp_ready=0 next_comp_sequence=3184773 next_req_slot=195 next_req_slot_busy=0 payload_free_slots=2546 payload_lease_hwm=0 request_wake_armed=0 completion_wake_armed=0 request_publishes=3185347 request_kicks=1 completion_kicks=7 has_capacity=1
timestamp_ns=1784168445474383346
online=1 transport=shm total_conns=2 active_conns=2
shm=1 daemon_online=1 daemon_generation=1 global_submit_sequence=6438984 ring_entries=512 payload_entries=8192 transfer_payload_slots=1
conn=0 lane=0 stream=0 failed=0 pending=0 inflight_count=64 inflight_slots=64 req_prod=3225382 req_cons=3225341 req_used=41 comp_prod=3225318 comp_cons=3225318 comp_ready=0 next_comp_sequence=3224807 next_req_slot=294 next_req_slot_busy=0 payload_free_slots=2559 payload_lease_hwm=0 request_wake_armed=0 completion_wake_armed=0 request_publishes=3225382 request_kicks=4 completion_kicks=4 has_capacity=1
conn=1 lane=1 stream=0 failed=0 pending=8 inflight_count=40 inflight_slots=41 req_prod=3213602 req_cons=3213602 req_used=0 comp_prod=3213583 comp_cons=3213558 comp_ready=25 next_comp_sequence=3213559 next_req_slot=290 next_req_slot_busy=0 payload_free_slots=2583 payload_lease_hwm=0 request_wake_armed=0 completion_wake_armed=0 request_publishes=3213602 request_kicks=1 completion_kicks=7 has_capacity=1
timestamp_ns=1784168445582646662
online=1 transport=shm total_conns=2 active_conns=2
shm=1 daemon_online=1 daemon_generation=1 global_submit_sequence=6495177 ring_entries=512 payload_entries=8192 transfer_payload_slots=1
conn=0 lane=0 stream=0 failed=0 pending=17 inflight_count=33 inflight_slots=33 req_prod=3253556 req_cons=3253554 req_used=2 comp_prod=3253525 comp_cons=3253525 comp_ready=0 next_comp_sequence=3253014 next_req_slot=308 next_req_slot_busy=1 payload_free_slots=2564 payload_lease_hwm=0 request_wake_armed=0 completion_wake_armed=0 request_publishes=3253558 request_kicks=4 completion_kicks=4 has_capacity=1
conn=1 lane=1 stream=0 failed=0 pending=5 inflight_count=28 inflight_slots=28 req_prod=3241625 req_cons=3241611 req_used=14 comp_prod=3241598 comp_cons=3241598 comp_ready=0 next_comp_sequence=3241087 next_req_slot=153 next_req_slot_busy=1 payload_free_slots=2564 payload_lease_hwm=0 request_wake_armed=0 completion_wake_armed=0 request_publishes=3241626 request_kicks=1 completion_kicks=7 has_capacity=1
timestamp_ns=1784168445690763634
online=1 transport=shm total_conns=2 active_conns=2
shm=1 daemon_online=1 daemon_generation=1 global_submit_sequence=6551388 ring_entries=512 payload_entries=8192 transfer_payload_slots=1
conn=0 lane=0 stream=0 failed=0 pending=0 inflight_count=19 inflight_slots=19 req_prod=3281483 req_cons=3281483 req_used=0 comp_prod=3281464 comp_cons=3281464 comp_ready=0 next_comp_sequence=3280953 next_req_slot=75 next_req_slot_busy=0 payload_free_slots=2574 payload_lease_hwm=0 request_wake_armed=0 completion_wake_armed=0 request_publishes=3281483 request_kicks=4 completion_kicks=4 has_capacity=1
conn=1 lane=1 stream=0 failed=0 pending=0 inflight_count=41 inflight_slots=41 req_prod=3269908 req_cons=3269888 req_used=20 comp_prod=3269867 comp_cons=3269867 comp_ready=0 next_comp_sequence=3269356 next_req_slot=276 next_req_slot_busy=0 payload_free_slots=2555 payload_lease_hwm=0 request_wake_armed=0 completion_wake_armed=0 request_publishes=3269908 request_kicks=1 completion_kicks=7 has_capacity=1
timestamp_ns=1784168445798792188
online=1 transport=shm total_conns=2 active_conns=2
shm=1 daemon_online=1 daemon_generation=1 global_submit_sequence=6607744 ring_entries=512 payload_entries=8192 transfer_payload_slots=1
conn=0 lane=0 stream=0 failed=0 pending=16 inflight_count=27 inflight_slots=26 req_prod=3309730 req_cons=3309727 req_used=3 comp_prod=3309705 comp_cons=3309705 comp_ready=0 next_comp_sequence=3309194 next_req_slot=162 next_req_slot_busy=1 payload_free_slots=2557 payload_lease_hwm=0 request_wake_armed=0 completion_wake_armed=0 request_publishes=3309732 request_kicks=4 completion_kicks=4 has_capacity=1
conn=1 lane=1 stream=0 failed=0 pending=3 inflight_count=61 inflight_slots=61 req_prod=3298018 req_cons=3297981 req_used=37 comp_prod=3297959 comp_cons=3297959 comp_ready=0 next_comp_sequence=3297448 next_req_slot=226 next_req_slot_busy=1 payload_free_slots=2528 payload_lease_hwm=0 request_wake_armed=0 completion_wake_armed=0 request_publishes=3298020 request_kicks=1 completion_kicks=7 has_capacity=1
timestamp_ns=1784168445906820661
online=1 transport=shm total_conns=2 active_conns=2
shm=1 daemon_online=1 daemon_generation=1 global_submit_sequence=6663950 ring_entries=512 payload_entries=8192 transfer_payload_slots=1
conn=0 lane=0 stream=0 failed=0 pending=0 inflight_count=61 inflight_slots=61 req_prod=3337910 req_cons=3337870 req_used=40 comp_prod=3337849 comp_cons=3337849 comp_ready=0 next_comp_sequence=3337338 next_req_slot=182 next_req_slot_busy=0 payload_free_slots=2538 payload_lease_hwm=0 request_wake_armed=0 completion_wake_armed=0 request_publishes=3337910 request_kicks=4 completion_kicks=4 has_capacity=1
conn=1 lane=1 stream=0 failed=0 pending=0 inflight_count=45 inflight_slots=45 req_prod=3326040 req_cons=3326015 req_used=25 comp_prod=3325995 comp_cons=3325995 comp_ready=0 next_comp_sequence=3325484 next_req_slot=88 next_req_slot_busy=0 payload_free_slots=2538 payload_lease_hwm=0 request_wake_armed=0 completion_wake_armed=0 request_publishes=3326040 request_kicks=1 completion_kicks=7 has_capacity=1
timestamp_ns=1784168446014876097
online=1 transport=shm total_conns=2 active_conns=2
shm=1 daemon_online=1 daemon_generation=1 global_submit_sequence=6720220 ring_entries=512 payload_entries=8192 transfer_payload_slots=1
conn=0 lane=0 stream=0 failed=0 pending=10 inflight_count=45 inflight_slots=45 req_prod=3365696 req_cons=3365675 req_used=21 comp_prod=3365652 comp_cons=3365652 comp_ready=0 next_comp_sequence=3365141 next_req_slot=320 next_req_slot_busy=1 payload_free_slots=2547 payload_lease_hwm=0 request_wake_armed=0 completion_wake_armed=0 request_publishes=3365697 request_kicks=4 completion_kicks=4 has_capacity=1
conn=1 lane=1 stream=0 failed=0 pending=0 inflight_count=42 inflight_slots=42 req_prod=3354525 req_cons=3354505 req_used=20 comp_prod=3354483 comp_cons=3354483 comp_ready=0 next_comp_sequence=3353972 next_req_slot=413 next_req_slot_busy=0 payload_free_slots=2558 payload_lease_hwm=0 request_wake_armed=0 completion_wake_armed=0 request_publishes=3354525 request_kicks=1 completion_kicks=7 has_capacity=1
timestamp_ns=1784168446123141405
online=1 transport=shm total_conns=2 active_conns=2
shm=1 daemon_online=1 daemon_generation=1 global_submit_sequence=6776599 ring_entries=512 payload_entries=8192 transfer_payload_slots=1
conn=0 lane=0 stream=0 failed=0 pending=0 inflight_count=21 inflight_slots=20 req_prod=3394202 req_cons=3394202 req_used=0 comp_prod=3394182 comp_cons=3394182 comp_ready=0 next_comp_sequence=3393671 next_req_slot=154 next_req_slot_busy=1 payload_free_slots=2577 payload_lease_hwm=0 request_wake_armed=0 completion_wake_armed=0 request_publishes=3394203 request_kicks=4 completion_kicks=4 has_capacity=1
conn=1 lane=1 stream=0 failed=0 pending=0 inflight_count=62 inflight_slots=62 req_prod=3382397 req_cons=3382357 req_used=40 comp_prod=3382335 comp_cons=3382335 comp_ready=0 next_comp_sequence=3381824 next_req_slot=125 next_req_slot_busy=0 payload_free_slots=2541 payload_lease_hwm=0 request_wake_armed=0 completion_wake_armed=0 request_publishes=3382397 request_kicks=1 completion_kicks=7 has_capacity=1
timestamp_ns=1784168446231432880
online=1 transport=shm total_conns=2 active_conns=2
shm=1 daemon_online=1 daemon_generation=1 global_submit_sequence=6832868 ring_entries=512 payload_entries=8192 transfer_payload_slots=1
conn=0 lane=0 stream=0 failed=0 pending=16 inflight_count=21 inflight_slots=21 req_prod=3421968 req_cons=3421965 req_used=3 comp_prod=3421948 comp_cons=3421948 comp_ready=0 next_comp_sequence=3421437 next_req_slot=272 next_req_slot_busy=1 payload_free_slots=2567 payload_lease_hwm=0 request_wake_armed=0 completion_wake_armed=0 request_publishes=3421969 request_kicks=4 completion_kicks=4 has_capacity=1
conn=1 lane=1 stream=0 failed=0 pending=0 inflight_count=30 inflight_slots=30 req_prod=3410900 req_cons=3410900 req_used=0 comp_prod=3410870 comp_cons=3410870 comp_ready=0 next_comp_sequence=3410359 next_req_slot=468 next_req_slot_busy=0 payload_free_slots=2571 payload_lease_hwm=0 request_wake_armed=0 completion_wake_armed=0 request_publishes=3410900 request_kicks=1 completion_kicks=7 has_capacity=1
timestamp_ns=1784168446339547578
online=1 transport=shm total_conns=2 active_conns=2
shm=1 daemon_online=1 daemon_generation=1 global_submit_sequence=6888912 ring_entries=512 payload_entries=8192 transfer_payload_slots=1
conn=0 lane=0 stream=0 failed=0 pending=17 inflight_count=29 inflight_slots=29 req_prod=3449665 req_cons=3449663 req_used=2 comp_prod=3449644 comp_cons=3449637 comp_ready=7 next_comp_sequence=3449638 next_req_slot=321 next_req_slot_busy=1 payload_free_slots=2581 payload_lease_hwm=0 request_wake_armed=0 completion_wake_armed=0 request_publishes=3449666 request_kicks=4 completion_kicks=4 has_capacity=1
conn=1 lane=1 stream=0 failed=0 pending=0 inflight_count=36 inflight_slots=36 req_prod=3439250 req_cons=3439230 req_used=20 comp_prod=3439214 comp_cons=3439214 comp_ready=0 next_comp_sequence=3438703 next_req_slot=146 next_req_slot_busy=0 payload_free_slots=2547 payload_lease_hwm=0 request_wake_armed=0 completion_wake_armed=0 request_publishes=3439250 request_kicks=1 completion_kicks=7 has_capacity=1
timestamp_ns=1784168446448325022
online=1 transport=shm total_conns=2 active_conns=2
shm=1 daemon_online=1 daemon_generation=1 global_submit_sequence=6944610 ring_entries=512 payload_entries=8192 transfer_payload_slots=1
conn=0 lane=0 stream=0 failed=0 pending=3 inflight_count=51 inflight_slots=51 req_prod=3476913 req_cons=3476877 req_used=36 comp_prod=3476863 comp_cons=3476863 comp_ready=0 next_comp_sequence=3476352 next_req_slot=433 next_req_slot_busy=1 payload_free_slots=2546 payload_lease_hwm=0 request_wake_armed=0 completion_wake_armed=0 request_publishes=3476914 request_kicks=4 completion_kicks=4 has_capacity=1
conn=1 lane=1 stream=0 failed=0 pending=4 inflight_count=32 inflight_slots=32 req_prod=3467699 req_cons=3467694 req_used=5 comp_prod=3467673 comp_cons=3467668 comp_ready=5 next_comp_sequence=3467669 next_req_slot=435 next_req_slot_busy=1 payload_free_slots=2561 payload_lease_hwm=0 request_wake_armed=0 completion_wake_armed=0 request_publishes=3467700 request_kicks=1 completion_kicks=7 has_capacity=1
timestamp_ns=1784168446556477101
online=1 transport=shm total_conns=2 active_conns=2
shm=1 daemon_online=1 daemon_generation=1 global_submit_sequence=7000970 ring_entries=512 payload_entries=8192 transfer_payload_slots=1
conn=0 lane=0 stream=0 failed=0 pending=0 inflight_count=47 inflight_slots=47 req_prod=3505111 req_cons=3505079 req_used=32 comp_prod=3505064 comp_cons=3505064 comp_ready=0 next_comp_sequence=3504553 next_req_slot=471 next_req_slot_busy=0 payload_free_slots=2557 payload_lease_hwm=0 request_wake_armed=0 completion_wake_armed=0 request_publishes=3505111 request_kicks=4 completion_kicks=4 has_capacity=1
conn=1 lane=1 stream=0 failed=0 pending=4 inflight_count=33 inflight_slots=33 req_prod=3495863 req_cons=3495860 req_used=3 comp_prod=3495838 comp_cons=3495832 comp_ready=6 next_comp_sequence=3495833 next_req_slot=439 next_req_slot_busy=1 payload_free_slots=2569 payload_lease_hwm=0 request_wake_armed=0 completion_wake_armed=0 request_publishes=3495865 request_kicks=1 completion_kicks=7 has_capacity=1
timestamp_ns=1784168446664646580
online=1 transport=shm total_conns=2 active_conns=2
shm=1 daemon_online=1 daemon_generation=1 global_submit_sequence=7057487 ring_entries=512 payload_entries=8192 transfer_payload_slots=1
conn=0 lane=0 stream=0 failed=0 pending=0 inflight_count=17 inflight_slots=17 req_prod=3533551 req_cons=3533551 req_used=0 comp_prod=3533534 comp_cons=3533534 comp_ready=0 next_comp_sequence=3533023 next_req_slot=239 next_req_slot_busy=0 payload_free_slots=2583 payload_lease_hwm=0 request_wake_armed=0 completion_wake_armed=0 request_publishes=3533551 request_kicks=4 completion_kicks=4 has_capacity=1
conn=1 lane=1 stream=0 failed=0 pending=0 inflight_count=55 inflight_slots=55 req_prod=3523936 req_cons=3523896 req_used=40 comp_prod=3523881 comp_cons=3523881 comp_ready=0 next_comp_sequence=3523370 next_req_slot=352 next_req_slot_busy=0 payload_free_slots=2550 payload_lease_hwm=0 request_wake_armed=0 completion_wake_armed=0 request_publishes=3523936 request_kicks=1 completion_kicks=7 has_capacity=1
timestamp_ns=1784168446772810118
online=1 transport=shm total_conns=2 active_conns=2
shm=1 daemon_online=1 daemon_generation=1 global_submit_sequence=7114484 ring_entries=512 payload_entries=8192 transfer_payload_slots=1
conn=0 lane=0 stream=0 failed=0 pending=0 inflight_count=12 inflight_slots=12 req_prod=3562095 req_cons=3562095 req_used=0 comp_prod=3562083 comp_cons=3562083 comp_ready=0 next_comp_sequence=3561572 next_req_slot=111 next_req_slot_busy=0 payload_free_slots=2567 payload_lease_hwm=0 request_wake_armed=0 completion_wake_armed=0 request_publishes=3562095 request_kicks=4 completion_kicks=4 has_capacity=1
conn=1 lane=1 stream=0 failed=0 pending=0 inflight_count=35 inflight_slots=35 req_prod=3552389 req_cons=3552369 req_used=20 comp_prod=3552354 comp_cons=3552354 comp_ready=0 next_comp_sequence=3551843 next_req_slot=133 next_req_slot_busy=0 payload_free_slots=2567 payload_lease_hwm=0 request_wake_armed=0 completion_wake_armed=0 request_publishes=3552389 request_kicks=1 completion_kicks=7 has_capacity=1
timestamp_ns=1784168446880926454
online=1 transport=shm total_conns=2 active_conns=2
shm=1 daemon_online=1 daemon_generation=1 global_submit_sequence=7171087 ring_entries=512 payload_entries=8192 transfer_payload_slots=1
conn=0 lane=0 stream=0 failed=0 pending=0 inflight_count=57 inflight_slots=57 req_prod=3590382 req_cons=3590325 req_used=57 comp_prod=3590325 comp_cons=3590325 comp_ready=0 next_comp_sequence=3589814 next_req_slot=238 next_req_slot_busy=0 payload_free_slots=2567 payload_lease_hwm=0 request_wake_armed=0 completion_wake_armed=0 request_publishes=3590382 request_kicks=4 completion_kicks=4 has_capacity=1
conn=1 lane=1 stream=0 failed=0 pending=0 inflight_count=64 inflight_slots=64 req_prod=3580705 req_cons=3580662 req_used=43 comp_prod=3580641 comp_cons=3580641 comp_ready=0 next_comp_sequence=3580130 next_req_slot=289 next_req_slot_busy=0 payload_free_slots=2538 payload_lease_hwm=0 request_wake_armed=0 completion_wake_armed=0 request_publishes=3580705 request_kicks=1 completion_kicks=7 has_capacity=1
timestamp_ns=1784168446990936823
online=1 transport=shm total_conns=2 active_conns=2
shm=1 daemon_online=1 daemon_generation=1 global_submit_sequence=7227749 ring_entries=512 payload_entries=8192 transfer_payload_slots=1
conn=0 lane=0 stream=0 failed=0 pending=0 inflight_count=59 inflight_slots=59 req_prod=3619013 req_cons=3618973 req_used=40 comp_prod=3618954 comp_cons=3618954 comp_ready=0 next_comp_sequence=3618443 next_req_slot=197 next_req_slot_busy=0 payload_free_slots=2528 payload_lease_hwm=0 request_wake_armed=0 completion_wake_armed=0 request_publishes=3619013 request_kicks=4 completion_kicks=4 has_capacity=1
conn=1 lane=1 stream=0 failed=0 pending=0 inflight_count=19 inflight_slots=19 req_prod=3608736 req_cons=3608733 req_used=3 comp_prod=3608717 comp_cons=3608717 comp_ready=0 next_comp_sequence=3608206 next_req_slot=160 next_req_slot_busy=0 payload_free_slots=2587 payload_lease_hwm=0 request_wake_armed=0 completion_wake_armed=0 request_publishes=3608736 request_kicks=1 completion_kicks=8 has_capacity=1
timestamp_ns=1784168447100286233
online=1 transport=shm total_conns=2 active_conns=2
shm=1 daemon_online=1 daemon_generation=1 global_submit_sequence=7284348 ring_entries=512 payload_entries=8192 transfer_payload_slots=1
conn=0 lane=0 stream=0 failed=0 pending=0 inflight_count=40 inflight_slots=40 req_prod=3647536 req_cons=3647516 req_used=20 comp_prod=3647496 comp_cons=3647496 comp_ready=0 next_comp_sequence=3646985 next_req_slot=48 next_req_slot_busy=0 payload_free_slots=2546 payload_lease_hwm=0 request_wake_armed=0 completion_wake_armed=0 request_publishes=3647536 request_kicks=4 completion_kicks=4 has_capacity=1
conn=1 lane=1 stream=0 failed=0 pending=0 inflight_count=52 inflight_slots=52 req_prod=3636812 req_cons=3636772 req_used=40 comp_prod=3636760 comp_cons=3636760 comp_ready=0 next_comp_sequence=3636249 next_req_slot=76 next_req_slot_busy=0 payload_free_slots=2543 payload_lease_hwm=0 request_wake_armed=0 completion_wake_armed=0 request_publishes=3636812 request_kicks=1 completion_kicks=8 has_capacity=1
timestamp_ns=1784168447208921109
online=1 transport=shm total_conns=2 active_conns=2
shm=1 daemon_online=1 daemon_generation=1 global_submit_sequence=7340355 ring_entries=512 payload_entries=8192 transfer_payload_slots=1
conn=0 lane=0 stream=0 failed=0 pending=0 inflight_count=64 inflight_slots=64 req_prod=3675744 req_cons=3675711 req_used=33 comp_prod=3675680 comp_cons=3675680 comp_ready=0 next_comp_sequence=3675169 next_req_slot=96 next_req_slot_busy=0 payload_free_slots=2529 payload_lease_hwm=0 request_wake_armed=0 completion_wake_armed=0 request_publishes=3675744 request_kicks=4 completion_kicks=4 has_capacity=1
conn=1 lane=1 stream=0 failed=0 pending=2 inflight_count=61 inflight_slots=61 req_prod=3664618 req_cons=3664581 req_used=37 comp_prod=3664558 comp_cons=3664558 comp_ready=0 next_comp_sequence=3664047 next_req_slot=234 next_req_slot_busy=1 payload_free_slots=2538 payload_lease_hwm=0 request_wake_armed=0 completion_wake_armed=0 request_publishes=3664619 request_kicks=1 completion_kicks=8 has_capacity=1
timestamp_ns=1784168447317534596
online=1 transport=shm total_conns=2 active_conns=2
shm=1 daemon_online=1 daemon_generation=1 global_submit_sequence=7396463 ring_entries=512 payload_entries=8192 transfer_payload_slots=1
conn=0 lane=0 stream=0 failed=0 pending=0 inflight_count=21 inflight_slots=21 req_prod=3703928 req_cons=3703928 req_used=0 comp_prod=3703907 comp_cons=3703907 comp_ready=0 next_comp_sequence=3703396 next_req_slot=120 next_req_slot_busy=0 payload_free_slots=2574 payload_lease_hwm=0 request_wake_armed=0 completion_wake_armed=0 request_publishes=3703928 request_kicks=4 completion_kicks=4 has_capacity=1
conn=1 lane=1 stream=0 failed=0 pending=0 inflight_count=26 inflight_slots=26 req_prod=3692535 req_cons=3692535 req_used=0 comp_prod=3692509 comp_cons=3692509 comp_ready=0 next_comp_sequence=3691998 next_req_slot=503 next_req_slot_busy=0 payload_free_slots=2569 payload_lease_hwm=0 request_wake_armed=0 completion_wake_armed=0 request_publishes=3692535 request_kicks=1 completion_kicks=8 has_capacity=1
timestamp_ns=1784168447425855205
online=1 transport=shm total_conns=2 active_conns=2
shm=1 daemon_online=1 daemon_generation=1 global_submit_sequence=7452200 ring_entries=512 payload_entries=8192 transfer_payload_slots=1
conn=0 lane=0 stream=0 failed=0 pending=0 inflight_count=43 inflight_slots=43 req_prod=3731821 req_cons=3731801 req_used=20 comp_prod=3731778 comp_cons=3731778 comp_ready=0 next_comp_sequence=3731267 next_req_slot=365 next_req_slot_busy=0 payload_free_slots=2557 payload_lease_hwm=0 request_wake_armed=0 completion_wake_armed=0 request_publishes=3731821 request_kicks=4 completion_kicks=4 has_capacity=1
conn=1 lane=1 stream=0 failed=0 pending=0 inflight_count=36 inflight_slots=36 req_prod=3720379 req_cons=3720359 req_used=20 comp_prod=3720343 comp_cons=3720343 comp_ready=0 next_comp_sequence=3719832 next_req_slot=187 next_req_slot_busy=0 payload_free_slots=2552 payload_lease_hwm=0 request_wake_armed=0 completion_wake_armed=0 request_publishes=3720379 request_kicks=1 completion_kicks=8 has_capacity=1
timestamp_ns=1784168447534229667
online=1 transport=shm total_conns=2 active_conns=2
shm=1 daemon_online=1 daemon_generation=1 global_submit_sequence=7507746 ring_entries=512 payload_entries=8192 transfer_payload_slots=1
conn=0 lane=0 stream=0 failed=0 pending=0 inflight_count=26 inflight_slots=26 req_prod=3759739 req_cons=3759730 req_used=9 comp_prod=3759713 comp_cons=3759713 comp_ready=0 next_comp_sequence=3759202 next_req_slot=123 next_req_slot_busy=0 payload_free_slots=2569 payload_lease_hwm=0 request_wake_armed=0 completion_wake_armed=0 request_publishes=3759739 request_kicks=4 completion_kicks=4 has_capacity=1
conn=1 lane=1 stream=0 failed=0 pending=0 inflight_count=33 inflight_slots=33 req_prod=3748007 req_cons=3747987 req_used=20 comp_prod=3747974 comp_cons=3747974 comp_ready=0 next_comp_sequence=3747463 next_req_slot=167 next_req_slot_busy=0 payload_free_slots=2549 payload_lease_hwm=0 request_wake_armed=0 completion_wake_armed=0 request_publishes=3748007 request_kicks=1 completion_kicks=8 has_capacity=1
timestamp_ns=1784168447642678001
online=1 transport=shm total_conns=2 active_conns=2
shm=1 daemon_online=1 daemon_generation=1 global_submit_sequence=7564517 ring_entries=512 payload_entries=8192 transfer_payload_slots=1
conn=0 lane=0 stream=0 failed=0 pending=7 inflight_count=31 inflight_slots=31 req_prod=3788498 req_cons=3788486 req_used=12 comp_prod=3788468 comp_cons=3788468 comp_ready=0 next_comp_sequence=3787957 next_req_slot=210 next_req_slot_busy=1 payload_free_slots=2551 payload_lease_hwm=0 request_wake_armed=0 completion_wake_armed=0 request_publishes=3788499 request_kicks=4 completion_kicks=4 has_capacity=0
conn=1 lane=1 stream=0 failed=0 pending=0 inflight_count=50 inflight_slots=50 req_prod=3776019 req_cons=3776019 req_used=0 comp_prod=3775999 comp_cons=3775968 comp_ready=31 next_comp_sequence=3775969 next_req_slot=19 next_req_slot_busy=0 payload_free_slots=2574 payload_lease_hwm=0 request_wake_armed=0 completion_wake_armed=0 request_publishes=3776019 request_kicks=1 completion_kicks=8 has_capacity=1
timestamp_ns=1784168447751122016
online=1 transport=shm total_conns=2 active_conns=2
shm=1 daemon_online=1 daemon_generation=1 global_submit_sequence=7621101 ring_entries=512 payload_entries=8192 transfer_payload_slots=1
conn=0 lane=0 stream=0 failed=0 pending=0 inflight_count=57 inflight_slots=56 req_prod=3817047 req_cons=3817007 req_used=40 comp_prod=3816991 comp_cons=3816991 comp_ready=0 next_comp_sequence=3816480 next_req_slot=87 next_req_slot_busy=1 payload_free_slots=2559 payload_lease_hwm=0 request_wake_armed=0 completion_wake_armed=0 request_publishes=3817048 request_kicks=4 completion_kicks=4 has_capacity=1
conn=1 lane=1 stream=0 failed=0 pending=7 inflight_count=16 inflight_slots=16 req_prod=3804054 req_cons=3804054 req_used=0 comp_prod=3804038 comp_cons=3804038 comp_ready=0 next_comp_sequence=3803527 next_req_slot=406 next_req_slot_busy=0 payload_free_slots=2578 payload_lease_hwm=0 request_wake_armed=0 completion_wake_armed=0 request_publishes=3804054 request_kicks=1 completion_kicks=8 has_capacity=1
timestamp_ns=1784168447859542261
online=1 transport=shm total_conns=2 active_conns=2
shm=1 daemon_online=1 daemon_generation=1 global_submit_sequence=7677840 ring_entries=512 payload_entries=8192 transfer_payload_slots=1
conn=0 lane=0 stream=0 failed=0 pending=4 inflight_count=33 inflight_slots=32 req_prod=3845356 req_cons=3845346 req_used=10 comp_prod=3845329 comp_cons=3845325 comp_ready=4 next_comp_sequence=3845326 next_req_slot=236 next_req_slot_busy=1 payload_free_slots=2553 payload_lease_hwm=0 request_wake_armed=0 completion_wake_armed=0 request_publishes=3845358 request_kicks=4 completion_kicks=4 has_capacity=1
conn=1 lane=1 stream=0 failed=0 pending=2 inflight_count=48 inflight_slots=48 req_prod=3832485 req_cons=3832465 req_used=20 comp_prod=3832437 comp_cons=3832437 comp_ready=0 next_comp_sequence=3831926 next_req_slot=165 next_req_slot_busy=0 payload_free_slots=2545 payload_lease_hwm=0 request_wake_armed=0 completion_wake_armed=0 request_publishes=3832485 request_kicks=1 completion_kicks=8 has_capacity=1
timestamp_ns=1784168447967817973
online=1 transport=shm total_conns=2 active_conns=2
shm=1 daemon_online=1 daemon_generation=1 global_submit_sequence=7733303 ring_entries=512 payload_entries=8192 transfer_payload_slots=1
conn=0 lane=0 stream=0 failed=0 pending=0 inflight_count=57 inflight_slots=57 req_prod=3873121 req_cons=3873081 req_used=40 comp_prod=3873064 comp_cons=3873064 comp_ready=0 next_comp_sequence=3872553 next_req_slot=353 next_req_slot_busy=0 payload_free_slots=2544 payload_lease_hwm=0 request_wake_armed=0 completion_wake_armed=0 request_publishes=3873121 request_kicks=4 completion_kicks=4 has_capacity=1
conn=1 lane=1 stream=0 failed=0 pending=0 inflight_count=30 inflight_slots=30 req_prod=3860182 req_cons=3860182 req_used=0 comp_prod=3860152 comp_cons=3860152 comp_ready=0 next_comp_sequence=3859641 next_req_slot=214 next_req_slot_busy=0 payload_free_slots=2577 payload_lease_hwm=0 request_wake_armed=0 completion_wake_armed=0 request_publishes=3860182 request_kicks=1 completion_kicks=8 has_capacity=1
timestamp_ns=1784168448076158710
online=1 transport=shm total_conns=2 active_conns=2
shm=1 daemon_online=1 daemon_generation=1 global_submit_sequence=7789526 ring_entries=512 payload_entries=8192 transfer_payload_slots=1
conn=0 lane=0 stream=0 failed=0 pending=8 inflight_count=31 inflight_slots=30 req_prod=3901020 req_cons=3901016 req_used=4 comp_prod=3900998 comp_cons=3900992 comp_ready=6 next_comp_sequence=3900993 next_req_slot=92 next_req_slot_busy=1 payload_free_slots=2554 payload_lease_hwm=0 request_wake_armed=0 completion_wake_armed=0 request_publishes=3901023 request_kicks=4 completion_kicks=4 has_capacity=1
conn=1 lane=1 stream=0 failed=0 pending=0 inflight_count=26 inflight_slots=26 req_prod=3888507 req_cons=3888507 req_used=0 comp_prod=3888481 comp_cons=3888481 comp_ready=0 next_comp_sequence=3887970 next_req_slot=379 next_req_slot_busy=0 payload_free_slots=2564 payload_lease_hwm=0 request_wake_armed=0 completion_wake_armed=0 request_publishes=3888507 request_kicks=1 completion_kicks=8 has_capacity=1
timestamp_ns=1784168448184566623
online=1 transport=shm total_conns=2 active_conns=2
shm=1 daemon_online=1 daemon_generation=1 global_submit_sequence=7846391 ring_entries=512 payload_entries=8192 transfer_payload_slots=1
conn=0 lane=0 stream=0 failed=0 pending=0 inflight_count=64 inflight_slots=64 req_prod=3929108 req_cons=3929069 req_used=39 comp_prod=3929044 comp_cons=3929044 comp_ready=0 next_comp_sequence=3928533 next_req_slot=20 next_req_slot_busy=0 payload_free_slots=2560 payload_lease_hwm=0 request_wake_armed=0 completion_wake_armed=0 request_publishes=3929108 request_kicks=4 completion_kicks=4 has_capacity=1
conn=1 lane=1 stream=0 failed=0 pending=1 inflight_count=38 inflight_slots=38 req_prod=3917290 req_cons=3917268 req_used=22 comp_prod=3917253 comp_cons=3917253 comp_ready=0 next_comp_sequence=3916742 next_req_slot=490 next_req_slot_busy=1 payload_free_slots=2557 payload_lease_hwm=0 request_wake_armed=0 completion_wake_armed=0 request_publishes=3917291 request_kicks=1 completion_kicks=8 has_capacity=1
timestamp_ns=1784168448292921845
online=1 transport=shm total_conns=2 active_conns=2
shm=1 daemon_online=1 daemon_generation=1 global_submit_sequence=7903546 ring_entries=512 payload_entries=8192 transfer_payload_slots=1
conn=0 lane=0 stream=0 failed=0 pending=0 inflight_count=36 inflight_slots=36 req_prod=3957739 req_cons=3957719 req_used=20 comp_prod=3957703 comp_cons=3957703 comp_ready=0 next_comp_sequence=3957192 next_req_slot=491 next_req_slot_busy=0 payload_free_slots=2563 payload_lease_hwm=0 request_wake_armed=0 completion_wake_armed=0 request_publishes=3957739 request_kicks=4 completion_kicks=4 has_capacity=1
conn=1 lane=1 stream=0 failed=0 pending=0 inflight_count=46 inflight_slots=46 req_prod=3945809 req_cons=3945789 req_used=20 comp_prod=3945763 comp_cons=3945763 comp_ready=0 next_comp_sequence=3945252 next_req_slot=337 next_req_slot_busy=0 payload_free_slots=2541 payload_lease_hwm=0 request_wake_armed=0 completion_wake_armed=0 request_publishes=3945809 request_kicks=1 completion_kicks=8 has_capacity=1
timestamp_ns=1784168448401139621
online=1 transport=shm total_conns=2 active_conns=2
shm=1 daemon_online=1 daemon_generation=1 global_submit_sequence=7961235 ring_entries=512 payload_entries=8192 transfer_payload_slots=1
conn=0 lane=0 stream=0 failed=0 pending=0 inflight_count=42 inflight_slots=43 req_prod=3987030 req_cons=3987030 req_used=0 comp_prod=3986997 comp_cons=3986986 comp_ready=11 next_comp_sequence=3986987 next_req_slot=86 next_req_slot_busy=0 payload_free_slots=2566 payload_lease_hwm=0 request_wake_armed=0 completion_wake_armed=0 request_publishes=3987030 request_kicks=4 completion_kicks=4 has_capacity=1
conn=1 lane=1 stream=0 failed=0 pending=8 inflight_count=42 inflight_slots=42 req_prod=3974206 req_cons=3974185 req_used=21 comp_prod=3974165 comp_cons=3974165 comp_ready=0 next_comp_sequence=3973654 next_req_slot=62 next_req_slot_busy=1 payload_free_slots=2563 payload_lease_hwm=0 request_wake_armed=0 completion_wake_armed=0 request_publishes=3974207 request_kicks=1 completion_kicks=8 has_capacity=1
timestamp_ns=1784168448512582894
online=1 transport=shm total_conns=2 active_conns=2
shm=1 daemon_online=1 daemon_generation=1 global_submit_sequence=8000493 ring_entries=512 payload_entries=8192 transfer_payload_slots=1
conn=0 lane=0 stream=0 failed=0 pending=0 inflight_count=0 inflight_slots=0 req_prod=4000230 req_cons=4000230 req_used=0 comp_prod=4000230 comp_cons=4000230 comp_ready=0 next_comp_sequence=3999719 next_req_slot=486 next_req_slot_busy=0 payload_free_slots=2594 payload_lease_hwm=0 request_wake_armed=1 completion_wake_armed=1 request_publishes=4000230 request_kicks=4 completion_kicks=4 has_capacity=1
conn=1 lane=1 stream=0 failed=0 pending=0 inflight_count=0 inflight_slots=0 req_prod=4000263 req_cons=4000263 req_used=0 comp_prod=4000263 comp_cons=4000263 comp_ready=0 next_comp_sequence=3999752 next_req_slot=7 next_req_slot_busy=0 payload_free_slots=2575 payload_lease_hwm=0 request_wake_armed=1 completion_wake_armed=1 request_publishes=4000263 request_kicks=1 completion_kicks=8 has_capacity=1
timestamp_ns=1784168448620940336
online=1 transport=shm total_conns=2 active_conns=2
shm=1 daemon_online=1 daemon_generation=1 global_submit_sequence=8035299 ring_entries=512 payload_entries=8192 transfer_payload_slots=1
conn=0 lane=0 stream=0 failed=0 pending=0 inflight_count=55 inflight_slots=55 req_prod=4018192 req_cons=4018156 req_used=36 comp_prod=4018137 comp_cons=4018137 comp_ready=0 next_comp_sequence=4017626 next_req_slot=16 next_req_slot_busy=0 payload_free_slots=2547 payload_lease_hwm=0 request_wake_armed=0 completion_wake_armed=0 request_publishes=4018192 request_kicks=5 completion_kicks=4 has_capacity=1
conn=1 lane=1 stream=0 failed=0 pending=0 inflight_count=45 inflight_slots=45 req_prod=4017107 req_cons=4017087 req_used=20 comp_prod=4017062 comp_cons=4017062 comp_ready=0 next_comp_sequence=4016551 next_req_slot=467 next_req_slot_busy=0 payload_free_slots=2553 payload_lease_hwm=0 request_wake_armed=0 completion_wake_armed=0 request_publishes=4017107 request_kicks=1 completion_kicks=8 has_capacity=1
timestamp_ns=1784168448729438078
online=1 transport=shm total_conns=2 active_conns=2
shm=1 daemon_online=1 daemon_generation=1 global_submit_sequence=8091970 ring_entries=512 payload_entries=8192 transfer_payload_slots=1
conn=0 lane=0 stream=0 failed=0 pending=13 inflight_count=24 inflight_slots=24 req_prod=4046790 req_cons=4046784 req_used=6 comp_prod=4046768 comp_cons=4046768 comp_ready=0 next_comp_sequence=4046257 next_req_slot=454 next_req_slot_busy=1 payload_free_slots=2572 payload_lease_hwm=0 request_wake_armed=0 completion_wake_armed=0 request_publishes=4046792 request_kicks=5 completion_kicks=4 has_capacity=1
conn=1 lane=1 stream=0 failed=0 pending=0 inflight_count=43 inflight_slots=43 req_prod=4045181 req_cons=4045161 req_used=20 comp_prod=4045138 comp_cons=4045138 comp_ready=0 next_comp_sequence=4044627 next_req_slot=381 next_req_slot_busy=0 payload_free_slots=2554 payload_lease_hwm=0 request_wake_armed=0 completion_wake_armed=0 request_publishes=4045181 request_kicks=1 completion_kicks=8 has_capacity=1
timestamp_ns=1784168448837900557
online=1 transport=shm total_conns=2 active_conns=2
shm=1 daemon_online=1 daemon_generation=1 global_submit_sequence=8148034 ring_entries=512 payload_entries=8192 transfer_payload_slots=1
conn=0 lane=0 stream=0 failed=0 pending=0 inflight_count=33 inflight_slots=33 req_prod=4074853 req_cons=4074853 req_used=0 comp_prod=4074823 comp_cons=4074818 comp_ready=5 next_comp_sequence=4074819 next_req_slot=357 next_req_slot_busy=0 payload_free_slots=2567 payload_lease_hwm=0 request_wake_armed=0 completion_wake_armed=0 request_publishes=4074853 request_kicks=5 completion_kicks=4 has_capacity=1
conn=1 lane=1 stream=0 failed=0 pending=0 inflight_count=43 inflight_slots=44 req_prod=4073181 req_cons=4073181 req_used=0 comp_prod=4073140 comp_cons=4073137 comp_ready=3 next_comp_sequence=4073138 next_req_slot=221 next_req_slot_busy=0 payload_free_slots=2571 payload_lease_hwm=0 request_wake_armed=0 completion_wake_armed=0 request_publishes=4073181 request_kicks=1 completion_kicks=8 has_capacity=1
timestamp_ns=1784168448946144056
online=1 transport=shm total_conns=2 active_conns=2
shm=1 daemon_online=1 daemon_generation=1 global_submit_sequence=8204116 ring_entries=512 payload_entries=8192 transfer_payload_slots=1
conn=0 lane=0 stream=0 failed=0 pending=0 inflight_count=48 inflight_slots=48 req_prod=4103734 req_cons=4103734 req_used=0 comp_prod=4103712 comp_cons=4103684 comp_ready=28 next_comp_sequence=4103685 next_req_slot=54 next_req_slot_busy=0 payload_free_slots=2572 payload_lease_hwm=0 request_wake_armed=0 completion_wake_armed=0 request_publishes=4103734 request_kicks=5 completion_kicks=4 has_capacity=1
conn=1 lane=1 stream=0 failed=0 pending=0 inflight_count=27 inflight_slots=27 req_prod=4100382 req_cons=4100382 req_used=0 comp_prod=4100355 comp_cons=4100355 comp_ready=0 next_comp_sequence=4099844 next_req_slot=286 next_req_slot_busy=0 payload_free_slots=2567 payload_lease_hwm=0 request_wake_armed=0 completion_wake_armed=0 request_publishes=4100382 request_kicks=1 completion_kicks=8 has_capacity=1
timestamp_ns=1784168449054486745
online=1 transport=shm total_conns=2 active_conns=2
shm=1 daemon_online=1 daemon_generation=1 global_submit_sequence=8260038 ring_entries=512 payload_entries=8192 transfer_payload_slots=1
conn=0 lane=0 stream=0 failed=0 pending=7 inflight_count=32 inflight_slots=32 req_prod=4131556 req_cons=4131545 req_used=11 comp_prod=4131526 comp_cons=4131526 comp_ready=0 next_comp_sequence=4131015 next_req_slot=228 next_req_slot_busy=1 payload_free_slots=2566 payload_lease_hwm=0 request_wake_armed=0 completion_wake_armed=0 request_publishes=4131558 request_kicks=5 completion_kicks=4 has_capacity=1
conn=1 lane=1 stream=0 failed=0 pending=1 inflight_count=35 inflight_slots=35 req_prod=4128487 req_cons=4128469 req_used=18 comp_prod=4128453 comp_cons=4128453 comp_ready=0 next_comp_sequence=4127942 next_req_slot=231 next_req_slot_busy=1 payload_free_slots=2551 payload_lease_hwm=0 request_wake_armed=0 completion_wake_armed=0 request_publishes=4128488 request_kicks=1 completion_kicks=8 has_capacity=1
timestamp_ns=1784168449162704749
online=1 transport=shm total_conns=2 active_conns=2
shm=1 daemon_online=1 daemon_generation=1 global_submit_sequence=8316520 ring_entries=512 payload_entries=8192 transfer_payload_slots=1
conn=0 lane=0 stream=0 failed=0 pending=0 inflight_count=20 inflight_slots=20 req_prod=4159999 req_cons=4159999 req_used=0 comp_prod=4159979 comp_cons=4159979 comp_ready=0 next_comp_sequence=4159468 next_req_slot=511 next_req_slot_busy=0 payload_free_slots=2574 payload_lease_hwm=0 request_wake_armed=0 completion_wake_armed=0 request_publishes=4159999 request_kicks=5 completion_kicks=4 has_capacity=1
conn=1 lane=1 stream=0 failed=0 pending=0 inflight_count=32 inflight_slots=32 req_prod=4156521 req_cons=4156511 req_used=10 comp_prod=4156495 comp_cons=4156488 comp_ready=7 next_comp_sequence=4156489 next_req_slot=105 next_req_slot_busy=0 payload_free_slots=2564 payload_lease_hwm=0 request_wake_armed=0 completion_wake_armed=0 request_publishes=4156521 request_kicks=1 completion_kicks=8 has_capacity=1
timestamp_ns=1784168449271365110
online=1 transport=shm total_conns=2 active_conns=2
shm=1 daemon_online=1 daemon_generation=1 global_submit_sequence=8372698 ring_entries=512 payload_entries=8192 transfer_payload_slots=1
conn=0 lane=0 stream=0 failed=0 pending=4 inflight_count=53 inflight_slots=53 req_prod=4188606 req_cons=4188571 req_used=35 comp_prod=4188554 comp_cons=4188554 comp_ready=0 next_comp_sequence=4188043 next_req_slot=446 next_req_slot_busy=1 payload_free_slots=2539 payload_lease_hwm=0 request_wake_armed=0 completion_wake_armed=0 request_publishes=4188607 request_kicks=5 completion_kicks=4 has_capacity=1
conn=1 lane=1 stream=0 failed=0 pending=0 inflight_count=64 inflight_slots=64 req_prod=4184098 req_cons=4184053 req_used=45 comp_prod=4184034 comp_cons=4184034 comp_ready=0 next_comp_sequence=4183523 next_req_slot=34 next_req_slot_busy=0 payload_free_slots=2541 payload_lease_hwm=0 request_wake_armed=0 completion_wake_armed=0 request_publishes=4184098 request_kicks=1 completion_kicks=8 has_capacity=1
timestamp_ns=1784168449379584569
online=1 transport=shm total_conns=2 active_conns=2
shm=1 daemon_online=1 daemon_generation=1 global_submit_sequence=8429274 ring_entries=512 payload_entries=8192 transfer_payload_slots=1
conn=0 lane=0 stream=0 failed=0 pending=0 inflight_count=62 inflight_slots=62 req_prod=4217355 req_cons=4217353 req_used=2 comp_prod=4217307 comp_cons=4217291 comp_ready=16 next_comp_sequence=4217292 next_req_slot=11 next_req_slot_busy=0 payload_free_slots=2561 payload_lease_hwm=0 request_wake_armed=0 completion_wake_armed=0 request_publishes=4217355 request_kicks=5 completion_kicks=4 has_capacity=1
conn=1 lane=1 stream=0 failed=0 pending=0 inflight_count=48 inflight_slots=48 req_prod=4211920 req_cons=4211900 req_used=20 comp_prod=4211872 comp_cons=4211872 comp_ready=0 next_comp_sequence=4211361 next_req_slot=208 next_req_slot_busy=0 payload_free_slots=2542 payload_lease_hwm=0 request_wake_armed=0 completion_wake_armed=0 request_publishes=4211920 request_kicks=1 completion_kicks=8 has_capacity=1
timestamp_ns=1784168449487783423
online=1 transport=shm total_conns=2 active_conns=2
shm=1 daemon_online=1 daemon_generation=1 global_submit_sequence=8485199 ring_entries=512 payload_entries=8192 transfer_payload_slots=1
conn=0 lane=0 stream=0 failed=0 pending=0 inflight_count=55 inflight_slots=55 req_prod=4245876 req_cons=4245836 req_used=40 comp_prod=4245821 comp_cons=4245821 comp_ready=0 next_comp_sequence=4245310 next_req_slot=372 next_req_slot_busy=0 payload_free_slots=2543 payload_lease_hwm=0 request_wake_armed=0 completion_wake_armed=0 request_publishes=4245876 request_kicks=5 completion_kicks=4 has_capacity=1
conn=1 lane=1 stream=0 failed=0 pending=0 inflight_count=37 inflight_slots=37 req_prod=4239323 req_cons=4239303 req_used=20 comp_prod=4239286 comp_cons=4239286 comp_ready=0 next_comp_sequence=4238775 next_req_slot=475 next_req_slot_busy=0 payload_free_slots=2549 payload_lease_hwm=0 request_wake_armed=0 completion_wake_armed=0 request_publishes=4239323 request_kicks=1 completion_kicks=8 has_capacity=1
timestamp_ns=1784168449595971868
online=1 transport=shm total_conns=2 active_conns=2
shm=1 daemon_online=1 daemon_generation=1 global_submit_sequence=8540723 ring_entries=512 payload_entries=8192 transfer_payload_slots=1
conn=0 lane=0 stream=0 failed=0 pending=0 inflight_count=49 inflight_slots=49 req_prod=4273505 req_cons=4273501 req_used=4 comp_prod=4273456 comp_cons=4273456 comp_ready=0 next_comp_sequence=4272945 next_req_slot=353 next_req_slot_busy=0 payload_free_slots=2575 payload_lease_hwm=0 request_wake_armed=0 completion_wake_armed=0 request_publishes=4273505 request_kicks=5 completion_kicks=4 has_capacity=1
conn=1 lane=1 stream=0 failed=0 pending=0 inflight_count=36 inflight_slots=36 req_prod=4267218 req_cons=4267201 req_used=17 comp_prod=4267182 comp_cons=4267182 comp_ready=0 next_comp_sequence=4266671 next_req_slot=210 next_req_slot_busy=0 payload_free_slots=2571 payload_lease_hwm=0 request_wake_armed=0 completion_wake_armed=0 request_publishes=4267218 request_kicks=1 completion_kicks=8 has_capacity=1
timestamp_ns=1784168449704355313
online=1 transport=shm total_conns=2 active_conns=2
shm=1 daemon_online=1 daemon_generation=1 global_submit_sequence=8597051 ring_entries=512 payload_entries=8192 transfer_payload_slots=1
conn=0 lane=0 stream=0 failed=0 pending=17 inflight_count=16 inflight_slots=15 req_prod=4301935 req_cons=4301935 req_used=0 comp_prod=4301921 comp_cons=4301921 comp_ready=0 next_comp_sequence=4301410 next_req_slot=111 next_req_slot_busy=1 payload_free_slots=2568 payload_lease_hwm=0 request_wake_armed=0 completion_wake_armed=0 request_publishes=4301937 request_kicks=5 completion_kicks=4 has_capacity=1
conn=1 lane=1 stream=0 failed=0 pending=0 inflight_count=64 inflight_slots=64 req_prod=4295119 req_cons=4295075 req_used=44 comp_prod=4295055 comp_cons=4295055 comp_ready=0 next_comp_sequence=4294544 next_req_slot=463 next_req_slot_busy=0 payload_free_slots=2542 payload_lease_hwm=0 request_wake_armed=0 completion_wake_armed=0 request_publishes=4295119 request_kicks=1 completion_kicks=8 has_capacity=1
timestamp_ns=1784168449812529638
online=1 transport=shm total_conns=2 active_conns=2
shm=1 daemon_online=1 daemon_generation=1 global_submit_sequence=8652783 ring_entries=512 payload_entries=8192 transfer_payload_slots=1
conn=0 lane=0 stream=0 failed=0 pending=0 inflight_count=21 inflight_slots=21 req_prod=4329540 req_cons=4329540 req_used=0 comp_prod=4329519 comp_cons=4329519 comp_ready=0 next_comp_sequence=4329008 next_req_slot=68 next_req_slot_busy=0 payload_free_slots=2568 payload_lease_hwm=0 request_wake_armed=0 completion_wake_armed=0 request_publishes=4329540 request_kicks=5 completion_kicks=4 has_capacity=1
conn=1 lane=1 stream=0 failed=0 pending=0 inflight_count=21 inflight_slots=21 req_prod=4323243 req_cons=4323243 req_used=0 comp_prod=4323222 comp_cons=4323222 comp_ready=0 next_comp_sequence=4322711 next_req_slot=427 next_req_slot_busy=0 payload_free_slots=2569 payload_lease_hwm=0 request_wake_armed=0 completion_wake_armed=0 request_publishes=4323243 request_kicks=1 completion_kicks=8 has_capacity=1
timestamp_ns=1784168449920821928
online=1 transport=shm total_conns=2 active_conns=2
shm=1 daemon_online=1 daemon_generation=1 global_submit_sequence=8708820 ring_entries=512 payload_entries=8192 transfer_payload_slots=1
conn=0 lane=0 stream=0 failed=0 pending=0 inflight_count=37 inflight_slots=37 req_prod=4357728 req_cons=4357708 req_used=20 comp_prod=4357691 comp_cons=4357691 comp_ready=0 next_comp_sequence=4357180 next_req_slot=96 next_req_slot_busy=0 payload_free_slots=2545 payload_lease_hwm=0 request_wake_armed=0 completion_wake_armed=0 request_publishes=4357728 request_kicks=5 completion_kicks=4 has_capacity=1
conn=1 lane=1 stream=0 failed=0 pending=2 inflight_count=58 inflight_slots=58 req_prod=4351092 req_cons=4351059 req_used=33 comp_prod=4351052 comp_cons=4351033 comp_ready=19 next_comp_sequence=4351034 next_req_slot=116 next_req_slot_busy=0 payload_free_slots=2564 payload_lease_hwm=0 request_wake_armed=0 completion_wake_armed=0 request_publishes=4351092 request_kicks=1 completion_kicks=8 has_capacity=1
timestamp_ns=1784168450030836684
online=1 transport=shm total_conns=2 active_conns=2
shm=1 daemon_online=1 daemon_generation=1 global_submit_sequence=8766541 ring_entries=512 payload_entries=8192 transfer_payload_slots=1
conn=0 lane=0 stream=0 failed=0 pending=0 inflight_count=53 inflight_slots=53 req_prod=4386290 req_cons=4386257 req_used=33 comp_prod=4386237 comp_cons=4386237 comp_ready=0 next_comp_sequence=4385726 next_req_slot=498 next_req_slot_busy=0 payload_free_slots=2551 payload_lease_hwm=0 request_wake_armed=0 completion_wake_armed=0 request_publishes=4386290 request_kicks=5 completion_kicks=4 has_capacity=1
conn=1 lane=1 stream=0 failed=0 pending=0 inflight_count=37 inflight_slots=37 req_prod=4380251 req_cons=4380231 req_used=20 comp_prod=4380214 comp_cons=4380214 comp_ready=0 next_comp_sequence=4379703 next_req_slot=91 next_req_slot_busy=0 payload_free_slots=2548 payload_lease_hwm=0 request_wake_armed=0 completion_wake_armed=0 request_publishes=4380251 request_kicks=1 completion_kicks=8 has_capacity=1
timestamp_ns=1784168450142931943
online=1 transport=shm total_conns=2 active_conns=2
shm=1 daemon_online=1 daemon_generation=1 global_submit_sequence=8823108 ring_entries=512 payload_entries=8192 transfer_payload_slots=1
conn=0 lane=0 stream=0 failed=0 pending=0 inflight_count=43 inflight_slots=43 req_prod=4414714 req_cons=4414694 req_used=20 comp_prod=4414671 comp_cons=4414671 comp_ready=0 next_comp_sequence=4414160 next_req_slot=250 next_req_slot_busy=0 payload_free_slots=2559 payload_lease_hwm=0 request_wake_armed=0 completion_wake_armed=0 request_publishes=4414714 request_kicks=5 completion_kicks=4 has_capacity=1
conn=1 lane=1 stream=0 failed=0 pending=0 inflight_count=14 inflight_slots=14 req_prod=4408394 req_cons=4408394 req_used=0 comp_prod=4408382 comp_cons=4408379 comp_ready=3 next_comp_sequence=4408380 next_req_slot=74 next_req_slot_busy=0 payload_free_slots=2575 payload_lease_hwm=0 request_wake_armed=0 completion_wake_armed=0 request_publishes=4408394 request_kicks=1 completion_kicks=8 has_capacity=1
timestamp_ns=1784168450251699534
online=1 transport=shm total_conns=2 active_conns=2
shm=1 daemon_online=1 daemon_generation=1 global_submit_sequence=8878893 ring_entries=512 payload_entries=8192 transfer_payload_slots=1
conn=0 lane=0 stream=0 failed=0 pending=0 inflight_count=14 inflight_slots=14 req_prod=4442700 req_cons=4442700 req_used=0 comp_prod=4442686 comp_cons=4442686 comp_ready=0 next_comp_sequence=4442175 next_req_slot=76 next_req_slot_busy=0 payload_free_slots=2581 payload_lease_hwm=0 request_wake_armed=0 completion_wake_armed=0 request_publishes=4442700 request_kicks=5 completion_kicks=4 has_capacity=1
conn=1 lane=1 stream=0 failed=0 pending=15 inflight_count=30 inflight_slots=30 req_prod=4436195 req_cons=4436191 req_used=4 comp_prod=4436166 comp_cons=4436166 comp_ready=0 next_comp_sequence=4435655 next_req_slot=227 next_req_slot_busy=1 payload_free_slots=2563 payload_lease_hwm=0 request_wake_armed=0 completion_wake_armed=0 request_publishes=4436196 request_kicks=1 completion_kicks=8 has_capacity=1
timestamp_ns=1784168450359986707
online=1 transport=shm total_conns=2 active_conns=2
shm=1 daemon_online=1 daemon_generation=1 global_submit_sequence=8935067 ring_entries=512 payload_entries=8192 transfer_payload_slots=1
conn=0 lane=0 stream=0 failed=0 pending=0 inflight_count=56 inflight_slots=56 req_prod=4470515 req_cons=4470515 req_used=0 comp_prod=4470489 comp_cons=4470459 comp_ready=30 next_comp_sequence=4470460 next_req_slot=243 next_req_slot_busy=0 payload_free_slots=2569 payload_lease_hwm=0 request_wake_armed=0 completion_wake_armed=0 request_publishes=4470515 request_kicks=5 completion_kicks=4 has_capacity=1
conn=1 lane=1 stream=0 failed=0 pending=0 inflight_count=45 inflight_slots=45 req_prod=4464558 req_cons=4464539 req_used=19 comp_prod=4464514 comp_cons=4464514 comp_ready=0 next_comp_sequence=4464003 next_req_slot=430 next_req_slot_busy=1 payload_free_slots=2541 payload_lease_hwm=0 request_wake_armed=0 completion_wake_armed=0 request_publishes=4464559 request_kicks=1 completion_kicks=8 has_capacity=1
timestamp_ns=1784168450468183282
online=1 transport=shm total_conns=2 active_conns=2
shm=1 daemon_online=1 daemon_generation=1 global_submit_sequence=8990851 ring_entries=512 payload_entries=8192 transfer_payload_slots=1
conn=0 lane=0 stream=0 failed=0 pending=15 inflight_count=17 inflight_slots=16 req_prod=4498592 req_cons=4498588 req_used=4 comp_prod=4498577 comp_cons=4498577 comp_ready=0 next_comp_sequence=4498066 next_req_slot=160 next_req_slot_busy=1 payload_free_slots=2567 payload_lease_hwm=0 request_wake_armed=0 completion_wake_armed=0 request_publishes=4498594 request_kicks=5 completion_kicks=4 has_capacity=1
conn=1 lane=1 stream=0 failed=0 pending=0 inflight_count=42 inflight_slots=42 req_prod=4492260 req_cons=4492240 req_used=20 comp_prod=4492218 comp_cons=4492218 comp_ready=0 next_comp_sequence=4491707 next_req_slot=484 next_req_slot_busy=0 payload_free_slots=2553 payload_lease_hwm=0 request_wake_armed=0 completion_wake_armed=0 request_publishes=4492260 request_kicks=1 completion_kicks=8 has_capacity=1
timestamp_ns=1784168450576428465
online=1 transport=shm total_conns=2 active_conns=2
shm=1 daemon_online=1 daemon_generation=1 global_submit_sequence=9046624 ring_entries=512 payload_entries=8192 transfer_payload_slots=1
conn=0 lane=0 stream=0 failed=0 pending=0 inflight_count=21 inflight_slots=21 req_prod=4526450 req_cons=4526450 req_used=0 comp_prod=4526429 comp_cons=4526429 comp_ready=0 next_comp_sequence=4525918 next_req_slot=370 next_req_slot_busy=0 payload_free_slots=2564 payload_lease_hwm=0 request_wake_armed=0 completion_wake_armed=0 request_publishes=4526450 request_kicks=5 completion_kicks=4 has_capacity=1
conn=1 lane=1 stream=0 failed=0 pending=0 inflight_count=21 inflight_slots=21 req_prod=4520174 req_cons=4520174 req_used=0 comp_prod=4520153 comp_cons=4520153 comp_ready=0 next_comp_sequence=4519642 next_req_slot=238 next_req_slot_busy=0 payload_free_slots=2580 payload_lease_hwm=0 request_wake_armed=0 completion_wake_armed=0 request_publishes=4520174 request_kicks=1 completion_kicks=8 has_capacity=1
timestamp_ns=1784168450684624728
online=1 transport=shm total_conns=2 active_conns=2
shm=1 daemon_online=1 daemon_generation=1 global_submit_sequence=9103937 ring_entries=512 payload_entries=8192 transfer_payload_slots=1
conn=0 lane=0 stream=0 failed=0 pending=0 inflight_count=26 inflight_slots=26 req_prod=4555113 req_cons=4555113 req_used=0 comp_prod=4555087 comp_cons=4555087 comp_ready=0 next_comp_sequence=4554576 next_req_slot=361 next_req_slot_busy=0 payload_free_slots=2573 payload_lease_hwm=0 request_wake_armed=0 completion_wake_armed=0 request_publishes=4555113 request_kicks=5 completion_kicks=4 has_capacity=1
conn=1 lane=1 stream=0 failed=0 pending=0 inflight_count=41 inflight_slots=42 req_prod=4548827 req_cons=4548822 req_used=5 comp_prod=4548794 comp_cons=4548784 comp_ready=10 next_comp_sequence=4548785 next_req_slot=219 next_req_slot_busy=0 payload_free_slots=2559 payload_lease_hwm=0 request_wake_armed=0 completion_wake_armed=0 request_publishes=4548827 request_kicks=1 completion_kicks=8 has_capacity=1
timestamp_ns=1784168450793673146
online=1 transport=shm total_conns=2 active_conns=2
shm=1 daemon_online=1 daemon_generation=1 global_submit_sequence=9159791 ring_entries=512 payload_entries=8192 transfer_payload_slots=1
conn=0 lane=0 stream=0 failed=0 pending=0 inflight_count=40 inflight_slots=40 req_prod=4583123 req_cons=4583103 req_used=20 comp_prod=4583083 comp_cons=4583083 comp_ready=0 next_comp_sequence=4582572 next_req_slot=211 next_req_slot_busy=0 payload_free_slots=2550 payload_lease_hwm=0 request_wake_armed=0 completion_wake_armed=0 request_publishes=4583123 request_kicks=5 completion_kicks=4 has_capacity=1
conn=1 lane=1 stream=0 failed=0 pending=0 inflight_count=46 inflight_slots=46 req_prod=4576668 req_cons=4576648 req_used=20 comp_prod=4576622 comp_cons=4576622 comp_ready=0 next_comp_sequence=4576111 next_req_slot=412 next_req_slot_busy=0 payload_free_slots=2542 payload_lease_hwm=0 request_wake_armed=0 completion_wake_armed=0 request_publishes=4576668 request_kicks=1 completion_kicks=8 has_capacity=1
timestamp_ns=1784168450901775262
online=1 transport=shm total_conns=2 active_conns=2
shm=1 daemon_online=1 daemon_generation=1 global_submit_sequence=9215811 ring_entries=512 payload_entries=8192 transfer_payload_slots=1
conn=0 lane=0 stream=0 failed=0 pending=0 inflight_count=23 inflight_slots=23 req_prod=4611386 req_cons=4611386 req_used=0 comp_prod=4611363 comp_cons=4611363 comp_ready=0 next_comp_sequence=4610852 next_req_slot=314 next_req_slot_busy=0 payload_free_slots=2563 payload_lease_hwm=0 request_wake_armed=0 completion_wake_armed=0 request_publishes=4611386 request_kicks=5 completion_kicks=4 has_capacity=1
conn=1 lane=1 stream=0 failed=0 pending=7 inflight_count=36 inflight_slots=36 req_prod=4604425 req_cons=4604425 req_used=0 comp_prod=4604413 comp_cons=4604385 comp_ready=28 next_comp_sequence=4604386 next_req_slot=9 next_req_slot_busy=0 payload_free_slots=2578 payload_lease_hwm=0 request_wake_armed=0 completion_wake_armed=0 request_publishes=4604425 request_kicks=1 completion_kicks=8 has_capacity=1
timestamp_ns=1784168451009855866
online=1 transport=shm total_conns=2 active_conns=2
shm=1 daemon_online=1 daemon_generation=1 global_submit_sequence=9272045 ring_entries=512 payload_entries=8192 transfer_payload_slots=1
conn=0 lane=0 stream=0 failed=0 pending=0 inflight_count=48 inflight_slots=48 req_prod=4639210 req_cons=4639210 req_used=0 comp_prod=4639165 comp_cons=4639161 comp_ready=4 next_comp_sequence=4639162 next_req_slot=490 next_req_slot_busy=0 payload_free_slots=2576 payload_lease_hwm=0 request_wake_armed=0 completion_wake_armed=0 request_publishes=4639210 request_kicks=5 completion_kicks=4 has_capacity=1
conn=1 lane=1 stream=0 failed=0 pending=0 inflight_count=17 inflight_slots=17 req_prod=4632835 req_cons=4632835 req_used=0 comp_prod=4632818 comp_cons=4632817 comp_ready=1 next_comp_sequence=4632818 next_req_slot=259 next_req_slot_busy=0 payload_free_slots=2575 payload_lease_hwm=0 request_wake_armed=0 completion_wake_armed=0 request_publishes=4632835 request_kicks=1 completion_kicks=8 has_capacity=1
timestamp_ns=1784168451118083574
online=1 transport=shm total_conns=2 active_conns=2
shm=1 daemon_online=1 daemon_generation=1 global_submit_sequence=9327715 ring_entries=512 payload_entries=8192 transfer_payload_slots=1
conn=0 lane=0 stream=0 failed=0 pending=0 inflight_count=39 inflight_slots=39 req_prod=4667172 req_cons=4667152 req_used=20 comp_prod=4667133 comp_cons=4667133 comp_ready=0 next_comp_sequence=4666622 next_req_slot=292 next_req_slot_busy=0 payload_free_slots=2550 payload_lease_hwm=0 request_wake_armed=0 completion_wake_armed=0 request_publishes=4667172 request_kicks=5 completion_kicks=4 has_capacity=1
conn=1 lane=1 stream=0 failed=0 pending=0 inflight_count=19 inflight_slots=19 req_prod=4660543 req_cons=4660543 req_used=0 comp_prod=4660524 comp_cons=4660524 comp_ready=0 next_comp_sequence=4660013 next_req_slot=319 next_req_slot_busy=0 payload_free_slots=2574 payload_lease_hwm=0 request_wake_armed=0 completion_wake_armed=0 request_publishes=4660543 request_kicks=1 completion_kicks=8 has_capacity=1
timestamp_ns=1784168451226170477
online=1 transport=shm total_conns=2 active_conns=2
shm=1 daemon_online=1 daemon_generation=1 global_submit_sequence=9384604 ring_entries=512 payload_entries=8192 transfer_payload_slots=1
conn=0 lane=0 stream=0 failed=0 pending=0 inflight_count=25 inflight_slots=25 req_prod=4695965 req_cons=4695962 req_used=3 comp_prod=4695940 comp_cons=4695939 comp_ready=1 next_comp_sequence=4695940 next_req_slot=413 next_req_slot_busy=0 payload_free_slots=2563 payload_lease_hwm=0 request_wake_armed=0 completion_wake_armed=0 request_publishes=4695965 request_kicks=5 completion_kicks=4 has_capacity=1
conn=1 lane=1 stream=0 failed=0 pending=1 inflight_count=30 inflight_slots=30 req_prod=4688639 req_cons=4688639 req_used=0 comp_prod=4688609 comp_cons=4688609 comp_ready=0 next_comp_sequence=4688098 next_req_slot=255 next_req_slot_busy=0 payload_free_slots=2567 payload_lease_hwm=0 request_wake_armed=0 completion_wake_armed=0 request_publishes=4688639 request_kicks=1 completion_kicks=8 has_capacity=1
timestamp_ns=1784168451335411857
online=1 transport=shm total_conns=2 active_conns=2
shm=1 daemon_online=1 daemon_generation=1 global_submit_sequence=9440892 ring_entries=512 payload_entries=8192 transfer_payload_slots=1
conn=0 lane=0 stream=0 failed=0 pending=0 inflight_count=39 inflight_slots=39 req_prod=4724102 req_cons=4724082 req_used=20 comp_prod=4724063 comp_cons=4724063 comp_ready=0 next_comp_sequence=4723552 next_req_slot=390 next_req_slot_busy=0 payload_free_slots=2543 payload_lease_hwm=0 request_wake_armed=0 completion_wake_armed=0 request_publishes=4724102 request_kicks=5 completion_kicks=4 has_capacity=1
conn=1 lane=1 stream=0 failed=0 pending=0 inflight_count=58 inflight_slots=58 req_prod=4716790 req_cons=4716751 req_used=39 comp_prod=4716732 comp_cons=4716732 comp_ready=0 next_comp_sequence=4716221 next_req_slot=246 next_req_slot_busy=0 payload_free_slots=2545 payload_lease_hwm=0 request_wake_armed=0 completion_wake_armed=0 request_publishes=4716790 request_kicks=1 completion_kicks=8 has_capacity=1
timestamp_ns=1784168451443557260
online=1 transport=shm total_conns=2 active_conns=2
shm=1 daemon_online=1 daemon_generation=1 global_submit_sequence=9497078 ring_entries=512 payload_entries=8192 transfer_payload_slots=1
conn=0 lane=0 stream=0 failed=0 pending=0 inflight_count=47 inflight_slots=49 req_prod=4752430 req_cons=4752430 req_used=0 comp_prod=4752395 comp_cons=4752380 comp_ready=15 next_comp_sequence=4752381 next_req_slot=46 next_req_slot_busy=0 payload_free_slots=2569 payload_lease_hwm=0 request_wake_armed=0 completion_wake_armed=0 request_publishes=4752430 request_kicks=5 completion_kicks=4 has_capacity=1
conn=1 lane=1 stream=0 failed=0 pending=0 inflight_count=28 inflight_slots=28 req_prod=4744648 req_cons=4744648 req_used=0 comp_prod=4744620 comp_cons=4744620 comp_ready=0 next_comp_sequence=4744109 next_req_slot=456 next_req_slot_busy=0 payload_free_slots=2567 payload_lease_hwm=0 request_wake_armed=0 completion_wake_armed=0 request_publishes=4744648 request_kicks=1 completion_kicks=8 has_capacity=1
timestamp_ns=1784168451551921554
online=1 transport=shm total_conns=2 active_conns=2
shm=1 daemon_online=1 daemon_generation=1 global_submit_sequence=9552807 ring_entries=512 payload_entries=8192 transfer_payload_slots=1
conn=0 lane=0 stream=0 failed=0 pending=0 inflight_count=32 inflight_slots=32 req_prod=4780383 req_cons=4780383 req_used=0 comp_prod=4780355 comp_cons=4780350 comp_ready=5 next_comp_sequence=4780351 next_req_slot=351 next_req_slot_busy=0 payload_free_slots=2561 payload_lease_hwm=0 request_wake_armed=0 completion_wake_armed=0 request_publishes=4780383 request_kicks=5 completion_kicks=4 has_capacity=1
conn=1 lane=1 stream=0 failed=0 pending=0 inflight_count=21 inflight_slots=21 req_prod=4772424 req_cons=4772424 req_used=0 comp_prod=4772403 comp_cons=4772403 comp_ready=0 next_comp_sequence=4771892 next_req_slot=72 next_req_slot_busy=0 payload_free_slots=2569 payload_lease_hwm=0 request_wake_armed=0 completion_wake_armed=0 request_publishes=4772424 request_kicks=1 completion_kicks=8 has_capacity=1
timestamp_ns=1784168451660106007
online=1 transport=shm total_conns=2 active_conns=2
shm=1 daemon_online=1 daemon_generation=1 global_submit_sequence=9609417 ring_entries=512 payload_entries=8192 transfer_payload_slots=1
conn=0 lane=0 stream=0 failed=0 pending=10 inflight_count=49 inflight_slots=48 req_prod=4808886 req_cons=4808857 req_used=29 comp_prod=4808839 comp_cons=4808839 comp_ready=0 next_comp_sequence=4808328 next_req_slot=182 next_req_slot_busy=1 payload_free_slots=2547 payload_lease_hwm=0 request_wake_armed=0 completion_wake_armed=0 request_publishes=4808888 request_kicks=5 completion_kicks=4 has_capacity=1
conn=1 lane=1 stream=0 failed=0 pending=0 inflight_count=41 inflight_slots=41 req_prod=4800532 req_cons=4800528 req_used=4 comp_prod=4800501 comp_cons=4800490 comp_ready=11 next_comp_sequence=4800491 next_req_slot=20 next_req_slot_busy=0 payload_free_slots=2573 payload_lease_hwm=0 request_wake_armed=0 completion_wake_armed=0 request_publishes=4800532 request_kicks=1 completion_kicks=8 has_capacity=1
timestamp_ns=1784168451768230819
online=1 transport=shm total_conns=2 active_conns=2
shm=1 daemon_online=1 daemon_generation=1 global_submit_sequence=9665363 ring_entries=512 payload_entries=8192 transfer_payload_slots=1
conn=0 lane=0 stream=0 failed=0 pending=0 inflight_count=28 inflight_slots=28 req_prod=4837177 req_cons=4837177 req_used=0 comp_prod=4837149 comp_cons=4837149 comp_ready=0 next_comp_sequence=4836638 next_req_slot=313 next_req_slot_busy=0 payload_free_slots=2571 payload_lease_hwm=0 request_wake_armed=0 completion_wake_armed=0 request_publishes=4837177 request_kicks=5 completion_kicks=4 has_capacity=1
conn=1 lane=1 stream=0 failed=0 pending=0 inflight_count=27 inflight_slots=27 req_prod=4828186 req_cons=4828186 req_used=0 comp_prod=4828159 comp_cons=4828159 comp_ready=0 next_comp_sequence=4827648 next_req_slot=26 next_req_slot_busy=0 payload_free_slots=2572 payload_lease_hwm=0 request_wake_armed=0 completion_wake_armed=0 request_publishes=4828186 request_kicks=1 completion_kicks=8 has_capacity=1
timestamp_ns=1784168451876379733
online=1 transport=shm total_conns=2 active_conns=2
shm=1 daemon_online=1 daemon_generation=1 global_submit_sequence=9720765 ring_entries=512 payload_entries=8192 transfer_payload_slots=1
conn=0 lane=0 stream=0 failed=0 pending=0 inflight_count=64 inflight_slots=64 req_prod=4864539 req_cons=4864521 req_used=18 comp_prod=4864475 comp_cons=4864475 comp_ready=0 next_comp_sequence=4863964 next_req_slot=27 next_req_slot_busy=0 payload_free_slots=2560 payload_lease_hwm=0 request_wake_armed=0 completion_wake_armed=0 request_publishes=4864539 request_kicks=5 completion_kicks=4 has_capacity=1
conn=1 lane=1 stream=0 failed=0 pending=0 inflight_count=35 inflight_slots=35 req_prod=4856226 req_cons=4856206 req_used=20 comp_prod=4856191 comp_cons=4856191 comp_ready=0 next_comp_sequence=4855680 next_req_slot=418 next_req_slot_busy=0 payload_free_slots=2562 payload_lease_hwm=0 request_wake_armed=0 completion_wake_armed=0 request_publishes=4856226 request_kicks=1 completion_kicks=8 has_capacity=1
timestamp_ns=1784168451984543655
online=1 transport=shm total_conns=2 active_conns=2
shm=1 daemon_online=1 daemon_generation=1 global_submit_sequence=9777128 ring_entries=512 payload_entries=8192 transfer_payload_slots=1
conn=0 lane=0 stream=0 failed=0 pending=0 inflight_count=42 inflight_slots=42 req_prod=4892816 req_cons=4892796 req_used=20 comp_prod=4892774 comp_cons=4892774 comp_ready=0 next_comp_sequence=4892263 next_req_slot=144 next_req_slot_busy=0 payload_free_slots=2563 payload_lease_hwm=0 request_wake_armed=0 completion_wake_armed=0 request_publishes=4892816 request_kicks=5 completion_kicks=4 has_capacity=1
conn=1 lane=1 stream=0 failed=0 pending=0 inflight_count=55 inflight_slots=55 req_prod=4884312 req_cons=4884304 req_used=8 comp_prod=4884264 comp_cons=4884256 comp_ready=8 next_comp_sequence=4884257 next_req_slot=344 next_req_slot_busy=0 payload_free_slots=2567 payload_lease_hwm=0 request_wake_armed=0 completion_wake_armed=0 request_publishes=4884312 request_kicks=1 completion_kicks=8 has_capacity=1
timestamp_ns=1784168452092772377
online=1 transport=shm total_conns=2 active_conns=2
shm=1 daemon_online=1 daemon_generation=1 global_submit_sequence=9833817 ring_entries=512 payload_entries=8192 transfer_payload_slots=1
conn=0 lane=0 stream=0 failed=0 pending=0 inflight_count=16 inflight_slots=16 req_prod=4921511 req_cons=4921511 req_used=0 comp_prod=4921495 comp_cons=4921495 comp_ready=0 next_comp_sequence=4920984 next_req_slot=167 next_req_slot_busy=0 payload_free_slots=2564 payload_lease_hwm=0 request_wake_armed=0 completion_wake_armed=0 request_publishes=4921511 request_kicks=5 completion_kicks=4 has_capacity=1
conn=1 lane=1 stream=0 failed=0 pending=0 inflight_count=45 inflight_slots=45 req_prod=4912306 req_cons=4912280 req_used=26 comp_prod=4912261 comp_cons=4912261 comp_ready=0 next_comp_sequence=4911750 next_req_slot=178 next_req_slot_busy=0 payload_free_slots=2564 payload_lease_hwm=0 request_wake_armed=0 completion_wake_armed=0 request_publishes=4912306 request_kicks=1 completion_kicks=8 has_capacity=1
timestamp_ns=1784168452200868954
online=1 transport=shm total_conns=2 active_conns=2
shm=1 daemon_online=1 daemon_generation=1 global_submit_sequence=9889624 ring_entries=512 payload_entries=8192 transfer_payload_slots=1
conn=0 lane=0 stream=0 failed=0 pending=0 inflight_count=15 inflight_slots=15 req_prod=4949502 req_cons=4949502 req_used=0 comp_prod=4949487 comp_cons=4949487 comp_ready=0 next_comp_sequence=4948976 next_req_slot=510 next_req_slot_busy=0 payload_free_slots=2562 payload_lease_hwm=0 request_wake_armed=0 completion_wake_armed=0 request_publishes=4949502 request_kicks=5 completion_kicks=4 has_capacity=1
conn=1 lane=1 stream=0 failed=0 pending=0 inflight_count=49 inflight_slots=49 req_prod=4940122 req_cons=4940082 req_used=40 comp_prod=4940073 comp_cons=4940073 comp_ready=0 next_comp_sequence=4939562 next_req_slot=346 next_req_slot_busy=0 payload_free_slots=2547 payload_lease_hwm=0 request_wake_armed=0 completion_wake_armed=0 request_publishes=4940122 request_kicks=1 completion_kicks=8 has_capacity=1
timestamp_ns=1784168452309935892
online=1 transport=shm total_conns=2 active_conns=2
shm=1 daemon_online=1 daemon_generation=1 global_submit_sequence=9945216 ring_entries=512 payload_entries=8192 transfer_payload_slots=1
conn=0 lane=0 stream=0 failed=0 pending=0 inflight_count=39 inflight_slots=39 req_prod=4977281 req_cons=4977261 req_used=20 comp_prod=4977242 comp_cons=4977242 comp_ready=0 next_comp_sequence=4976731 next_req_slot=129 next_req_slot_busy=0 payload_free_slots=2564 payload_lease_hwm=0 request_wake_armed=0 completion_wake_armed=0 request_publishes=4977281 request_kicks=5 completion_kicks=4 has_capacity=1
conn=1 lane=1 stream=0 failed=0 pending=0 inflight_count=22 inflight_slots=22 req_prod=4967935 req_cons=4967935 req_used=0 comp_prod=4967913 comp_cons=4967913 comp_ready=0 next_comp_sequence=4967402 next_req_slot=511 next_req_slot_busy=0 payload_free_slots=2580 payload_lease_hwm=0 request_wake_armed=0 completion_wake_armed=0 request_publishes=4967935 request_kicks=1 completion_kicks=8 has_capacity=1
timestamp_ns=1784168452418052730
online=1 transport=shm total_conns=2 active_conns=2
shm=1 daemon_online=1 daemon_generation=1 global_submit_sequence=10001203 ring_entries=512 payload_entries=8192 transfer_payload_slots=1
conn=0 lane=0 stream=0 failed=0 pending=0 inflight_count=51 inflight_slots=51 req_prod=5005144 req_cons=5005144 req_used=0 comp_prod=5005102 comp_cons=5005092 comp_ready=10 next_comp_sequence=5005093 next_req_slot=344 next_req_slot_busy=0 payload_free_slots=2574 payload_lease_hwm=0 request_wake_armed=0 completion_wake_armed=0 request_publishes=5005144 request_kicks=5 completion_kicks=4 has_capacity=1
conn=1 lane=1 stream=0 failed=0 pending=0 inflight_count=35 inflight_slots=35 req_prod=4996059 req_cons=4996039 req_used=20 comp_prod=4996024 comp_cons=4996024 comp_ready=0 next_comp_sequence=4995513 next_req_slot=475 next_req_slot_busy=0 payload_free_slots=2554 payload_lease_hwm=0 request_wake_armed=0 completion_wake_armed=0 request_publishes=4996059 request_kicks=1 completion_kicks=8 has_capacity=1
timestamp_ns=1784168452526346730
online=1 transport=shm total_conns=2 active_conns=2
shm=1 daemon_online=1 daemon_generation=1 global_submit_sequence=10057217 ring_entries=512 payload_entries=8192 transfer_payload_slots=1
conn=0 lane=0 stream=0 failed=0 pending=0 inflight_count=58 inflight_slots=58 req_prod=5033083 req_cons=5033043 req_used=40 comp_prod=5033025 comp_cons=5033025 comp_ready=0 next_comp_sequence=5032514 next_req_slot=123 next_req_slot_busy=0 payload_free_slots=2534 payload_lease_hwm=0 request_wake_armed=0 completion_wake_armed=0 request_publishes=5033083 request_kicks=5 completion_kicks=4 has_capacity=1
conn=1 lane=1 stream=0 failed=0 pending=10 inflight_count=48 inflight_slots=48 req_prod=5024140 req_cons=5024111 req_used=29 comp_prod=5024093 comp_cons=5024093 comp_ready=0 next_comp_sequence=5023582 next_req_slot=396 next_req_slot_busy=1 payload_free_slots=2554 payload_lease_hwm=0 request_wake_armed=0 completion_wake_armed=0 request_publishes=5024141 request_kicks=1 completion_kicks=8 has_capacity=1
timestamp_ns=1784168452634597674
online=1 transport=shm total_conns=2 active_conns=2
shm=1 daemon_online=1 daemon_generation=1 global_submit_sequence=10113878 ring_entries=512 payload_entries=8192 transfer_payload_slots=1
conn=0 lane=0 stream=0 failed=0 pending=0 inflight_count=34 inflight_slots=34 req_prod=5061988 req_cons=5061988 req_used=0 comp_prod=5061954 comp_cons=5061954 comp_ready=0 next_comp_sequence=5061443 next_req_slot=356 next_req_slot_busy=0 payload_free_slots=2562 payload_lease_hwm=0 request_wake_armed=0 completion_wake_armed=0 request_publishes=5061988 request_kicks=5 completion_kicks=4 has_capacity=1
conn=1 lane=1 stream=0 failed=0 pending=0 inflight_count=37 inflight_slots=37 req_prod=5051890 req_cons=5051870 req_used=20 comp_prod=5051853 comp_cons=5051853 comp_ready=0 next_comp_sequence=5051342 next_req_slot=498 next_req_slot_busy=0 payload_free_slots=2558 payload_lease_hwm=0 request_wake_armed=0 completion_wake_armed=0 request_publishes=5051890 request_kicks=1 completion_kicks=8 has_capacity=1
timestamp_ns=1784168452742667061
online=1 transport=shm total_conns=2 active_conns=2
shm=1 daemon_online=1 daemon_generation=1 global_submit_sequence=10169847 ring_entries=512 payload_entries=8192 transfer_payload_slots=1
conn=0 lane=0 stream=0 failed=0 pending=0 inflight_count=45 inflight_slots=45 req_prod=5089894 req_cons=5089874 req_used=20 comp_prod=5089849 comp_cons=5089849 comp_ready=0 next_comp_sequence=5089338 next_req_slot=102 next_req_slot_busy=0 payload_free_slots=2548 payload_lease_hwm=0 request_wake_armed=0 completion_wake_armed=0 request_publishes=5089894 request_kicks=5 completion_kicks=4 has_capacity=1
conn=1 lane=1 stream=0 failed=0 pending=0 inflight_count=41 inflight_slots=41 req_prod=5079953 req_cons=5079933 req_used=20 comp_prod=5079912 comp_cons=5079912 comp_ready=0 next_comp_sequence=5079401 next_req_slot=401 next_req_slot_busy=0 payload_free_slots=2560 payload_lease_hwm=0 request_wake_armed=0 completion_wake_armed=0 request_publishes=5079953 request_kicks=1 completion_kicks=8 has_capacity=1
timestamp_ns=1784168452850663367
online=1 transport=shm total_conns=2 active_conns=2
shm=1 daemon_online=1 daemon_generation=1 global_submit_sequence=10225869 ring_entries=512 payload_entries=8192 transfer_payload_slots=1
conn=0 lane=0 stream=0 failed=0 pending=0 inflight_count=40 inflight_slots=40 req_prod=5118292 req_cons=5118269 req_used=23 comp_prod=5118252 comp_cons=5118252 comp_ready=0 next_comp_sequence=5117741 next_req_slot=340 next_req_slot_busy=0 payload_free_slots=2564 payload_lease_hwm=0 request_wake_armed=0 completion_wake_armed=0 request_publishes=5118292 request_kicks=5 completion_kicks=4 has_capacity=1
conn=1 lane=1 stream=0 failed=0 pending=0 inflight_count=23 inflight_slots=24 req_prod=5107582 req_cons=5107581 req_used=1 comp_prod=5107558 comp_cons=5107557 comp_ready=1 next_comp_sequence=5107558 next_req_slot=382 next_req_slot_busy=0 payload_free_slots=2566 payload_lease_hwm=0 request_wake_armed=0 completion_wake_armed=0 request_publishes=5107582 request_kicks=1 completion_kicks=8 has_capacity=1
timestamp_ns=1784168452958670960
online=1 transport=shm total_conns=2 active_conns=2
shm=1 daemon_online=1 daemon_generation=1 global_submit_sequence=10281470 ring_entries=512 payload_entries=8192 transfer_payload_slots=1
conn=0 lane=0 stream=0 failed=0 pending=0 inflight_count=24 inflight_slots=24 req_prod=5146581 req_cons=5146581 req_used=0 comp_prod=5146557 comp_cons=5146556 comp_ready=1 next_comp_sequence=5146557 next_req_slot=469 next_req_slot_busy=0 payload_free_slots=2580 payload_lease_hwm=0 request_wake_armed=0 completion_wake_armed=0 request_publishes=5146581 request_kicks=5 completion_kicks=4 has_capacity=1
conn=1 lane=1 stream=0 failed=0 pending=0 inflight_count=64 inflight_slots=64 req_prod=5134889 req_cons=5134849 req_used=40 comp_prod=5134825 comp_cons=5134825 comp_ready=0 next_comp_sequence=5134314 next_req_slot=41 next_req_slot_busy=0 payload_free_slots=2560 payload_lease_hwm=0 request_wake_armed=0 completion_wake_armed=0 request_publishes=5134889 request_kicks=1 completion_kicks=8 has_capacity=1
timestamp_ns=1784168453066825176
online=1 transport=shm total_conns=2 active_conns=2
shm=1 daemon_online=1 daemon_generation=1 global_submit_sequence=10337786 ring_entries=512 payload_entries=8192 transfer_payload_slots=1
conn=0 lane=0 stream=0 failed=0 pending=8 inflight_count=28 inflight_slots=28 req_prod=5174725 req_cons=5174720 req_used=5 comp_prod=5174703 comp_cons=5174699 comp_ready=4 next_comp_sequence=5174700 next_req_slot=453 next_req_slot_busy=1 payload_free_slots=2562 payload_lease_hwm=0 request_wake_armed=0 completion_wake_armed=0 request_publishes=5174726 request_kicks=5 completion_kicks=4 has_capacity=0
conn=1 lane=1 stream=0 failed=0 pending=9 inflight_count=47 inflight_slots=47 req_prod=5163065 req_cons=5163035 req_used=30 comp_prod=5163019 comp_cons=5163019 comp_ready=0 next_comp_sequence=5162508 next_req_slot=57 next_req_slot_busy=1 payload_free_slots=2554 payload_lease_hwm=0 request_wake_armed=0 completion_wake_armed=0 request_publishes=5163066 request_kicks=1 completion_kicks=8 has_capacity=1
timestamp_ns=1784168453174906300
online=1 transport=shm total_conns=2 active_conns=2
shm=1 daemon_online=1 daemon_generation=1 global_submit_sequence=10393987 ring_entries=512 payload_entries=8192 transfer_payload_slots=1
conn=0 lane=0 stream=0 failed=0 pending=0 inflight_count=26 inflight_slots=28 req_prod=5203041 req_cons=5203041 req_used=0 comp_prod=5203028 comp_cons=5203012 comp_ready=16 next_comp_sequence=5203013 next_req_slot=97 next_req_slot_busy=0 payload_free_slots=2565 payload_lease_hwm=0 request_wake_armed=0 completion_wake_armed=0 request_publishes=5203041 request_kicks=5 completion_kicks=4 has_capacity=1
conn=1 lane=1 stream=0 failed=0 pending=0 inflight_count=37 inflight_slots=37 req_prod=5190952 req_cons=5190932 req_used=20 comp_prod=5190915 comp_cons=5190915 comp_ready=0 next_comp_sequence=5190404 next_req_slot=296 next_req_slot_busy=0 payload_free_slots=2552 payload_lease_hwm=0 request_wake_armed=0 completion_wake_armed=0 request_publishes=5190952 request_kicks=1 completion_kicks=8 has_capacity=1
timestamp_ns=1784168453282999073
online=1 transport=shm total_conns=2 active_conns=2
shm=1 daemon_online=1 daemon_generation=1 global_submit_sequence=10449750 ring_entries=512 payload_entries=8192 transfer_payload_slots=1
conn=0 lane=0 stream=0 failed=0 pending=0 inflight_count=18 inflight_slots=18 req_prod=5231041 req_cons=5231041 req_used=0 comp_prod=5231023 comp_cons=5231023 comp_ready=0 next_comp_sequence=5230512 next_req_slot=449 next_req_slot_busy=0 payload_free_slots=2571 payload_lease_hwm=0 request_wake_armed=0 completion_wake_armed=0 request_publishes=5231041 request_kicks=5 completion_kicks=4 has_capacity=1
conn=1 lane=1 stream=0 failed=0 pending=0 inflight_count=19 inflight_slots=19 req_prod=5218709 req_cons=5218709 req_used=0 comp_prod=5218690 comp_cons=5218690 comp_ready=0 next_comp_sequence=5218179 next_req_slot=405 next_req_slot_busy=0 payload_free_slots=2572 payload_lease_hwm=0 request_wake_armed=0 completion_wake_armed=0 request_publishes=5218709 request_kicks=1 completion_kicks=8 has_capacity=1
timestamp_ns=1784168453390938355
online=1 transport=shm total_conns=2 active_conns=2
shm=1 daemon_online=1 daemon_generation=1 global_submit_sequence=10504855 ring_entries=512 payload_entries=8192 transfer_payload_slots=1
conn=0 lane=0 stream=0 failed=0 pending=14 inflight_count=28 inflight_slots=27 req_prod=5258921 req_cons=5258916 req_used=5 comp_prod=5258895 comp_cons=5258895 comp_ready=0 next_comp_sequence=5258384 next_req_slot=169 next_req_slot_busy=1 payload_free_slots=2559 payload_lease_hwm=0 request_wake_armed=0 completion_wake_armed=0 request_publishes=5258923 request_kicks=5 completion_kicks=4 has_capacity=1
conn=1 lane=1 stream=0 failed=0 pending=0 inflight_count=63 inflight_slots=63 req_prod=5245934 req_cons=5245894 req_used=40 comp_prod=5245871 comp_cons=5245871 comp_ready=0 next_comp_sequence=5245360 next_req_slot=494 next_req_slot_busy=0 payload_free_slots=2533 payload_lease_hwm=0 request_wake_armed=0 completion_wake_armed=0 request_publishes=5245934 request_kicks=1 completion_kicks=8 has_capacity=1
timestamp_ns=1784168453498923437
online=1 transport=shm total_conns=2 active_conns=2
shm=1 daemon_online=1 daemon_generation=1 global_submit_sequence=10561006 ring_entries=512 payload_entries=8192 transfer_payload_slots=1
conn=0 lane=0 stream=0 failed=0 pending=8 inflight_count=36 inflight_slots=36 req_prod=5286880 req_cons=5286869 req_used=11 comp_prod=5286846 comp_cons=5286846 comp_ready=0 next_comp_sequence=5286335 next_req_slot=480 next_req_slot_busy=1 payload_free_slots=2549 payload_lease_hwm=0 request_wake_armed=0 completion_wake_armed=0 request_publishes=5286882 request_kicks=5 completion_kicks=4 has_capacity=1
conn=1 lane=1 stream=0 failed=0 pending=0 inflight_count=32 inflight_slots=32 req_prod=5274127 req_cons=5274107 req_used=20 comp_prod=5274095 comp_cons=5274095 comp_ready=0 next_comp_sequence=5273584 next_req_slot=15 next_req_slot_busy=0 payload_free_slots=2571 payload_lease_hwm=0 request_wake_armed=0 completion_wake_armed=0 request_publishes=5274127 request_kicks=1 completion_kicks=8 has_capacity=1
timestamp_ns=1784168453606991705
online=1 transport=shm total_conns=2 active_conns=2
shm=1 daemon_online=1 daemon_generation=1 global_submit_sequence=10617089 ring_entries=512 payload_entries=8192 transfer_payload_slots=1
conn=0 lane=0 stream=0 failed=0 pending=0 inflight_count=20 inflight_slots=20 req_prod=5315110 req_cons=5315110 req_used=0 comp_prod=5315090 comp_cons=5315090 comp_ready=0 next_comp_sequence=5314579 next_req_slot=38 next_req_slot_busy=0 payload_free_slots=2570 payload_lease_hwm=0 request_wake_armed=0 completion_wake_armed=0 request_publishes=5315110 request_kicks=5 completion_kicks=4 has_capacity=1
conn=1 lane=1 stream=0 failed=0 pending=1 inflight_count=40 inflight_slots=40 req_prod=5301984 req_cons=5301984 req_used=0 comp_prod=5301946 comp_cons=5301945 comp_ready=1 next_comp_sequence=5301946 next_req_slot=224 next_req_slot_busy=1 payload_free_slots=2567 payload_lease_hwm=0 request_wake_armed=0 completion_wake_armed=0 request_publishes=5301986 request_kicks=1 completion_kicks=8 has_capacity=1
timestamp_ns=1784168453715164272
online=1 transport=shm total_conns=2 active_conns=2
shm=1 daemon_online=1 daemon_generation=1 global_submit_sequence=10673036 ring_entries=512 payload_entries=8192 transfer_payload_slots=1
conn=0 lane=0 stream=0 failed=0 pending=0 inflight_count=64 inflight_slots=64 req_prod=5343072 req_cons=5343039 req_used=33 comp_prod=5343008 comp_cons=5343008 comp_ready=0 next_comp_sequence=5342497 next_req_slot=352 next_req_slot_busy=0 payload_free_slots=2541 payload_lease_hwm=0 request_wake_armed=0 completion_wake_armed=0 request_publishes=5343072 request_kicks=5 completion_kicks=4 has_capacity=1
conn=1 lane=1 stream=0 failed=0 pending=0 inflight_count=39 inflight_slots=39 req_prod=5329964 req_cons=5329944 req_used=20 comp_prod=5329925 comp_cons=5329925 comp_ready=0 next_comp_sequence=5329414 next_req_slot=44 next_req_slot_busy=0 payload_free_slots=2565 payload_lease_hwm=0 request_wake_armed=0 completion_wake_armed=0 request_publishes=5329964 request_kicks=1 completion_kicks=8 has_capacity=1
timestamp_ns=1784168453823386958
online=1 transport=shm total_conns=2 active_conns=2
shm=1 daemon_online=1 daemon_generation=1 global_submit_sequence=10729309 ring_entries=512 payload_entries=8192 transfer_payload_slots=1
conn=0 lane=0 stream=0 failed=0 pending=0 inflight_count=40 inflight_slots=40 req_prod=5371116 req_cons=5371096 req_used=20 comp_prod=5371076 comp_cons=5371076 comp_ready=0 next_comp_sequence=5370565 next_req_slot=236 next_req_slot_busy=0 payload_free_slots=2545 payload_lease_hwm=0 request_wake_armed=0 completion_wake_armed=0 request_publishes=5371116 request_kicks=5 completion_kicks=4 has_capacity=1
conn=1 lane=1 stream=0 failed=0 pending=0 inflight_count=64 inflight_slots=64 req_prod=5358193 req_cons=5358155 req_used=38 comp_prod=5358129 comp_cons=5358129 comp_ready=0 next_comp_sequence=5357618 next_req_slot=113 next_req_slot_busy=0 payload_free_slots=2536 payload_lease_hwm=0 request_wake_armed=0 completion_wake_armed=0 request_publishes=5358193 request_kicks=1 completion_kicks=8 has_capacity=1
timestamp_ns=1784168453931376051
online=1 transport=shm total_conns=2 active_conns=2
shm=1 daemon_online=1 daemon_generation=1 global_submit_sequence=10784779 ring_entries=512 payload_entries=8192 transfer_payload_slots=1
conn=0 lane=0 stream=0 failed=0 pending=0 inflight_count=41 inflight_slots=41 req_prod=5398727 req_cons=5398707 req_used=20 comp_prod=5398686 comp_cons=5398686 comp_ready=0 next_comp_sequence=5398175 next_req_slot=199 next_req_slot_busy=0 payload_free_slots=2554 payload_lease_hwm=0 request_wake_armed=0 completion_wake_armed=0 request_publishes=5398727 request_kicks=5 completion_kicks=4 has_capacity=1
conn=1 lane=1 stream=0 failed=0 pending=0 inflight_count=64 inflight_slots=64 req_prod=5386052 req_cons=5386012 req_used=40 comp_prod=5385988 comp_cons=5385988 comp_ready=0 next_comp_sequence=5385477 next_req_slot=324 next_req_slot_busy=0 payload_free_slots=2543 payload_lease_hwm=0 request_wake_armed=0 completion_wake_armed=0 request_publishes=5386052 request_kicks=1 completion_kicks=8 has_capacity=1
timestamp_ns=1784168454039876413
online=1 transport=shm total_conns=2 active_conns=2
shm=1 daemon_online=1 daemon_generation=1 global_submit_sequence=10841074 ring_entries=512 payload_entries=8192 transfer_payload_slots=1
conn=0 lane=0 stream=0 failed=0 pending=0 inflight_count=38 inflight_slots=38 req_prod=5427253 req_cons=5427233 req_used=20 comp_prod=5427215 comp_cons=5427215 comp_ready=0 next_comp_sequence=5426704 next_req_slot=53 next_req_slot_busy=0 payload_free_slots=2564 payload_lease_hwm=0 request_wake_armed=0 completion_wake_armed=0 request_publishes=5427253 request_kicks=5 completion_kicks=4 has_capacity=1
conn=1 lane=1 stream=0 failed=0 pending=0 inflight_count=42 inflight_slots=42 req_prod=5413821 req_cons=5413801 req_used=20 comp_prod=5413779 comp_cons=5413779 comp_ready=0 next_comp_sequence=5413268 next_req_slot=445 next_req_slot_busy=0 payload_free_slots=2551 payload_lease_hwm=0 request_wake_armed=0 completion_wake_armed=0 request_publishes=5413821 request_kicks=1 completion_kicks=8 has_capacity=1
timestamp_ns=1784168454148076340
online=1 transport=shm total_conns=2 active_conns=2
shm=1 daemon_online=1 daemon_generation=1 global_submit_sequence=10896961 ring_entries=512 payload_entries=8192 transfer_payload_slots=1
conn=0 lane=0 stream=0 failed=0 pending=13 inflight_count=26 inflight_slots=25 req_prod=5454936 req_cons=5454935 req_used=1 comp_prod=5454911 comp_cons=5454911 comp_ready=0 next_comp_sequence=5454400 next_req_slot=88 next_req_slot_busy=1 payload_free_slots=2567 payload_lease_hwm=0 request_wake_armed=0 completion_wake_armed=0 request_publishes=5454936 request_kicks=5 completion_kicks=4 has_capacity=0
conn=1 lane=1 stream=0 failed=0 pending=16 inflight_count=23 inflight_slots=23 req_prod=5442028 req_cons=5442027 req_used=1 comp_prod=5442012 comp_cons=5442006 comp_ready=6 next_comp_sequence=5442007 next_req_slot=492 next_req_slot_busy=1 payload_free_slots=2561 payload_lease_hwm=0 request_wake_armed=0 completion_wake_armed=0 request_publishes=5442029 request_kicks=1 completion_kicks=8 has_capacity=1
timestamp_ns=1784168454256134256
online=1 transport=shm total_conns=2 active_conns=2
shm=1 daemon_online=1 daemon_generation=1 global_submit_sequence=10953455 ring_entries=512 payload_entries=8192 transfer_payload_slots=1
conn=0 lane=0 stream=0 failed=0 pending=0 inflight_count=36 inflight_slots=36 req_prod=5483099 req_cons=5483079 req_used=20 comp_prod=5483063 comp_cons=5483063 comp_ready=0 next_comp_sequence=5482552 next_req_slot=91 next_req_slot_busy=0 payload_free_slots=2562 payload_lease_hwm=0 request_wake_armed=0 completion_wake_armed=0 request_publishes=5483099 request_kicks=5 completion_kicks=4 has_capacity=1
conn=1 lane=1 stream=0 failed=0 pending=0 inflight_count=64 inflight_slots=64 req_prod=5470356 req_cons=5470312 req_used=44 comp_prod=5470292 comp_cons=5470292 comp_ready=0 next_comp_sequence=5469781 next_req_slot=148 next_req_slot_busy=0 payload_free_slots=2560 payload_lease_hwm=0 request_wake_armed=0 completion_wake_armed=0 request_publishes=5470356 request_kicks=1 completion_kicks=8 has_capacity=1
timestamp_ns=1784168454364169557
online=1 transport=shm total_conns=2 active_conns=2
shm=1 daemon_online=1 daemon_generation=1 global_submit_sequence=11009612 ring_entries=512 payload_entries=8192 transfer_payload_slots=1
conn=0 lane=0 stream=0 failed=0 pending=0 inflight_count=25 inflight_slots=25 req_prod=5511453 req_cons=5511453 req_used=0 comp_prod=5511428 comp_cons=5511428 comp_ready=0 next_comp_sequence=5510917 next_req_slot=285 next_req_slot_busy=0 payload_free_slots=2561 payload_lease_hwm=0 request_wake_armed=0 completion_wake_armed=0 request_publishes=5511453 request_kicks=5 completion_kicks=4 has_capacity=1
conn=1 lane=1 stream=0 failed=0 pending=10 inflight_count=17 inflight_slots=17 req_prod=5498161 req_cons=5498159 req_used=2 comp_prod=5498145 comp_cons=5498145 comp_ready=0 next_comp_sequence=5497634 next_req_slot=305 next_req_slot_busy=1 payload_free_slots=2571 payload_lease_hwm=0 request_wake_armed=0 completion_wake_armed=0 request_publishes=5498162 request_kicks=1 completion_kicks=8 has_capacity=1
timestamp_ns=1784168454472159230
online=1 transport=shm total_conns=2 active_conns=2
shm=1 daemon_online=1 daemon_generation=1 global_submit_sequence=11064866 ring_entries=512 payload_entries=8192 transfer_payload_slots=1
conn=0 lane=0 stream=0 failed=0 pending=0 inflight_count=19 inflight_slots=19 req_prod=5539167 req_cons=5539167 req_used=0 comp_prod=5539148 comp_cons=5539148 comp_ready=0 next_comp_sequence=5538637 next_req_slot=351 next_req_slot_busy=0 payload_free_slots=2569 payload_lease_hwm=0 request_wake_armed=0 completion_wake_armed=0 request_publishes=5539167 request_kicks=5 completion_kicks=4 has_capacity=1
conn=1 lane=1 stream=0 failed=0 pending=0 inflight_count=30 inflight_slots=30 req_prod=5525699 req_cons=5525687 req_used=12 comp_prod=5525669 comp_cons=5525669 comp_ready=0 next_comp_sequence=5525158 next_req_slot=195 next_req_slot_busy=0 payload_free_slots=2568 payload_lease_hwm=0 request_wake_armed=0 completion_wake_armed=0 request_publishes=5525699 request_kicks=1 completion_kicks=8 has_capacity=1
timestamp_ns=1784168454580269798
online=1 transport=shm total_conns=2 active_conns=2
shm=1 daemon_online=1 daemon_generation=1 global_submit_sequence=11121145 ring_entries=512 payload_entries=8192 transfer_payload_slots=1
conn=0 lane=0 stream=0 failed=0 pending=5 inflight_count=33 inflight_slots=33 req_prod=5567853 req_cons=5567839 req_used=14 comp_prod=5567821 comp_cons=5567821 comp_ready=0 next_comp_sequence=5567310 next_req_slot=365 next_req_slot_busy=1 payload_free_slots=2560 payload_lease_hwm=0 request_wake_armed=0 completion_wake_armed=0 request_publishes=5567854 request_kicks=5 completion_kicks=4 has_capacity=0
conn=1 lane=1 stream=0 failed=0 pending=0 inflight_count=60 inflight_slots=60 req_prod=5553292 req_cons=5553252 req_used=40 comp_prod=5553232 comp_cons=5553232 comp_ready=0 next_comp_sequence=5552721 next_req_slot=140 next_req_slot_busy=0 payload_free_slots=2541 payload_lease_hwm=0 request_wake_armed=0 completion_wake_armed=0 request_publishes=5553292 request_kicks=1 completion_kicks=8 has_capacity=1
timestamp_ns=1784168454688341348
online=1 transport=shm total_conns=2 active_conns=2
shm=1 daemon_online=1 daemon_generation=1 global_submit_sequence=11176819 ring_entries=512 payload_entries=8192 transfer_payload_slots=1
conn=0 lane=0 stream=0 failed=0 pending=0 inflight_count=21 inflight_slots=23 req_prod=5595848 req_cons=5595848 req_used=0 comp_prod=5595831 comp_cons=5595824 comp_ready=7 next_comp_sequence=5595825 next_req_slot=200 next_req_slot_busy=0 payload_free_slots=2582 payload_lease_hwm=0 request_wake_armed=0 completion_wake_armed=0 request_publishes=5595848 request_kicks=5 completion_kicks=4 has_capacity=1
conn=1 lane=1 stream=0 failed=0 pending=0 inflight_count=38 inflight_slots=38 req_prod=5580971 req_cons=5580971 req_used=0 comp_prod=5580950 comp_cons=5580932 comp_ready=18 next_comp_sequence=5580933 next_req_slot=171 next_req_slot_busy=0 payload_free_slots=2576 payload_lease_hwm=0 request_wake_armed=0 completion_wake_armed=0 request_publishes=5580971 request_kicks=1 completion_kicks=8 has_capacity=1
timestamp_ns=1784168454796327539
online=1 transport=shm total_conns=2 active_conns=2
shm=1 daemon_online=1 daemon_generation=1 global_submit_sequence=11232001 ring_entries=512 payload_entries=8192 transfer_payload_slots=1
conn=0 lane=0 stream=0 failed=0 pending=0 inflight_count=60 inflight_slots=60 req_prod=5623328 req_cons=5623288 req_used=40 comp_prod=5623268 comp_cons=5623268 comp_ready=0 next_comp_sequence=5622757 next_req_slot=32 next_req_slot_busy=0 payload_free_slots=2536 payload_lease_hwm=0 request_wake_armed=0 completion_wake_armed=0 request_publishes=5623328 request_kicks=5 completion_kicks=4 has_capacity=1
conn=1 lane=1 stream=0 failed=0 pending=0 inflight_count=60 inflight_slots=60 req_prod=5608673 req_cons=5608633 req_used=40 comp_prod=5608613 comp_cons=5608613 comp_ready=0 next_comp_sequence=5608102 next_req_slot=225 next_req_slot_busy=0 payload_free_slots=2560 payload_lease_hwm=0 request_wake_armed=0 completion_wake_armed=0 request_publishes=5608673 request_kicks=1 completion_kicks=8 has_capacity=1
timestamp_ns=1784168454904470772
online=1 transport=shm total_conns=2 active_conns=2
shm=1 daemon_online=1 daemon_generation=1 global_submit_sequence=11288221 ring_entries=512 payload_entries=8192 transfer_payload_slots=1
conn=0 lane=0 stream=0 failed=0 pending=0 inflight_count=41 inflight_slots=41 req_prod=5651358 req_cons=5651338 req_used=20 comp_prod=5651317 comp_cons=5651317 comp_ready=0 next_comp_sequence=5650806 next_req_slot=414 next_req_slot_busy=0 payload_free_slots=2549 payload_lease_hwm=0 request_wake_armed=0 completion_wake_armed=0 request_publishes=5651358 request_kicks=5 completion_kicks=4 has_capacity=1
conn=1 lane=1 stream=0 failed=0 pending=0 inflight_count=25 inflight_slots=25 req_prod=5636863 req_cons=5636863 req_used=0 comp_prod=5636838 comp_cons=5636838 comp_ready=0 next_comp_sequence=5636327 next_req_slot=255 next_req_slot_busy=0 payload_free_slots=2562 payload_lease_hwm=0 request_wake_armed=0 completion_wake_armed=0 request_publishes=5636863 request_kicks=1 completion_kicks=8 has_capacity=1
timestamp_ns=1784168455012490246
online=1 transport=shm total_conns=2 active_conns=2
shm=1 daemon_online=1 daemon_generation=1 global_submit_sequence=11344191 ring_entries=512 payload_entries=8192 transfer_payload_slots=1
conn=0 lane=0 stream=0 failed=0 pending=0 inflight_count=21 inflight_slots=21 req_prod=5679596 req_cons=5679596 req_used=0 comp_prod=5679575 comp_cons=5679575 comp_ready=0 next_comp_sequence=5679064 next_req_slot=492 next_req_slot_busy=0 payload_free_slots=2563 payload_lease_hwm=0 request_wake_armed=0 completion_wake_armed=0 request_publishes=5679596 request_kicks=5 completion_kicks=4 has_capacity=1
conn=1 lane=1 stream=0 failed=0 pending=0 inflight_count=40 inflight_slots=40 req_prod=5664595 req_cons=5664575 req_used=20 comp_prod=5664555 comp_cons=5664555 comp_ready=0 next_comp_sequence=5664044 next_req_slot=339 next_req_slot_busy=0 payload_free_slots=2550 payload_lease_hwm=0 request_wake_armed=0 completion_wake_armed=0 request_publishes=5664595 request_kicks=1 completion_kicks=8 has_capacity=1
timestamp_ns=1784168455120695400
online=1 transport=shm total_conns=2 active_conns=2
shm=1 daemon_online=1 daemon_generation=1 global_submit_sequence=11400651 ring_entries=512 payload_entries=8192 transfer_payload_slots=1
conn=0 lane=0 stream=0 failed=0 pending=0 inflight_count=21 inflight_slots=21 req_prod=5707808 req_cons=5707808 req_used=0 comp_prod=5707787 comp_cons=5707787 comp_ready=0 next_comp_sequence=5707276 next_req_slot=32 next_req_slot_busy=0 payload_free_slots=2561 payload_lease_hwm=0 request_wake_armed=0 completion_wake_armed=0 request_publishes=5707808 request_kicks=5 completion_kicks=4 has_capacity=1
conn=1 lane=1 stream=0 failed=0 pending=0 inflight_count=42 inflight_slots=42 req_prod=5692843 req_cons=5692823 req_used=20 comp_prod=5692801 comp_cons=5692801 comp_ready=0 next_comp_sequence=5692290 next_req_slot=427 next_req_slot_busy=0 payload_free_slots=2556 payload_lease_hwm=0 request_wake_armed=0 completion_wake_armed=0 request_publishes=5692843 request_kicks=1 completion_kicks=8 has_capacity=1
timestamp_ns=1784168455228903645
online=1 transport=shm total_conns=2 active_conns=2
shm=1 daemon_online=1 daemon_generation=1 global_submit_sequence=11457193 ring_entries=512 payload_entries=8192 transfer_payload_slots=1
conn=0 lane=0 stream=0 failed=0 pending=0 inflight_count=30 inflight_slots=30 req_prod=5736069 req_cons=5736069 req_used=0 comp_prod=5736039 comp_cons=5736039 comp_ready=0 next_comp_sequence=5735528 next_req_slot=133 next_req_slot_busy=0 payload_free_slots=2562 payload_lease_hwm=0 request_wake_armed=0 completion_wake_armed=0 request_publishes=5736069 request_kicks=5 completion_kicks=4 has_capacity=1
conn=1 lane=1 stream=0 failed=0 pending=0 inflight_count=28 inflight_slots=29 req_prod=5721124 req_cons=5721124 req_used=0 comp_prod=5721104 comp_cons=5721094 comp_ready=10 next_comp_sequence=5721095 next_req_slot=36 next_req_slot_busy=0 payload_free_slots=2586 payload_lease_hwm=0 request_wake_armed=0 completion_wake_armed=0 request_publishes=5721124 request_kicks=1 completion_kicks=8 has_capacity=1
timestamp_ns=1784168455337021566
online=1 transport=shm total_conns=2 active_conns=2
shm=1 daemon_online=1 daemon_generation=1 global_submit_sequence=11512906 ring_entries=512 payload_entries=8192 transfer_payload_slots=1
conn=0 lane=0 stream=0 failed=0 pending=0 inflight_count=48 inflight_slots=48 req_prod=5764057 req_cons=5764037 req_used=20 comp_prod=5764009 comp_cons=5764009 comp_ready=0 next_comp_sequence=5763498 next_req_slot=473 next_req_slot_busy=0 payload_free_slots=2548 payload_lease_hwm=0 request_wake_armed=0 completion_wake_armed=0 request_publishes=5764057 request_kicks=5 completion_kicks=4 has_capacity=1
conn=1 lane=1 stream=0 failed=0 pending=0 inflight_count=42 inflight_slots=43 req_prod=5748849 req_cons=5748849 req_used=0 comp_prod=5748809 comp_cons=5748806 comp_ready=3 next_comp_sequence=5748807 next_req_slot=113 next_req_slot_busy=0 payload_free_slots=2583 payload_lease_hwm=0 request_wake_armed=0 completion_wake_armed=0 request_publishes=5748849 request_kicks=1 completion_kicks=8 has_capacity=1
timestamp_ns=1784168455445058779
online=1 transport=shm total_conns=2 active_conns=2
shm=1 daemon_online=1 daemon_generation=1 global_submit_sequence=11568969 ring_entries=512 payload_entries=8192 transfer_payload_slots=1
conn=0 lane=0 stream=0 failed=0 pending=0 inflight_count=53 inflight_slots=54 req_prod=5792079 req_cons=5792079 req_used=0 comp_prod=5792039 comp_cons=5792024 comp_ready=15 next_comp_sequence=5792025 next_req_slot=335 next_req_slot_busy=0 payload_free_slots=2571 payload_lease_hwm=0 request_wake_armed=0 completion_wake_armed=0 request_publishes=5792079 request_kicks=5 completion_kicks=4 has_capacity=1
conn=1 lane=1 stream=0 failed=0 pending=0 inflight_count=22 inflight_slots=22 req_prod=5776890 req_cons=5776890 req_used=0 comp_prod=5776868 comp_cons=5776868 comp_ready=0 next_comp_sequence=5776357 next_req_slot=506 next_req_slot_busy=0 payload_free_slots=2580 payload_lease_hwm=0 request_wake_armed=0 completion_wake_armed=0 request_publishes=5776890 request_kicks=1 completion_kicks=8 has_capacity=1
timestamp_ns=1784168455553205832
online=1 transport=shm total_conns=2 active_conns=2
shm=1 daemon_online=1 daemon_generation=1 global_submit_sequence=11625187 ring_entries=512 payload_entries=8192 transfer_payload_slots=1
conn=0 lane=0 stream=0 failed=0 pending=0 inflight_count=42 inflight_slots=42 req_prod=5820226 req_cons=5820206 req_used=20 comp_prod=5820184 comp_cons=5820184 comp_ready=0 next_comp_sequence=5819673 next_req_slot=322 next_req_slot_busy=0 payload_free_slots=2564 payload_lease_hwm=0 request_wake_armed=0 completion_wake_armed=0 request_publishes=5820226 request_kicks=5 completion_kicks=4 has_capacity=1
conn=1 lane=1 stream=0 failed=0 pending=0 inflight_count=18 inflight_slots=18 req_prod=5804961 req_cons=5804961 req_used=0 comp_prod=5804943 comp_cons=5804943 comp_ready=0 next_comp_sequence=5804432 next_req_slot=417 next_req_slot_busy=0 payload_free_slots=2572 payload_lease_hwm=0 request_wake_armed=0 completion_wake_armed=0 request_publishes=5804961 request_kicks=1 completion_kicks=8 has_capacity=1
timestamp_ns=1784168455661358458
online=1 transport=shm total_conns=2 active_conns=2
shm=1 daemon_online=1 daemon_generation=1 global_submit_sequence=11681091 ring_entries=512 payload_entries=8192 transfer_payload_slots=1
conn=0 lane=0 stream=0 failed=0 pending=0 inflight_count=34 inflight_slots=34 req_prod=5848240 req_cons=5848220 req_used=20 comp_prod=5848206 comp_cons=5848206 comp_ready=0 next_comp_sequence=5847695 next_req_slot=176 next_req_slot_busy=0 payload_free_slots=2567 payload_lease_hwm=0 request_wake_armed=0 completion_wake_armed=0 request_publishes=5848240 request_kicks=5 completion_kicks=4 has_capacity=1
conn=1 lane=1 stream=0 failed=0 pending=15 inflight_count=16 inflight_slots=16 req_prod=5832851 req_cons=5832851 req_used=0 comp_prod=5832836 comp_cons=5832836 comp_ready=0 next_comp_sequence=5832325 next_req_slot=147 next_req_slot_busy=1 payload_free_slots=2574 payload_lease_hwm=0 request_wake_armed=0 completion_wake_armed=0 request_publishes=5832852 request_kicks=1 completion_kicks=8 has_capacity=1
timestamp_ns=1784168455769574291
online=1 transport=shm total_conns=2 active_conns=2
shm=1 daemon_online=1 daemon_generation=1 global_submit_sequence=11737067 ring_entries=512 payload_entries=8192 transfer_payload_slots=1
conn=0 lane=0 stream=0 failed=0 pending=0 inflight_count=41 inflight_slots=41 req_prod=5875984 req_cons=5875963 req_used=21 comp_prod=5875943 comp_cons=5875943 comp_ready=0 next_comp_sequence=5875432 next_req_slot=272 next_req_slot_busy=0 payload_free_slots=2552 payload_lease_hwm=0 request_wake_armed=0 completion_wake_armed=0 request_publishes=5875984 request_kicks=5 completion_kicks=4 has_capacity=1
conn=1 lane=1 stream=0 failed=0 pending=0 inflight_count=30 inflight_slots=30 req_prod=5861083 req_cons=5861079 req_used=4 comp_prod=5861054 comp_cons=5861052 comp_ready=2 next_comp_sequence=5861053 next_req_slot=219 next_req_slot_busy=0 payload_free_slots=2565 payload_lease_hwm=0 request_wake_armed=0 completion_wake_armed=0 request_publishes=5861083 request_kicks=1 completion_kicks=8 has_capacity=1
timestamp_ns=1784168455877800408
online=1 transport=shm total_conns=2 active_conns=2
shm=1 daemon_online=1 daemon_generation=1 global_submit_sequence=11792360 ring_entries=512 payload_entries=8192 transfer_payload_slots=1
conn=0 lane=0 stream=0 failed=0 pending=0 inflight_count=45 inflight_slots=45 req_prod=5903376 req_cons=5903356 req_used=20 comp_prod=5903331 comp_cons=5903331 comp_ready=0 next_comp_sequence=5902820 next_req_slot=16 next_req_slot_busy=0 payload_free_slots=2559 payload_lease_hwm=0 request_wake_armed=0 completion_wake_armed=0 request_publishes=5903376 request_kicks=5 completion_kicks=4 has_capacity=1
conn=1 lane=1 stream=0 failed=0 pending=0 inflight_count=35 inflight_slots=35 req_prod=5888984 req_cons=5888964 req_used=20 comp_prod=5888949 comp_cons=5888949 comp_ready=0 next_comp_sequence=5888438 next_req_slot=472 next_req_slot_busy=0 payload_free_slots=2556 payload_lease_hwm=0 request_wake_armed=0 completion_wake_armed=0 request_publishes=5888984 request_kicks=1 completion_kicks=8 has_capacity=1
timestamp_ns=1784168455985823716
online=1 transport=shm total_conns=2 active_conns=2
shm=1 daemon_online=1 daemon_generation=1 global_submit_sequence=11849256 ring_entries=512 payload_entries=8192 transfer_payload_slots=1
conn=0 lane=0 stream=0 failed=0 pending=0 inflight_count=53 inflight_slots=53 req_prod=5931937 req_cons=5931896 req_used=41 comp_prod=5931896 comp_cons=5931883 comp_ready=13 next_comp_sequence=5931884 next_req_slot=417 next_req_slot_busy=0 payload_free_slots=2571 payload_lease_hwm=0 request_wake_armed=0 completion_wake_armed=0 request_publishes=5931937 request_kicks=5 completion_kicks=4 has_capacity=1
conn=1 lane=1 stream=0 failed=0 pending=0 inflight_count=42 inflight_slots=43 req_prod=5917319 req_cons=5917319 req_used=0 comp_prod=5917299 comp_cons=5917275 comp_ready=24 next_comp_sequence=5917276 next_req_slot=135 next_req_slot_busy=0 payload_free_slots=2573 payload_lease_hwm=0 request_wake_armed=0 completion_wake_armed=0 request_publishes=5917319 request_kicks=1 completion_kicks=8 has_capacity=1
timestamp_ns=1784168456095854215
online=1 transport=shm total_conns=2 active_conns=2
shm=1 daemon_online=1 daemon_generation=1 global_submit_sequence=11905730 ring_entries=512 payload_entries=8192 transfer_payload_slots=1
conn=0 lane=0 stream=0 failed=0 pending=0 inflight_count=24 inflight_slots=24 req_prod=5960278 req_cons=5960278 req_used=0 comp_prod=5960254 comp_cons=5960254 comp_ready=0 next_comp_sequence=5959743 next_req_slot=86 next_req_slot_busy=0 payload_free_slots=2578 payload_lease_hwm=0 request_wake_armed=0 completion_wake_armed=0 request_publishes=5960278 request_kicks=5 completion_kicks=4 has_capacity=1
conn=1 lane=1 stream=0 failed=0 pending=16 inflight_count=21 inflight_slots=21 req_prod=5945456 req_cons=5945452 req_used=4 comp_prod=5945435 comp_cons=5945435 comp_ready=0 next_comp_sequence=5944924 next_req_slot=112 next_req_slot_busy=0 payload_free_slots=2571 payload_lease_hwm=0 request_wake_armed=0 completion_wake_armed=0 request_publishes=5945456 request_kicks=1 completion_kicks=8 has_capacity=1
timestamp_ns=1784168456203982914
online=1 transport=shm total_conns=2 active_conns=2
shm=1 daemon_online=1 daemon_generation=1 global_submit_sequence=11961605 ring_entries=512 payload_entries=8192 transfer_payload_slots=1
conn=0 lane=0 stream=0 failed=0 pending=16 inflight_count=44 inflight_slots=44 req_prod=5988199 req_cons=5988176 req_used=23 comp_prod=5988157 comp_cons=5988157 comp_ready=0 next_comp_sequence=5987646 next_req_slot=359 next_req_slot_busy=1 payload_free_slots=2549 payload_lease_hwm=0 request_wake_armed=0 completion_wake_armed=0 request_publishes=5988201 request_kicks=5 completion_kicks=4 has_capacity=1
conn=1 lane=1 stream=0 failed=0 pending=0 inflight_count=60 inflight_slots=60 req_prod=5973407 req_cons=5973367 req_used=40 comp_prod=5973347 comp_cons=5973347 comp_ready=0 next_comp_sequence=5972836 next_req_slot=415 next_req_slot_busy=0 payload_free_slots=2544 payload_lease_hwm=0 request_wake_armed=0 completion_wake_armed=0 request_publishes=5973407 request_kicks=1 completion_kicks=8 has_capacity=1
timestamp_ns=1784168456311994753
online=1 transport=shm total_conns=2 active_conns=2
shm=1 daemon_online=1 daemon_generation=1 global_submit_sequence=12000493 ring_entries=512 payload_entries=8192 transfer_payload_slots=1
conn=0 lane=0 stream=0 failed=0 pending=0 inflight_count=0 inflight_slots=0 req_prod=6000230 req_cons=6000230 req_used=0 comp_prod=6000230 comp_cons=6000230 comp_ready=0 next_comp_sequence=5999719 next_req_slot=102 next_req_slot_busy=0 payload_free_slots=2591 payload_lease_hwm=0 request_wake_armed=1 completion_wake_armed=1 request_publishes=6000230 request_kicks=5 completion_kicks=4 has_capacity=1
conn=1 lane=1 stream=0 failed=0 pending=0 inflight_count=0 inflight_slots=0 req_prod=6000263 req_cons=6000263 req_used=0 comp_prod=6000263 comp_cons=6000263 comp_ready=0 next_comp_sequence=5999752 next_req_slot=135 next_req_slot_busy=0 payload_free_slots=2579 payload_lease_hwm=0 request_wake_armed=1 completion_wake_armed=1 request_publishes=6000263 request_kicks=1 completion_kicks=8 has_capacity=1
timestamp_ns=1784168456419948912
online=1 transport=shm total_conns=2 active_conns=2
shm=1 daemon_online=0 daemon_generation=1 global_submit_sequence=12000493 ring_entries=512 payload_entries=8192 transfer_payload_slots=1
conn=0 lane=0 stream=0 failed=1 pending=0 inflight_count=0 inflight_slots=0 req_prod=6000230 req_cons=6000230 req_used=0 comp_prod=6000230 comp_cons=6000230 comp_ready=0 next_comp_sequence=5999719 next_req_slot=102 next_req_slot_busy=0 payload_free_slots=8192 payload_lease_hwm=6000230 request_wake_armed=0 completion_wake_armed=0 request_publishes=6000230 request_kicks=5 completion_kicks=4 has_capacity=1
conn=1 lane=1 stream=0 failed=1 pending=0 inflight_count=0 inflight_slots=0 req_prod=6000263 req_cons=6000263 req_used=0 comp_prod=6000263 comp_cons=6000263 comp_ready=0 next_comp_sequence=5999752 next_req_slot=135 next_req_slot_busy=0 payload_free_slots=8192 payload_lease_hwm=6000263 request_wake_armed=0 completion_wake_armed=0 request_publishes=6000263 request_kicks=1 completion_kicks=8 has_capacity=1
