zcofi-rma-target-memory-preflight: queue_registered_estimate_bytes=125829120 minimum_working_set_registered_bytes=32212254720 conservative_registered_bytes=32212254720 hugepages_total=32768 hugepages_free=32768 hugepage_size_bytes=2097152 needed_hugepages=15360 memlock_bytes=unlimited
zcofi-rma-target-lane-map: lane=0 worker=0 cpu=96 domain=efa_1-rdm scheduling=one-worker-per-lane aggregate_mapping_declared=yes
zcofi-rma-target-lane-map: lane=1 worker=1 cpu=97 domain=efa_1-rdm scheduling=one-worker-per-lane aggregate_mapping_declared=yes
zcofi-rma-target-lane-map: lane=2 worker=2 cpu=98 domain=efa_1-rdm scheduling=one-worker-per-lane aggregate_mapping_declared=yes
zcofi-rma-target-lane-map: lane=3 worker=3 cpu=99 domain=efa_1-rdm scheduling=one-worker-per-lane aggregate_mapping_declared=yes
zcofi-rma-target-lane-map: lane=4 worker=4 cpu=100 domain=efa_1-rdm scheduling=one-worker-per-lane aggregate_mapping_declared=yes
zcofi-rma-target-lane-map: lane=5 worker=5 cpu=101 domain=efa_1-rdm scheduling=one-worker-per-lane aggregate_mapping_declared=yes
zcofi-rma-target-lane-map: lane=6 worker=6 cpu=102 domain=efa_1-rdm scheduling=one-worker-per-lane aggregate_mapping_declared=yes
zcofi-rma-target-lane-map: lane=7 worker=7 cpu=103 domain=efa_1-rdm scheduling=one-worker-per-lane aggregate_mapping_declared=yes
zcofi-rma-target-lane-map: lane=8 worker=8 cpu=104 domain=efa_1-rdm scheduling=one-worker-per-lane aggregate_mapping_declared=yes
zcofi-rma-target-lane-map: lane=9 worker=9 cpu=105 domain=efa_1-rdm scheduling=one-worker-per-lane aggregate_mapping_declared=yes
zcofi-rma-target-lane-map: lane=10 worker=10 cpu=106 domain=efa_1-rdm scheduling=one-worker-per-lane aggregate_mapping_declared=yes
zcofi-rma-target-lane-map: lane=11 worker=11 cpu=107 domain=efa_1-rdm scheduling=one-worker-per-lane aggregate_mapping_declared=yes
zcofi-rma-target-lane-map: lane=12 worker=12 cpu=108 domain=efa_1-rdm scheduling=one-worker-per-lane aggregate_mapping_declared=yes
zcofi-rma-target-lane-map: lane=13 worker=13 cpu=109 domain=efa_1-rdm scheduling=one-worker-per-lane aggregate_mapping_declared=yes
zcofi-rma-target-lane-map: lane=14 worker=14 cpu=110 domain=efa_1-rdm scheduling=one-worker-per-lane aggregate_mapping_declared=yes
zcofi-rma-target-lane-map: lane=15 worker=15 cpu=111 domain=efa_1-rdm scheduling=one-worker-per-lane aggregate_mapping_declared=yes
zcofi-rma-target-lane-map: lane=16 worker=16 cpu=112 domain=efa_1-rdm scheduling=one-worker-per-lane aggregate_mapping_declared=yes
zcofi-rma-target-lane-map: lane=17 worker=17 cpu=113 domain=efa_1-rdm scheduling=one-worker-per-lane aggregate_mapping_declared=yes
zcofi-rma-target-lane-map: lane=18 worker=18 cpu=114 domain=efa_1-rdm scheduling=one-worker-per-lane aggregate_mapping_declared=yes
zcofi-rma-target-lane-map: lane=19 worker=19 cpu=115 domain=efa_1-rdm scheduling=one-worker-per-lane aggregate_mapping_declared=yes
zcofi-rma-target-lane-map: lane=20 worker=20 cpu=116 domain=efa_1-rdm scheduling=one-worker-per-lane aggregate_mapping_declared=yes
zcofi-rma-target-lane-map: lane=21 worker=21 cpu=117 domain=efa_1-rdm scheduling=one-worker-per-lane aggregate_mapping_declared=yes
zcofi-rma-target-lane-map: lane=22 worker=22 cpu=118 domain=efa_1-rdm scheduling=one-worker-per-lane aggregate_mapping_declared=yes
zcofi-rma-target-lane-map: lane=23 worker=23 cpu=119 domain=efa_1-rdm scheduling=one-worker-per-lane aggregate_mapping_declared=yes
zcofi-rma-target-lane-map: lane=24 worker=24 cpu=120 domain=efa_1-rdm scheduling=one-worker-per-lane aggregate_mapping_declared=yes
zcofi-rma-target-lane-map: lane=25 worker=25 cpu=121 domain=efa_1-rdm scheduling=one-worker-per-lane aggregate_mapping_declared=yes
zcofi-rma-target-lane-map: lane=26 worker=26 cpu=122 domain=efa_1-rdm scheduling=one-worker-per-lane aggregate_mapping_declared=yes
zcofi-rma-target-lane-map: lane=27 worker=27 cpu=123 domain=efa_1-rdm scheduling=one-worker-per-lane aggregate_mapping_declared=yes
zcofi-rma-target-lane-map: lane=28 worker=28 cpu=124 domain=efa_1-rdm scheduling=one-worker-per-lane aggregate_mapping_declared=yes
zcofi-rma-target-lane-map: lane=29 worker=29 cpu=125 domain=efa_1-rdm scheduling=one-worker-per-lane aggregate_mapping_declared=yes
zcofi-rma-target-lane-map: lane=30 worker=30 cpu=126 domain=efa_1-rdm scheduling=one-worker-per-lane aggregate_mapping_declared=yes
zcofi-rma-target-lane-map: lane=31 worker=31 cpu=127 domain=efa_1-rdm scheduling=one-worker-per-lane aggregate_mapping_declared=yes
zcofi-rma-target-lane-map: lane=32 worker=32 cpu=128 domain=efa_1-rdm scheduling=one-worker-per-lane aggregate_mapping_declared=yes
zcofi-rma-target-lane-map: lane=33 worker=33 cpu=129 domain=efa_1-rdm scheduling=one-worker-per-lane aggregate_mapping_declared=yes
zcofi-rma-target-lane-map: lane=34 worker=34 cpu=130 domain=efa_1-rdm scheduling=one-worker-per-lane aggregate_mapping_declared=yes
zcofi-rma-target-lane-map: lane=35 worker=35 cpu=131 domain=efa_1-rdm scheduling=one-worker-per-lane aggregate_mapping_declared=yes
zcofi-rma-target-lane-map: lane=36 worker=36 cpu=132 domain=efa_1-rdm scheduling=one-worker-per-lane aggregate_mapping_declared=yes
zcofi-rma-target-lane-map: lane=37 worker=37 cpu=133 domain=efa_1-rdm scheduling=one-worker-per-lane aggregate_mapping_declared=yes
zcofi-rma-target-lane-map: lane=38 worker=38 cpu=134 domain=efa_1-rdm scheduling=one-worker-per-lane aggregate_mapping_declared=yes
zcofi-rma-target-lane-map: lane=39 worker=39 cpu=135 domain=efa_1-rdm scheduling=one-worker-per-lane aggregate_mapping_declared=yes
zcofi-rma-target-lane-map: lane=40 worker=40 cpu=136 domain=efa_1-rdm scheduling=one-worker-per-lane aggregate_mapping_declared=yes
zcofi-rma-target-lane-map: lane=41 worker=41 cpu=137 domain=efa_1-rdm scheduling=one-worker-per-lane aggregate_mapping_declared=yes
zcofi-rma-target-lane-map: lane=42 worker=42 cpu=138 domain=efa_1-rdm scheduling=one-worker-per-lane aggregate_mapping_declared=yes
zcofi-rma-target-lane-map: lane=43 worker=43 cpu=139 domain=efa_1-rdm scheduling=one-worker-per-lane aggregate_mapping_declared=yes
zcofi-rma-target-lane-map: lane=44 worker=44 cpu=140 domain=efa_1-rdm scheduling=one-worker-per-lane aggregate_mapping_declared=yes
zcofi-rma-target-lane-map: lane=45 worker=45 cpu=141 domain=efa_1-rdm scheduling=one-worker-per-lane aggregate_mapping_declared=yes
zcofi-rma-target-lane-map: lane=46 worker=46 cpu=142 domain=efa_1-rdm scheduling=one-worker-per-lane aggregate_mapping_declared=yes
zcofi-rma-target-lane-map: lane=47 worker=47 cpu=143 domain=efa_1-rdm scheduling=one-worker-per-lane aggregate_mapping_declared=yes
zcofi-rma-target: provider=efa endpoint=rdm bind=172.31.47.13 base_service=49020 lanes=48 bytes_per_lane=671088640 extent_bytes=4096 workers=48 direct_rma_target=yes lane_local_registered_arenas=yes commit_doorbell=ofi-msg records_per_extent=1 timeout_ms=60000 busy_poll_iters=1000000 cq_sleep_ns=0 ofi_domain=efa_1-rdm
zcofi-rma-target-worker: affinity_index=1 target_cpu=97 status=ok
zcofi-rma-target-worker: affinity_index=0 target_cpu=96 status=ok
zcofi-rma-target-worker: affinity_index=2 target_cpu=98 status=ok
zcofi-rma-setup-admission: role=server lane=0 order=lane-ascending parallelism=1 phase=endpoint-control-warmup-mr status=admitted
zcofi-rma-target-worker: affinity_index=3 target_cpu=99 status=ok
zcofi-rma-target-worker: affinity_index=4 target_cpu=100 status=ok
zcofi-rma-target-worker: affinity_index=10 target_cpu=106 status=ok
zcofi-rma-target-worker: affinity_index=12 target_cpu=108 status=ok
zcofi-rma-target-worker: affinity_index=7 target_cpu=103 status=ok
zcofi-rma-target-worker: affinity_index=5 target_cpu=101 status=ok
zcofi-rma-target-worker: affinity_index=9 target_cpu=105 status=ok
zcofi-rma-target-worker: affinity_index=8 target_cpu=104 status=ok
zcofi-rma-target-worker: affinity_index=14 target_cpu=110 status=ok
zcofi-rma-target-worker: affinity_index=15 target_cpu=111 status=ok
zcofi-rma-target-worker: affinity_index=13 target_cpu=109 status=ok
zcofi-rma-target-worker: affinity_index=6 target_cpu=102 status=ok
zcofi-rma-target-worker: affinity_index=11 target_cpu=107 status=ok
zcofi-rma-target-worker: affinity_index=16 target_cpu=112 status=ok
zcofi-rma-target-worker: affinity_index=18 target_cpu=114 status=ok
zcofi-rma-target-worker: affinity_index=17 target_cpu=113 status=ok
zcofi-rma-target-worker: affinity_index=19 target_cpu=115 status=ok
zcofi-rma-target-worker: affinity_index=20 target_cpu=116 status=ok
zcofi-rma-target-worker: affinity_index=21 target_cpu=117 status=ok
zcofi-rma-target-worker: affinity_index=23 target_cpu=119 status=ok
zcofi-rma-target-worker: affinity_index=25 target_cpu=121 status=ok
zcofi-rma-target-worker: affinity_index=22 target_cpu=118 status=ok
zcofi-rma-target-worker: affinity_index=24 target_cpu=120 status=ok
zcofi-rma-target-worker: affinity_index=26 target_cpu=122 status=ok
zcofi-rma-target-worker: affinity_index=27 target_cpu=123 status=ok
zcofi-rma-target-worker: affinity_index=28 target_cpu=124 status=ok
zcofi-rma-target-worker: affinity_index=29 target_cpu=125 status=ok
zcofi-rma-target-worker: affinity_index=30 target_cpu=126 status=ok
zcofi-rma-target-worker: affinity_index=32 target_cpu=128 status=ok
zcofi-rma-target-worker: affinity_index=31 target_cpu=127 status=ok
zcofi-rma-target-worker: affinity_index=34 target_cpu=130 status=ok
zcofi-rma-target-worker: affinity_index=36 target_cpu=132 status=ok
zcofi-rma-target-worker: affinity_index=35 target_cpu=131 status=ok
zcofi-rma-target-worker: affinity_index=37 target_cpu=133 status=ok
zcofi-rma-target-worker: affinity_index=33 target_cpu=129 status=ok
zcofi-rma-target-worker: affinity_index=38 target_cpu=134 status=ok
zcofi-rma-target-worker: affinity_index=39 target_cpu=135 status=ok
zcofi-rma-target-worker: affinity_index=40 target_cpu=136 status=ok
zcofi-rma-target-worker: affinity_index=42 target_cpu=138 status=ok
zcofi-rma-target-worker: affinity_index=41 target_cpu=137 status=ok
zcofi-rma-target-worker: affinity_index=43 target_cpu=139 status=ok
zcofi-rma-target-worker: affinity_index=44 target_cpu=140 status=ok
zcofi-rma-target-worker: affinity_index=45 target_cpu=141 status=ok
zcofi-rma-target-worker: affinity_index=46 target_cpu=142 status=ok
zcofi-rma-target-worker: affinity_index=47 target_cpu=143 status=ok
zcofi-endpoint-profile: provider=efa fabric=efa-direct domain=efa_1-rdm device=efa_1 endpoint_type=3 api_requested=2.0 api_query=2.0 api_returned=2.0 caps=6755399441071878 mode=4503599627370496 mr_mode=116 mr_local=1 mr_virt_addr=1 control_progress=1 data_progress=1 max_msg_size=8928 max_msg_size_query_rc=0 max_rma_size=1073741824 max_rma_size_query_rc=0 inject_size=32 rma_iov_limit=1 efa=1 efa_direct=1 efa_emulated_read=0 efa_emulated_read_query_rc=0 efa_emulated_write=0 efa_emulated_write_query_rc=0 efa_write_high_pps_available=0 efa_write_high_pps_requested=0 efa_write_high_pps_effective=0 efa_write_high_pps_verified=0 provider_tx_queue_requested=576 provider_tx_queue_size=576 provider_rx_queue_requested=64 provider_rx_queue_size=64 tx_cq_size=640 tx_cq_required=640 rx_cq_size=128 rx_cq_required=128 tx_cq_batch=64 rx_cq_batch=64 cq_headroom=64 cq_sleep_ns=0 strict_topology=1 selective_completion=0 rma_write_delivery_complete=1 rma_write_more=0 rma_write_more_burst=64
zcofi-control-server: listen=172.31.47.13:50020 peer=172.31.36.232:52696 local_addr_bytes=32 remote_addr_bytes=32 peer_profile_validated=yes wire_contract=zcofi-rma-window-v4;lanes=48;bytes_per_lane=671088640;extent=4096;cm_warmup=client-send-server-recv;done=operation-plus-payload-digest
zcofi-control-server-peer-profile: provider=efa fabric=efa-direct domain=efa_1-rdm device=efa_1 endpoint_type=3 api_requested=2.0 api_query=2.0 api_returned=2.0 caps=6755399441071878 mode=4503599627370496 mr_mode=116 mr_local=1 mr_virt_addr=1 control_progress=1 data_progress=1 max_msg_size=8928 max_msg_size_query_rc=0 max_rma_size=1073741824 max_rma_size_query_rc=0 inject_size=32 rma_iov_limit=1 efa=1 efa_direct=1 efa_emulated_read=0 efa_emulated_read_query_rc=0 efa_emulated_write=0 efa_emulated_write_query_rc=0 efa_write_high_pps_available=0 efa_write_high_pps_requested=0 efa_write_high_pps_effective=0 efa_write_high_pps_verified=0 provider_tx_queue_requested=576 provider_tx_queue_size=576 provider_rx_queue_requested=64 provider_rx_queue_size=64 tx_cq_size=640 tx_cq_required=640 rx_cq_size=128 rx_cq_required=128 tx_cq_batch=64 rx_cq_batch=64 cq_headroom=64 cq_sleep_ns=0 strict_topology=1 selective_completion=0 rma_write_delivery_complete=1 rma_write_more=0 rma_write_more_burst=64
zcofi-rma-connection-warmup: role=server lane=0 provider=efa direction=client-send-server-recv bytes=16 status=received
zcofi-rma-target-lane: worker=0 lane=0 provider=efa endpoint=rdm bind=172.31.47.13 service=49020 control_port=50020 arena_bytes=671088640 remote_addr=0x0000fb24d3fff010 remote_key=0x00000000001000c6 max_msg_size=8928 max_rma_size=1073741824 inject_size=32
zcofi-rma-setup-admission: role=server lane=0 order=lane-ascending parallelism=1 phase=endpoint-control-warmup-mr status=complete
zcofi-rma-setup-admission: role=server lane=1 order=lane-ascending parallelism=1 phase=endpoint-control-warmup-mr status=admitted
zcofi-endpoint-profile: provider=efa fabric=efa-direct domain=efa_1-rdm device=efa_1 endpoint_type=3 api_requested=2.0 api_query=2.0 api_returned=2.0 caps=6755399441071878 mode=4503599627370496 mr_mode=116 mr_local=1 mr_virt_addr=1 control_progress=1 data_progress=1 max_msg_size=8928 max_msg_size_query_rc=0 max_rma_size=1073741824 max_rma_size_query_rc=0 inject_size=32 rma_iov_limit=1 efa=1 efa_direct=1 efa_emulated_read=0 efa_emulated_read_query_rc=0 efa_emulated_write=0 efa_emulated_write_query_rc=0 efa_write_high_pps_available=0 efa_write_high_pps_requested=0 efa_write_high_pps_effective=0 efa_write_high_pps_verified=0 provider_tx_queue_requested=576 provider_tx_queue_size=576 provider_rx_queue_requested=64 provider_rx_queue_size=64 tx_cq_size=640 tx_cq_required=640 rx_cq_size=128 rx_cq_required=128 tx_cq_batch=64 rx_cq_batch=64 cq_headroom=64 cq_sleep_ns=0 strict_topology=1 selective_completion=0 rma_write_delivery_complete=1 rma_write_more=0 rma_write_more_burst=64
zcofi-control-server: listen=172.31.47.13:50021 peer=172.31.36.232:44154 local_addr_bytes=32 remote_addr_bytes=32 peer_profile_validated=yes wire_contract=zcofi-rma-window-v4;lanes=48;bytes_per_lane=671088640;extent=4096;cm_warmup=client-send-server-recv;done=operation-plus-payload-digest
zcofi-control-server-peer-profile: provider=efa fabric=efa-direct domain=efa_1-rdm device=efa_1 endpoint_type=3 api_requested=2.0 api_query=2.0 api_returned=2.0 caps=6755399441071878 mode=4503599627370496 mr_mode=116 mr_local=1 mr_virt_addr=1 control_progress=1 data_progress=1 max_msg_size=8928 max_msg_size_query_rc=0 max_rma_size=1073741824 max_rma_size_query_rc=0 inject_size=32 rma_iov_limit=1 efa=1 efa_direct=1 efa_emulated_read=0 efa_emulated_read_query_rc=0 efa_emulated_write=0 efa_emulated_write_query_rc=0 efa_write_high_pps_available=0 efa_write_high_pps_requested=0 efa_write_high_pps_effective=0 efa_write_high_pps_verified=0 provider_tx_queue_requested=576 provider_tx_queue_size=576 provider_rx_queue_requested=64 provider_rx_queue_size=64 tx_cq_size=640 tx_cq_required=640 rx_cq_size=128 rx_cq_required=128 tx_cq_batch=64 rx_cq_batch=64 cq_headroom=64 cq_sleep_ns=0 strict_topology=1 selective_completion=0 rma_write_delivery_complete=1 rma_write_more=0 rma_write_more_burst=64
zcofi-rma-connection-warmup: role=server lane=1 provider=efa direction=client-send-server-recv bytes=16 status=received
zcofi-rma-target-lane: worker=1 lane=1 provider=efa endpoint=rdm bind=172.31.47.13 service=49021 control_port=50021 arena_bytes=671088640 remote_addr=0x0000fb24abffe010 remote_key=0x000000000040000d max_msg_size=8928 max_rma_size=1073741824 inject_size=32
zcofi-rma-setup-admission: role=server lane=1 order=lane-ascending parallelism=1 phase=endpoint-control-warmup-mr status=complete
zcofi-rma-setup-admission: role=server lane=2 order=lane-ascending parallelism=1 phase=endpoint-control-warmup-mr status=admitted
zcofi-endpoint-profile: provider=efa fabric=efa-direct domain=efa_1-rdm device=efa_1 endpoint_type=3 api_requested=2.0 api_query=2.0 api_returned=2.0 caps=6755399441071878 mode=4503599627370496 mr_mode=116 mr_local=1 mr_virt_addr=1 control_progress=1 data_progress=1 max_msg_size=8928 max_msg_size_query_rc=0 max_rma_size=1073741824 max_rma_size_query_rc=0 inject_size=32 rma_iov_limit=1 efa=1 efa_direct=1 efa_emulated_read=0 efa_emulated_read_query_rc=0 efa_emulated_write=0 efa_emulated_write_query_rc=0 efa_write_high_pps_available=0 efa_write_high_pps_requested=0 efa_write_high_pps_effective=0 efa_write_high_pps_verified=0 provider_tx_queue_requested=576 provider_tx_queue_size=576 provider_rx_queue_requested=64 provider_rx_queue_size=64 tx_cq_size=640 tx_cq_required=640 rx_cq_size=128 rx_cq_required=128 tx_cq_batch=64 rx_cq_batch=64 cq_headroom=64 cq_sleep_ns=0 strict_topology=1 selective_completion=0 rma_write_delivery_complete=1 rma_write_more=0 rma_write_more_burst=64
zcofi-control-server: listen=172.31.47.13:50022 peer=172.31.36.232:38178 local_addr_bytes=32 remote_addr_bytes=32 peer_profile_validated=yes wire_contract=zcofi-rma-window-v4;lanes=48;bytes_per_lane=671088640;extent=4096;cm_warmup=client-send-server-recv;done=operation-plus-payload-digest
zcofi-control-server-peer-profile: provider=efa fabric=efa-direct domain=efa_1-rdm device=efa_1 endpoint_type=3 api_requested=2.0 api_query=2.0 api_returned=2.0 caps=6755399441071878 mode=4503599627370496 mr_mode=116 mr_local=1 mr_virt_addr=1 control_progress=1 data_progress=1 max_msg_size=8928 max_msg_size_query_rc=0 max_rma_size=1073741824 max_rma_size_query_rc=0 inject_size=32 rma_iov_limit=1 efa=1 efa_direct=1 efa_emulated_read=0 efa_emulated_read_query_rc=0 efa_emulated_write=0 efa_emulated_write_query_rc=0 efa_write_high_pps_available=0 efa_write_high_pps_requested=0 efa_write_high_pps_effective=0 efa_write_high_pps_verified=0 provider_tx_queue_requested=576 provider_tx_queue_size=576 provider_rx_queue_requested=64 provider_rx_queue_size=64 tx_cq_size=640 tx_cq_required=640 rx_cq_size=128 rx_cq_required=128 tx_cq_batch=64 rx_cq_batch=64 cq_headroom=64 cq_sleep_ns=0 strict_topology=1 selective_completion=0 rma_write_delivery_complete=1 rma_write_more=0 rma_write_more_burst=64
zcofi-rma-connection-warmup: role=server lane=2 provider=efa direction=client-send-server-recv bytes=16 status=received
zcofi-rma-target-lane: worker=2 lane=2 provider=efa endpoint=rdm bind=172.31.47.13 service=49022 control_port=50022 arena_bytes=671088640 remote_addr=0x0000fb2483ffd010 remote_key=0x00000000001000c7 max_msg_size=8928 max_rma_size=1073741824 inject_size=32
zcofi-rma-setup-admission: role=server lane=2 order=lane-ascending parallelism=1 phase=endpoint-control-warmup-mr status=complete
zcofi-rma-setup-admission: role=server lane=3 order=lane-ascending parallelism=1 phase=endpoint-control-warmup-mr status=admitted
zcofi-endpoint-profile: provider=efa fabric=efa-direct domain=efa_1-rdm device=efa_1 endpoint_type=3 api_requested=2.0 api_query=2.0 api_returned=2.0 caps=6755399441071878 mode=4503599627370496 mr_mode=116 mr_local=1 mr_virt_addr=1 control_progress=1 data_progress=1 max_msg_size=8928 max_msg_size_query_rc=0 max_rma_size=1073741824 max_rma_size_query_rc=0 inject_size=32 rma_iov_limit=1 efa=1 efa_direct=1 efa_emulated_read=0 efa_emulated_read_query_rc=0 efa_emulated_write=0 efa_emulated_write_query_rc=0 efa_write_high_pps_available=0 efa_write_high_pps_requested=0 efa_write_high_pps_effective=0 efa_write_high_pps_verified=0 provider_tx_queue_requested=576 provider_tx_queue_size=576 provider_rx_queue_requested=64 provider_rx_queue_size=64 tx_cq_size=640 tx_cq_required=640 rx_cq_size=128 rx_cq_required=128 tx_cq_batch=64 rx_cq_batch=64 cq_headroom=64 cq_sleep_ns=0 strict_topology=1 selective_completion=0 rma_write_delivery_complete=1 rma_write_more=0 rma_write_more_burst=64
zcofi-control-server: listen=172.31.47.13:50023 peer=172.31.36.232:42120 local_addr_bytes=32 remote_addr_bytes=32 peer_profile_validated=yes wire_contract=zcofi-rma-window-v4;lanes=48;bytes_per_lane=671088640;extent=4096;cm_warmup=client-send-server-recv;done=operation-plus-payload-digest
zcofi-control-server-peer-profile: provider=efa fabric=efa-direct domain=efa_1-rdm device=efa_1 endpoint_type=3 api_requested=2.0 api_query=2.0 api_returned=2.0 caps=6755399441071878 mode=4503599627370496 mr_mode=116 mr_local=1 mr_virt_addr=1 control_progress=1 data_progress=1 max_msg_size=8928 max_msg_size_query_rc=0 max_rma_size=1073741824 max_rma_size_query_rc=0 inject_size=32 rma_iov_limit=1 efa=1 efa_direct=1 efa_emulated_read=0 efa_emulated_read_query_rc=0 efa_emulated_write=0 efa_emulated_write_query_rc=0 efa_write_high_pps_available=0 efa_write_high_pps_requested=0 efa_write_high_pps_effective=0 efa_write_high_pps_verified=0 provider_tx_queue_requested=576 provider_tx_queue_size=576 provider_rx_queue_requested=64 provider_rx_queue_size=64 tx_cq_size=640 tx_cq_required=640 rx_cq_size=128 rx_cq_required=128 tx_cq_batch=64 rx_cq_batch=64 cq_headroom=64 cq_sleep_ns=0 strict_topology=1 selective_completion=0 rma_write_delivery_complete=1 rma_write_more=0 rma_write_more_burst=64
zcofi-rma-connection-warmup: role=server lane=3 provider=efa direction=client-send-server-recv bytes=16 status=received
zcofi-rma-target-lane: worker=3 lane=3 provider=efa endpoint=rdm bind=172.31.47.13 service=49023 control_port=50023 arena_bytes=671088640 remote_addr=0x0000fb245bffc010 remote_key=0x00000000001000fb max_msg_size=8928 max_rma_size=1073741824 inject_size=32
zcofi-rma-setup-admission: role=server lane=3 order=lane-ascending parallelism=1 phase=endpoint-control-warmup-mr status=complete
zcofi-rma-setup-admission: role=server lane=4 order=lane-ascending parallelism=1 phase=endpoint-control-warmup-mr status=admitted
zcofi-endpoint-profile: provider=efa fabric=efa-direct domain=efa_1-rdm device=efa_1 endpoint_type=3 api_requested=2.0 api_query=2.0 api_returned=2.0 caps=6755399441071878 mode=4503599627370496 mr_mode=116 mr_local=1 mr_virt_addr=1 control_progress=1 data_progress=1 max_msg_size=8928 max_msg_size_query_rc=0 max_rma_size=1073741824 max_rma_size_query_rc=0 inject_size=32 rma_iov_limit=1 efa=1 efa_direct=1 efa_emulated_read=0 efa_emulated_read_query_rc=0 efa_emulated_write=0 efa_emulated_write_query_rc=0 efa_write_high_pps_available=0 efa_write_high_pps_requested=0 efa_write_high_pps_effective=0 efa_write_high_pps_verified=0 provider_tx_queue_requested=576 provider_tx_queue_size=576 provider_rx_queue_requested=64 provider_rx_queue_size=64 tx_cq_size=640 tx_cq_required=640 rx_cq_size=128 rx_cq_required=128 tx_cq_batch=64 rx_cq_batch=64 cq_headroom=64 cq_sleep_ns=0 strict_topology=1 selective_completion=0 rma_write_delivery_complete=1 rma_write_more=0 rma_write_more_burst=64
zcofi-control-server: listen=172.31.47.13:50024 peer=172.31.36.232:41882 local_addr_bytes=32 remote_addr_bytes=32 peer_profile_validated=yes wire_contract=zcofi-rma-window-v4;lanes=48;bytes_per_lane=671088640;extent=4096;cm_warmup=client-send-server-recv;done=operation-plus-payload-digest
zcofi-control-server-peer-profile: provider=efa fabric=efa-direct domain=efa_1-rdm device=efa_1 endpoint_type=3 api_requested=2.0 api_query=2.0 api_returned=2.0 caps=6755399441071878 mode=4503599627370496 mr_mode=116 mr_local=1 mr_virt_addr=1 control_progress=1 data_progress=1 max_msg_size=8928 max_msg_size_query_rc=0 max_rma_size=1073741824 max_rma_size_query_rc=0 inject_size=32 rma_iov_limit=1 efa=1 efa_direct=1 efa_emulated_read=0 efa_emulated_read_query_rc=0 efa_emulated_write=0 efa_emulated_write_query_rc=0 efa_write_high_pps_available=0 efa_write_high_pps_requested=0 efa_write_high_pps_effective=0 efa_write_high_pps_verified=0 provider_tx_queue_requested=576 provider_tx_queue_size=576 provider_rx_queue_requested=64 provider_rx_queue_size=64 tx_cq_size=640 tx_cq_required=640 rx_cq_size=128 rx_cq_required=128 tx_cq_batch=64 rx_cq_batch=64 cq_headroom=64 cq_sleep_ns=0 strict_topology=1 selective_completion=0 rma_write_delivery_complete=1 rma_write_more=0 rma_write_more_burst=64
zcofi-rma-connection-warmup: role=server lane=4 provider=efa direction=client-send-server-recv bytes=16 status=received
zcofi-rma-target-lane: worker=4 lane=4 provider=efa endpoint=rdm bind=172.31.47.13 service=49024 control_port=50024 arena_bytes=671088640 remote_addr=0x0000fb2433ffb010 remote_key=0x0000000000100097 max_msg_size=8928 max_rma_size=1073741824 inject_size=32
zcofi-rma-setup-admission: role=server lane=4 order=lane-ascending parallelism=1 phase=endpoint-control-warmup-mr status=complete
zcofi-rma-setup-admission: role=server lane=5 order=lane-ascending parallelism=1 phase=endpoint-control-warmup-mr status=admitted
zcofi-endpoint-profile: provider=efa fabric=efa-direct domain=efa_1-rdm device=efa_1 endpoint_type=3 api_requested=2.0 api_query=2.0 api_returned=2.0 caps=6755399441071878 mode=4503599627370496 mr_mode=116 mr_local=1 mr_virt_addr=1 control_progress=1 data_progress=1 max_msg_size=8928 max_msg_size_query_rc=0 max_rma_size=1073741824 max_rma_size_query_rc=0 inject_size=32 rma_iov_limit=1 efa=1 efa_direct=1 efa_emulated_read=0 efa_emulated_read_query_rc=0 efa_emulated_write=0 efa_emulated_write_query_rc=0 efa_write_high_pps_available=0 efa_write_high_pps_requested=0 efa_write_high_pps_effective=0 efa_write_high_pps_verified=0 provider_tx_queue_requested=576 provider_tx_queue_size=576 provider_rx_queue_requested=64 provider_rx_queue_size=64 tx_cq_size=640 tx_cq_required=640 rx_cq_size=128 rx_cq_required=128 tx_cq_batch=64 rx_cq_batch=64 cq_headroom=64 cq_sleep_ns=0 strict_topology=1 selective_completion=0 rma_write_delivery_complete=1 rma_write_more=0 rma_write_more_burst=64
zcofi-control-server: listen=172.31.47.13:50025 peer=172.31.36.232:51368 local_addr_bytes=32 remote_addr_bytes=32 peer_profile_validated=yes wire_contract=zcofi-rma-window-v4;lanes=48;bytes_per_lane=671088640;extent=4096;cm_warmup=client-send-server-recv;done=operation-plus-payload-digest
zcofi-control-server-peer-profile: provider=efa fabric=efa-direct domain=efa_1-rdm device=efa_1 endpoint_type=3 api_requested=2.0 api_query=2.0 api_returned=2.0 caps=6755399441071878 mode=4503599627370496 mr_mode=116 mr_local=1 mr_virt_addr=1 control_progress=1 data_progress=1 max_msg_size=8928 max_msg_size_query_rc=0 max_rma_size=1073741824 max_rma_size_query_rc=0 inject_size=32 rma_iov_limit=1 efa=1 efa_direct=1 efa_emulated_read=0 efa_emulated_read_query_rc=0 efa_emulated_write=0 efa_emulated_write_query_rc=0 efa_write_high_pps_available=0 efa_write_high_pps_requested=0 efa_write_high_pps_effective=0 efa_write_high_pps_verified=0 provider_tx_queue_requested=576 provider_tx_queue_size=576 provider_rx_queue_requested=64 provider_rx_queue_size=64 tx_cq_size=640 tx_cq_required=640 rx_cq_size=128 rx_cq_required=128 tx_cq_batch=64 rx_cq_batch=64 cq_headroom=64 cq_sleep_ns=0 strict_topology=1 selective_completion=0 rma_write_delivery_complete=1 rma_write_more=0 rma_write_more_burst=64
zcofi-rma-connection-warmup: role=server lane=5 provider=efa direction=client-send-server-recv bytes=16 status=received
zcofi-rma-target-lane: worker=5 lane=5 provider=efa endpoint=rdm bind=172.31.47.13 service=49025 control_port=50025 arena_bytes=671088640 remote_addr=0x0000fb240bffa010 remote_key=0x00000000001000cf max_msg_size=8928 max_rma_size=1073741824 inject_size=32
zcofi-rma-setup-admission: role=server lane=5 order=lane-ascending parallelism=1 phase=endpoint-control-warmup-mr status=complete
zcofi-rma-setup-admission: role=server lane=6 order=lane-ascending parallelism=1 phase=endpoint-control-warmup-mr status=admitted
zcofi-endpoint-profile: provider=efa fabric=efa-direct domain=efa_1-rdm device=efa_1 endpoint_type=3 api_requested=2.0 api_query=2.0 api_returned=2.0 caps=6755399441071878 mode=4503599627370496 mr_mode=116 mr_local=1 mr_virt_addr=1 control_progress=1 data_progress=1 max_msg_size=8928 max_msg_size_query_rc=0 max_rma_size=1073741824 max_rma_size_query_rc=0 inject_size=32 rma_iov_limit=1 efa=1 efa_direct=1 efa_emulated_read=0 efa_emulated_read_query_rc=0 efa_emulated_write=0 efa_emulated_write_query_rc=0 efa_write_high_pps_available=0 efa_write_high_pps_requested=0 efa_write_high_pps_effective=0 efa_write_high_pps_verified=0 provider_tx_queue_requested=576 provider_tx_queue_size=576 provider_rx_queue_requested=64 provider_rx_queue_size=64 tx_cq_size=640 tx_cq_required=640 rx_cq_size=128 rx_cq_required=128 tx_cq_batch=64 rx_cq_batch=64 cq_headroom=64 cq_sleep_ns=0 strict_topology=1 selective_completion=0 rma_write_delivery_complete=1 rma_write_more=0 rma_write_more_burst=64
zcofi-control-server: listen=172.31.47.13:50026 peer=172.31.36.232:53430 local_addr_bytes=32 remote_addr_bytes=32 peer_profile_validated=yes wire_contract=zcofi-rma-window-v4;lanes=48;bytes_per_lane=671088640;extent=4096;cm_warmup=client-send-server-recv;done=operation-plus-payload-digest
zcofi-control-server-peer-profile: provider=efa fabric=efa-direct domain=efa_1-rdm device=efa_1 endpoint_type=3 api_requested=2.0 api_query=2.0 api_returned=2.0 caps=6755399441071878 mode=4503599627370496 mr_mode=116 mr_local=1 mr_virt_addr=1 control_progress=1 data_progress=1 max_msg_size=8928 max_msg_size_query_rc=0 max_rma_size=1073741824 max_rma_size_query_rc=0 inject_size=32 rma_iov_limit=1 efa=1 efa_direct=1 efa_emulated_read=0 efa_emulated_read_query_rc=0 efa_emulated_write=0 efa_emulated_write_query_rc=0 efa_write_high_pps_available=0 efa_write_high_pps_requested=0 efa_write_high_pps_effective=0 efa_write_high_pps_verified=0 provider_tx_queue_requested=576 provider_tx_queue_size=576 provider_rx_queue_requested=64 provider_rx_queue_size=64 tx_cq_size=640 tx_cq_required=640 rx_cq_size=128 rx_cq_required=128 tx_cq_batch=64 rx_cq_batch=64 cq_headroom=64 cq_sleep_ns=0 strict_topology=1 selective_completion=0 rma_write_delivery_complete=1 rma_write_more=0 rma_write_more_burst=64
zcofi-rma-connection-warmup: role=server lane=6 provider=efa direction=client-send-server-recv bytes=16 status=received
zcofi-rma-target-lane: worker=6 lane=6 provider=efa endpoint=rdm bind=172.31.47.13 service=49026 control_port=50026 arena_bytes=671088640 remote_addr=0x0000fb23e3ff9010 remote_key=0x00000000001000f7 max_msg_size=8928 max_rma_size=1073741824 inject_size=32
zcofi-rma-setup-admission: role=server lane=6 order=lane-ascending parallelism=1 phase=endpoint-control-warmup-mr status=complete
zcofi-rma-setup-admission: role=server lane=7 order=lane-ascending parallelism=1 phase=endpoint-control-warmup-mr status=admitted
zcofi-endpoint-profile: provider=efa fabric=efa-direct domain=efa_1-rdm device=efa_1 endpoint_type=3 api_requested=2.0 api_query=2.0 api_returned=2.0 caps=6755399441071878 mode=4503599627370496 mr_mode=116 mr_local=1 mr_virt_addr=1 control_progress=1 data_progress=1 max_msg_size=8928 max_msg_size_query_rc=0 max_rma_size=1073741824 max_rma_size_query_rc=0 inject_size=32 rma_iov_limit=1 efa=1 efa_direct=1 efa_emulated_read=0 efa_emulated_read_query_rc=0 efa_emulated_write=0 efa_emulated_write_query_rc=0 efa_write_high_pps_available=0 efa_write_high_pps_requested=0 efa_write_high_pps_effective=0 efa_write_high_pps_verified=0 provider_tx_queue_requested=576 provider_tx_queue_size=576 provider_rx_queue_requested=64 provider_rx_queue_size=64 tx_cq_size=640 tx_cq_required=640 rx_cq_size=128 rx_cq_required=128 tx_cq_batch=64 rx_cq_batch=64 cq_headroom=64 cq_sleep_ns=0 strict_topology=1 selective_completion=0 rma_write_delivery_complete=1 rma_write_more=0 rma_write_more_burst=64
zcofi-control-server: listen=172.31.47.13:50027 peer=172.31.36.232:43144 local_addr_bytes=32 remote_addr_bytes=32 peer_profile_validated=yes wire_contract=zcofi-rma-window-v4;lanes=48;bytes_per_lane=671088640;extent=4096;cm_warmup=client-send-server-recv;done=operation-plus-payload-digest
zcofi-control-server-peer-profile: provider=efa fabric=efa-direct domain=efa_1-rdm device=efa_1 endpoint_type=3 api_requested=2.0 api_query=2.0 api_returned=2.0 caps=6755399441071878 mode=4503599627370496 mr_mode=116 mr_local=1 mr_virt_addr=1 control_progress=1 data_progress=1 max_msg_size=8928 max_msg_size_query_rc=0 max_rma_size=1073741824 max_rma_size_query_rc=0 inject_size=32 rma_iov_limit=1 efa=1 efa_direct=1 efa_emulated_read=0 efa_emulated_read_query_rc=0 efa_emulated_write=0 efa_emulated_write_query_rc=0 efa_write_high_pps_available=0 efa_write_high_pps_requested=0 efa_write_high_pps_effective=0 efa_write_high_pps_verified=0 provider_tx_queue_requested=576 provider_tx_queue_size=576 provider_rx_queue_requested=64 provider_rx_queue_size=64 tx_cq_size=640 tx_cq_required=640 rx_cq_size=128 rx_cq_required=128 tx_cq_batch=64 rx_cq_batch=64 cq_headroom=64 cq_sleep_ns=0 strict_topology=1 selective_completion=0 rma_write_delivery_complete=1 rma_write_more=0 rma_write_more_burst=64
zcofi-rma-connection-warmup: role=server lane=7 provider=efa direction=client-send-server-recv bytes=16 status=received
zcofi-rma-target-lane: worker=7 lane=7 provider=efa endpoint=rdm bind=172.31.47.13 service=49027 control_port=50027 arena_bytes=671088640 remote_addr=0x0000fb23bbff8010 remote_key=0x0000000000400003 max_msg_size=8928 max_rma_size=1073741824 inject_size=32
zcofi-rma-setup-admission: role=server lane=7 order=lane-ascending parallelism=1 phase=endpoint-control-warmup-mr status=complete
zcofi-rma-setup-admission: role=server lane=8 order=lane-ascending parallelism=1 phase=endpoint-control-warmup-mr status=admitted
zcofi-endpoint-profile: provider=efa fabric=efa-direct domain=efa_1-rdm device=efa_1 endpoint_type=3 api_requested=2.0 api_query=2.0 api_returned=2.0 caps=6755399441071878 mode=4503599627370496 mr_mode=116 mr_local=1 mr_virt_addr=1 control_progress=1 data_progress=1 max_msg_size=8928 max_msg_size_query_rc=0 max_rma_size=1073741824 max_rma_size_query_rc=0 inject_size=32 rma_iov_limit=1 efa=1 efa_direct=1 efa_emulated_read=0 efa_emulated_read_query_rc=0 efa_emulated_write=0 efa_emulated_write_query_rc=0 efa_write_high_pps_available=0 efa_write_high_pps_requested=0 efa_write_high_pps_effective=0 efa_write_high_pps_verified=0 provider_tx_queue_requested=576 provider_tx_queue_size=576 provider_rx_queue_requested=64 provider_rx_queue_size=64 tx_cq_size=640 tx_cq_required=640 rx_cq_size=128 rx_cq_required=128 tx_cq_batch=64 rx_cq_batch=64 cq_headroom=64 cq_sleep_ns=0 strict_topology=1 selective_completion=0 rma_write_delivery_complete=1 rma_write_more=0 rma_write_more_burst=64
zcofi-control-server: listen=172.31.47.13:50028 peer=172.31.36.232:35944 local_addr_bytes=32 remote_addr_bytes=32 peer_profile_validated=yes wire_contract=zcofi-rma-window-v4;lanes=48;bytes_per_lane=671088640;extent=4096;cm_warmup=client-send-server-recv;done=operation-plus-payload-digest
zcofi-control-server-peer-profile: provider=efa fabric=efa-direct domain=efa_1-rdm device=efa_1 endpoint_type=3 api_requested=2.0 api_query=2.0 api_returned=2.0 caps=6755399441071878 mode=4503599627370496 mr_mode=116 mr_local=1 mr_virt_addr=1 control_progress=1 data_progress=1 max_msg_size=8928 max_msg_size_query_rc=0 max_rma_size=1073741824 max_rma_size_query_rc=0 inject_size=32 rma_iov_limit=1 efa=1 efa_direct=1 efa_emulated_read=0 efa_emulated_read_query_rc=0 efa_emulated_write=0 efa_emulated_write_query_rc=0 efa_write_high_pps_available=0 efa_write_high_pps_requested=0 efa_write_high_pps_effective=0 efa_write_high_pps_verified=0 provider_tx_queue_requested=576 provider_tx_queue_size=576 provider_rx_queue_requested=64 provider_rx_queue_size=64 tx_cq_size=640 tx_cq_required=640 rx_cq_size=128 rx_cq_required=128 tx_cq_batch=64 rx_cq_batch=64 cq_headroom=64 cq_sleep_ns=0 strict_topology=1 selective_completion=0 rma_write_delivery_complete=1 rma_write_more=0 rma_write_more_burst=64
zcofi-rma-connection-warmup: role=server lane=8 provider=efa direction=client-send-server-recv bytes=16 status=received
zcofi-rma-target-lane: worker=8 lane=8 provider=efa endpoint=rdm bind=172.31.47.13 service=49028 control_port=50028 arena_bytes=671088640 remote_addr=0x0000fb2393ff7010 remote_key=0x00000000001000f3 max_msg_size=8928 max_rma_size=1073741824 inject_size=32
zcofi-rma-setup-admission: role=server lane=8 order=lane-ascending parallelism=1 phase=endpoint-control-warmup-mr status=complete
zcofi-rma-setup-admission: role=server lane=9 order=lane-ascending parallelism=1 phase=endpoint-control-warmup-mr status=admitted
zcofi-endpoint-profile: provider=efa fabric=efa-direct domain=efa_1-rdm device=efa_1 endpoint_type=3 api_requested=2.0 api_query=2.0 api_returned=2.0 caps=6755399441071878 mode=4503599627370496 mr_mode=116 mr_local=1 mr_virt_addr=1 control_progress=1 data_progress=1 max_msg_size=8928 max_msg_size_query_rc=0 max_rma_size=1073741824 max_rma_size_query_rc=0 inject_size=32 rma_iov_limit=1 efa=1 efa_direct=1 efa_emulated_read=0 efa_emulated_read_query_rc=0 efa_emulated_write=0 efa_emulated_write_query_rc=0 efa_write_high_pps_available=0 efa_write_high_pps_requested=0 efa_write_high_pps_effective=0 efa_write_high_pps_verified=0 provider_tx_queue_requested=576 provider_tx_queue_size=576 provider_rx_queue_requested=64 provider_rx_queue_size=64 tx_cq_size=640 tx_cq_required=640 rx_cq_size=128 rx_cq_required=128 tx_cq_batch=64 rx_cq_batch=64 cq_headroom=64 cq_sleep_ns=0 strict_topology=1 selective_completion=0 rma_write_delivery_complete=1 rma_write_more=0 rma_write_more_burst=64
zcofi-control-server: listen=172.31.47.13:50029 peer=172.31.36.232:57138 local_addr_bytes=32 remote_addr_bytes=32 peer_profile_validated=yes wire_contract=zcofi-rma-window-v4;lanes=48;bytes_per_lane=671088640;extent=4096;cm_warmup=client-send-server-recv;done=operation-plus-payload-digest
zcofi-control-server-peer-profile: provider=efa fabric=efa-direct domain=efa_1-rdm device=efa_1 endpoint_type=3 api_requested=2.0 api_query=2.0 api_returned=2.0 caps=6755399441071878 mode=4503599627370496 mr_mode=116 mr_local=1 mr_virt_addr=1 control_progress=1 data_progress=1 max_msg_size=8928 max_msg_size_query_rc=0 max_rma_size=1073741824 max_rma_size_query_rc=0 inject_size=32 rma_iov_limit=1 efa=1 efa_direct=1 efa_emulated_read=0 efa_emulated_read_query_rc=0 efa_emulated_write=0 efa_emulated_write_query_rc=0 efa_write_high_pps_available=0 efa_write_high_pps_requested=0 efa_write_high_pps_effective=0 efa_write_high_pps_verified=0 provider_tx_queue_requested=576 provider_tx_queue_size=576 provider_rx_queue_requested=64 provider_rx_queue_size=64 tx_cq_size=640 tx_cq_required=640 rx_cq_size=128 rx_cq_required=128 tx_cq_batch=64 rx_cq_batch=64 cq_headroom=64 cq_sleep_ns=0 strict_topology=1 selective_completion=0 rma_write_delivery_complete=1 rma_write_more=0 rma_write_more_burst=64
zcofi-rma-connection-warmup: role=server lane=9 provider=efa direction=client-send-server-recv bytes=16 status=received
zcofi-rma-target-lane: worker=9 lane=9 provider=efa endpoint=rdm bind=172.31.47.13 service=49029 control_port=50029 arena_bytes=671088640 remote_addr=0x0000fb236bff6010 remote_key=0x000000000010009b max_msg_size=8928 max_rma_size=1073741824 inject_size=32
zcofi-rma-setup-admission: role=server lane=9 order=lane-ascending parallelism=1 phase=endpoint-control-warmup-mr status=complete
zcofi-rma-setup-admission: role=server lane=10 order=lane-ascending parallelism=1 phase=endpoint-control-warmup-mr status=admitted
zcofi-endpoint-profile: provider=efa fabric=efa-direct domain=efa_1-rdm device=efa_1 endpoint_type=3 api_requested=2.0 api_query=2.0 api_returned=2.0 caps=6755399441071878 mode=4503599627370496 mr_mode=116 mr_local=1 mr_virt_addr=1 control_progress=1 data_progress=1 max_msg_size=8928 max_msg_size_query_rc=0 max_rma_size=1073741824 max_rma_size_query_rc=0 inject_size=32 rma_iov_limit=1 efa=1 efa_direct=1 efa_emulated_read=0 efa_emulated_read_query_rc=0 efa_emulated_write=0 efa_emulated_write_query_rc=0 efa_write_high_pps_available=0 efa_write_high_pps_requested=0 efa_write_high_pps_effective=0 efa_write_high_pps_verified=0 provider_tx_queue_requested=576 provider_tx_queue_size=576 provider_rx_queue_requested=64 provider_rx_queue_size=64 tx_cq_size=640 tx_cq_required=640 rx_cq_size=128 rx_cq_required=128 tx_cq_batch=64 rx_cq_batch=64 cq_headroom=64 cq_sleep_ns=0 strict_topology=1 selective_completion=0 rma_write_delivery_complete=1 rma_write_more=0 rma_write_more_burst=64
zcofi-control-server: listen=172.31.47.13:50030 peer=172.31.36.232:34594 local_addr_bytes=32 remote_addr_bytes=32 peer_profile_validated=yes wire_contract=zcofi-rma-window-v4;lanes=48;bytes_per_lane=671088640;extent=4096;cm_warmup=client-send-server-recv;done=operation-plus-payload-digest
zcofi-control-server-peer-profile: provider=efa fabric=efa-direct domain=efa_1-rdm device=efa_1 endpoint_type=3 api_requested=2.0 api_query=2.0 api_returned=2.0 caps=6755399441071878 mode=4503599627370496 mr_mode=116 mr_local=1 mr_virt_addr=1 control_progress=1 data_progress=1 max_msg_size=8928 max_msg_size_query_rc=0 max_rma_size=1073741824 max_rma_size_query_rc=0 inject_size=32 rma_iov_limit=1 efa=1 efa_direct=1 efa_emulated_read=0 efa_emulated_read_query_rc=0 efa_emulated_write=0 efa_emulated_write_query_rc=0 efa_write_high_pps_available=0 efa_write_high_pps_requested=0 efa_write_high_pps_effective=0 efa_write_high_pps_verified=0 provider_tx_queue_requested=576 provider_tx_queue_size=576 provider_rx_queue_requested=64 provider_rx_queue_size=64 tx_cq_size=640 tx_cq_required=640 rx_cq_size=128 rx_cq_required=128 tx_cq_batch=64 rx_cq_batch=64 cq_headroom=64 cq_sleep_ns=0 strict_topology=1 selective_completion=0 rma_write_delivery_complete=1 rma_write_more=0 rma_write_more_burst=64
zcofi-rma-connection-warmup: role=server lane=10 provider=efa direction=client-send-server-recv bytes=16 status=received
zcofi-rma-target-lane: worker=10 lane=10 provider=efa endpoint=rdm bind=172.31.47.13 service=49030 control_port=50030 arena_bytes=671088640 remote_addr=0x0000fb2343ff5010 remote_key=0x000000000020006d max_msg_size=8928 max_rma_size=1073741824 inject_size=32
zcofi-rma-setup-admission: role=server lane=10 order=lane-ascending parallelism=1 phase=endpoint-control-warmup-mr status=complete
zcofi-rma-setup-admission: role=server lane=11 order=lane-ascending parallelism=1 phase=endpoint-control-warmup-mr status=admitted
zcofi-endpoint-profile: provider=efa fabric=efa-direct domain=efa_1-rdm device=efa_1 endpoint_type=3 api_requested=2.0 api_query=2.0 api_returned=2.0 caps=6755399441071878 mode=4503599627370496 mr_mode=116 mr_local=1 mr_virt_addr=1 control_progress=1 data_progress=1 max_msg_size=8928 max_msg_size_query_rc=0 max_rma_size=1073741824 max_rma_size_query_rc=0 inject_size=32 rma_iov_limit=1 efa=1 efa_direct=1 efa_emulated_read=0 efa_emulated_read_query_rc=0 efa_emulated_write=0 efa_emulated_write_query_rc=0 efa_write_high_pps_available=0 efa_write_high_pps_requested=0 efa_write_high_pps_effective=0 efa_write_high_pps_verified=0 provider_tx_queue_requested=576 provider_tx_queue_size=576 provider_rx_queue_requested=64 provider_rx_queue_size=64 tx_cq_size=640 tx_cq_required=640 rx_cq_size=128 rx_cq_required=128 tx_cq_batch=64 rx_cq_batch=64 cq_headroom=64 cq_sleep_ns=0 strict_topology=1 selective_completion=0 rma_write_delivery_complete=1 rma_write_more=0 rma_write_more_burst=64
zcofi-control-server: listen=172.31.47.13:50031 peer=172.31.36.232:48344 local_addr_bytes=32 remote_addr_bytes=32 peer_profile_validated=yes wire_contract=zcofi-rma-window-v4;lanes=48;bytes_per_lane=671088640;extent=4096;cm_warmup=client-send-server-recv;done=operation-plus-payload-digest
zcofi-control-server-peer-profile: provider=efa fabric=efa-direct domain=efa_1-rdm device=efa_1 endpoint_type=3 api_requested=2.0 api_query=2.0 api_returned=2.0 caps=6755399441071878 mode=4503599627370496 mr_mode=116 mr_local=1 mr_virt_addr=1 control_progress=1 data_progress=1 max_msg_size=8928 max_msg_size_query_rc=0 max_rma_size=1073741824 max_rma_size_query_rc=0 inject_size=32 rma_iov_limit=1 efa=1 efa_direct=1 efa_emulated_read=0 efa_emulated_read_query_rc=0 efa_emulated_write=0 efa_emulated_write_query_rc=0 efa_write_high_pps_available=0 efa_write_high_pps_requested=0 efa_write_high_pps_effective=0 efa_write_high_pps_verified=0 provider_tx_queue_requested=576 provider_tx_queue_size=576 provider_rx_queue_requested=64 provider_rx_queue_size=64 tx_cq_size=640 tx_cq_required=640 rx_cq_size=128 rx_cq_required=128 tx_cq_batch=64 rx_cq_batch=64 cq_headroom=64 cq_sleep_ns=0 strict_topology=1 selective_completion=0 rma_write_delivery_complete=1 rma_write_more=0 rma_write_more_burst=64
zcofi-rma-connection-warmup: role=server lane=11 provider=efa direction=client-send-server-recv bytes=16 status=received
zcofi-rma-target-lane: worker=11 lane=11 provider=efa endpoint=rdm bind=172.31.47.13 service=49031 control_port=50031 arena_bytes=671088640 remote_addr=0x0000fb231bff4010 remote_key=0x0000000000400039 max_msg_size=8928 max_rma_size=1073741824 inject_size=32
zcofi-rma-setup-admission: role=server lane=11 order=lane-ascending parallelism=1 phase=endpoint-control-warmup-mr status=complete
zcofi-rma-setup-admission: role=server lane=12 order=lane-ascending parallelism=1 phase=endpoint-control-warmup-mr status=admitted
zcofi-endpoint-profile: provider=efa fabric=efa-direct domain=efa_1-rdm device=efa_1 endpoint_type=3 api_requested=2.0 api_query=2.0 api_returned=2.0 caps=6755399441071878 mode=4503599627370496 mr_mode=116 mr_local=1 mr_virt_addr=1 control_progress=1 data_progress=1 max_msg_size=8928 max_msg_size_query_rc=0 max_rma_size=1073741824 max_rma_size_query_rc=0 inject_size=32 rma_iov_limit=1 efa=1 efa_direct=1 efa_emulated_read=0 efa_emulated_read_query_rc=0 efa_emulated_write=0 efa_emulated_write_query_rc=0 efa_write_high_pps_available=0 efa_write_high_pps_requested=0 efa_write_high_pps_effective=0 efa_write_high_pps_verified=0 provider_tx_queue_requested=576 provider_tx_queue_size=576 provider_rx_queue_requested=64 provider_rx_queue_size=64 tx_cq_size=640 tx_cq_required=640 rx_cq_size=128 rx_cq_required=128 tx_cq_batch=64 rx_cq_batch=64 cq_headroom=64 cq_sleep_ns=0 strict_topology=1 selective_completion=0 rma_write_delivery_complete=1 rma_write_more=0 rma_write_more_burst=64
zcofi-control-server: listen=172.31.47.13:50032 peer=172.31.36.232:37662 local_addr_bytes=32 remote_addr_bytes=32 peer_profile_validated=yes wire_contract=zcofi-rma-window-v4;lanes=48;bytes_per_lane=671088640;extent=4096;cm_warmup=client-send-server-recv;done=operation-plus-payload-digest
zcofi-control-server-peer-profile: provider=efa fabric=efa-direct domain=efa_1-rdm device=efa_1 endpoint_type=3 api_requested=2.0 api_query=2.0 api_returned=2.0 caps=6755399441071878 mode=4503599627370496 mr_mode=116 mr_local=1 mr_virt_addr=1 control_progress=1 data_progress=1 max_msg_size=8928 max_msg_size_query_rc=0 max_rma_size=1073741824 max_rma_size_query_rc=0 inject_size=32 rma_iov_limit=1 efa=1 efa_direct=1 efa_emulated_read=0 efa_emulated_read_query_rc=0 efa_emulated_write=0 efa_emulated_write_query_rc=0 efa_write_high_pps_available=0 efa_write_high_pps_requested=0 efa_write_high_pps_effective=0 efa_write_high_pps_verified=0 provider_tx_queue_requested=576 provider_tx_queue_size=576 provider_rx_queue_requested=64 provider_rx_queue_size=64 tx_cq_size=640 tx_cq_required=640 rx_cq_size=128 rx_cq_required=128 tx_cq_batch=64 rx_cq_batch=64 cq_headroom=64 cq_sleep_ns=0 strict_topology=1 selective_completion=0 rma_write_delivery_complete=1 rma_write_more=0 rma_write_more_burst=64
zcofi-rma-connection-warmup: role=server lane=12 provider=efa direction=client-send-server-recv bytes=16 status=received
zcofi-rma-target-lane: worker=12 lane=12 provider=efa endpoint=rdm bind=172.31.47.13 service=49032 control_port=50032 arena_bytes=671088640 remote_addr=0x0000fb22f3ff3010 remote_key=0x00000000001000a7 max_msg_size=8928 max_rma_size=1073741824 inject_size=32
zcofi-rma-setup-admission: role=server lane=12 order=lane-ascending parallelism=1 phase=endpoint-control-warmup-mr status=complete
zcofi-rma-setup-admission: role=server lane=13 order=lane-ascending parallelism=1 phase=endpoint-control-warmup-mr status=admitted
zcofi-endpoint-profile: provider=efa fabric=efa-direct domain=efa_1-rdm device=efa_1 endpoint_type=3 api_requested=2.0 api_query=2.0 api_returned=2.0 caps=6755399441071878 mode=4503599627370496 mr_mode=116 mr_local=1 mr_virt_addr=1 control_progress=1 data_progress=1 max_msg_size=8928 max_msg_size_query_rc=0 max_rma_size=1073741824 max_rma_size_query_rc=0 inject_size=32 rma_iov_limit=1 efa=1 efa_direct=1 efa_emulated_read=0 efa_emulated_read_query_rc=0 efa_emulated_write=0 efa_emulated_write_query_rc=0 efa_write_high_pps_available=0 efa_write_high_pps_requested=0 efa_write_high_pps_effective=0 efa_write_high_pps_verified=0 provider_tx_queue_requested=576 provider_tx_queue_size=576 provider_rx_queue_requested=64 provider_rx_queue_size=64 tx_cq_size=640 tx_cq_required=640 rx_cq_size=128 rx_cq_required=128 tx_cq_batch=64 rx_cq_batch=64 cq_headroom=64 cq_sleep_ns=0 strict_topology=1 selective_completion=0 rma_write_delivery_complete=1 rma_write_more=0 rma_write_more_burst=64
zcofi-control-server: listen=172.31.47.13:50033 peer=172.31.36.232:55540 local_addr_bytes=32 remote_addr_bytes=32 peer_profile_validated=yes wire_contract=zcofi-rma-window-v4;lanes=48;bytes_per_lane=671088640;extent=4096;cm_warmup=client-send-server-recv;done=operation-plus-payload-digest
zcofi-control-server-peer-profile: provider=efa fabric=efa-direct domain=efa_1-rdm device=efa_1 endpoint_type=3 api_requested=2.0 api_query=2.0 api_returned=2.0 caps=6755399441071878 mode=4503599627370496 mr_mode=116 mr_local=1 mr_virt_addr=1 control_progress=1 data_progress=1 max_msg_size=8928 max_msg_size_query_rc=0 max_rma_size=1073741824 max_rma_size_query_rc=0 inject_size=32 rma_iov_limit=1 efa=1 efa_direct=1 efa_emulated_read=0 efa_emulated_read_query_rc=0 efa_emulated_write=0 efa_emulated_write_query_rc=0 efa_write_high_pps_available=0 efa_write_high_pps_requested=0 efa_write_high_pps_effective=0 efa_write_high_pps_verified=0 provider_tx_queue_requested=576 provider_tx_queue_size=576 provider_rx_queue_requested=64 provider_rx_queue_size=64 tx_cq_size=640 tx_cq_required=640 rx_cq_size=128 rx_cq_required=128 tx_cq_batch=64 rx_cq_batch=64 cq_headroom=64 cq_sleep_ns=0 strict_topology=1 selective_completion=0 rma_write_delivery_complete=1 rma_write_more=0 rma_write_more_burst=64
zcofi-rma-connection-warmup: role=server lane=13 provider=efa direction=client-send-server-recv bytes=16 status=received
zcofi-rma-target-lane: worker=13 lane=13 provider=efa endpoint=rdm bind=172.31.47.13 service=49033 control_port=50033 arena_bytes=671088640 remote_addr=0x0000fb22cbff2010 remote_key=0x00000000001000c3 max_msg_size=8928 max_rma_size=1073741824 inject_size=32
zcofi-rma-setup-admission: role=server lane=13 order=lane-ascending parallelism=1 phase=endpoint-control-warmup-mr status=complete
zcofi-rma-setup-admission: role=server lane=14 order=lane-ascending parallelism=1 phase=endpoint-control-warmup-mr status=admitted
zcofi-endpoint-profile: provider=efa fabric=efa-direct domain=efa_1-rdm device=efa_1 endpoint_type=3 api_requested=2.0 api_query=2.0 api_returned=2.0 caps=6755399441071878 mode=4503599627370496 mr_mode=116 mr_local=1 mr_virt_addr=1 control_progress=1 data_progress=1 max_msg_size=8928 max_msg_size_query_rc=0 max_rma_size=1073741824 max_rma_size_query_rc=0 inject_size=32 rma_iov_limit=1 efa=1 efa_direct=1 efa_emulated_read=0 efa_emulated_read_query_rc=0 efa_emulated_write=0 efa_emulated_write_query_rc=0 efa_write_high_pps_available=0 efa_write_high_pps_requested=0 efa_write_high_pps_effective=0 efa_write_high_pps_verified=0 provider_tx_queue_requested=576 provider_tx_queue_size=576 provider_rx_queue_requested=64 provider_rx_queue_size=64 tx_cq_size=640 tx_cq_required=640 rx_cq_size=128 rx_cq_required=128 tx_cq_batch=64 rx_cq_batch=64 cq_headroom=64 cq_sleep_ns=0 strict_topology=1 selective_completion=0 rma_write_delivery_complete=1 rma_write_more=0 rma_write_more_burst=64
zcofi-control-server: listen=172.31.47.13:50034 peer=172.31.36.232:40610 local_addr_bytes=32 remote_addr_bytes=32 peer_profile_validated=yes wire_contract=zcofi-rma-window-v4;lanes=48;bytes_per_lane=671088640;extent=4096;cm_warmup=client-send-server-recv;done=operation-plus-payload-digest
zcofi-control-server-peer-profile: provider=efa fabric=efa-direct domain=efa_1-rdm device=efa_1 endpoint_type=3 api_requested=2.0 api_query=2.0 api_returned=2.0 caps=6755399441071878 mode=4503599627370496 mr_mode=116 mr_local=1 mr_virt_addr=1 control_progress=1 data_progress=1 max_msg_size=8928 max_msg_size_query_rc=0 max_rma_size=1073741824 max_rma_size_query_rc=0 inject_size=32 rma_iov_limit=1 efa=1 efa_direct=1 efa_emulated_read=0 efa_emulated_read_query_rc=0 efa_emulated_write=0 efa_emulated_write_query_rc=0 efa_write_high_pps_available=0 efa_write_high_pps_requested=0 efa_write_high_pps_effective=0 efa_write_high_pps_verified=0 provider_tx_queue_requested=576 provider_tx_queue_size=576 provider_rx_queue_requested=64 provider_rx_queue_size=64 tx_cq_size=640 tx_cq_required=640 rx_cq_size=128 rx_cq_required=128 tx_cq_batch=64 rx_cq_batch=64 cq_headroom=64 cq_sleep_ns=0 strict_topology=1 selective_completion=0 rma_write_delivery_complete=1 rma_write_more=0 rma_write_more_burst=64
zcofi-rma-connection-warmup: role=server lane=14 provider=efa direction=client-send-server-recv bytes=16 status=received
zcofi-rma-target-lane: worker=14 lane=14 provider=efa endpoint=rdm bind=172.31.47.13 service=49034 control_port=50034 arena_bytes=671088640 remote_addr=0x0000fb22a3ff1010 remote_key=0x000000000010009f max_msg_size=8928 max_rma_size=1073741824 inject_size=32
zcofi-rma-setup-admission: role=server lane=14 order=lane-ascending parallelism=1 phase=endpoint-control-warmup-mr status=complete
zcofi-rma-setup-admission: role=server lane=15 order=lane-ascending parallelism=1 phase=endpoint-control-warmup-mr status=admitted
zcofi-endpoint-profile: provider=efa fabric=efa-direct domain=efa_1-rdm device=efa_1 endpoint_type=3 api_requested=2.0 api_query=2.0 api_returned=2.0 caps=6755399441071878 mode=4503599627370496 mr_mode=116 mr_local=1 mr_virt_addr=1 control_progress=1 data_progress=1 max_msg_size=8928 max_msg_size_query_rc=0 max_rma_size=1073741824 max_rma_size_query_rc=0 inject_size=32 rma_iov_limit=1 efa=1 efa_direct=1 efa_emulated_read=0 efa_emulated_read_query_rc=0 efa_emulated_write=0 efa_emulated_write_query_rc=0 efa_write_high_pps_available=0 efa_write_high_pps_requested=0 efa_write_high_pps_effective=0 efa_write_high_pps_verified=0 provider_tx_queue_requested=576 provider_tx_queue_size=576 provider_rx_queue_requested=64 provider_rx_queue_size=64 tx_cq_size=640 tx_cq_required=640 rx_cq_size=128 rx_cq_required=128 tx_cq_batch=64 rx_cq_batch=64 cq_headroom=64 cq_sleep_ns=0 strict_topology=1 selective_completion=0 rma_write_delivery_complete=1 rma_write_more=0 rma_write_more_burst=64
zcofi-control-server: listen=172.31.47.13:50035 peer=172.31.36.232:58478 local_addr_bytes=32 remote_addr_bytes=32 peer_profile_validated=yes wire_contract=zcofi-rma-window-v4;lanes=48;bytes_per_lane=671088640;extent=4096;cm_warmup=client-send-server-recv;done=operation-plus-payload-digest
zcofi-control-server-peer-profile: provider=efa fabric=efa-direct domain=efa_1-rdm device=efa_1 endpoint_type=3 api_requested=2.0 api_query=2.0 api_returned=2.0 caps=6755399441071878 mode=4503599627370496 mr_mode=116 mr_local=1 mr_virt_addr=1 control_progress=1 data_progress=1 max_msg_size=8928 max_msg_size_query_rc=0 max_rma_size=1073741824 max_rma_size_query_rc=0 inject_size=32 rma_iov_limit=1 efa=1 efa_direct=1 efa_emulated_read=0 efa_emulated_read_query_rc=0 efa_emulated_write=0 efa_emulated_write_query_rc=0 efa_write_high_pps_available=0 efa_write_high_pps_requested=0 efa_write_high_pps_effective=0 efa_write_high_pps_verified=0 provider_tx_queue_requested=576 provider_tx_queue_size=576 provider_rx_queue_requested=64 provider_rx_queue_size=64 tx_cq_size=640 tx_cq_required=640 rx_cq_size=128 rx_cq_required=128 tx_cq_batch=64 rx_cq_batch=64 cq_headroom=64 cq_sleep_ns=0 strict_topology=1 selective_completion=0 rma_write_delivery_complete=1 rma_write_more=0 rma_write_more_burst=64
zcofi-rma-connection-warmup: role=server lane=15 provider=efa direction=client-send-server-recv bytes=16 status=received
zcofi-rma-target-lane: worker=15 lane=15 provider=efa endpoint=rdm bind=172.31.47.13 service=49035 control_port=50035 arena_bytes=671088640 remote_addr=0x0000fb227bff0010 remote_key=0x00000000001000cb max_msg_size=8928 max_rma_size=1073741824 inject_size=32
zcofi-rma-setup-admission: role=server lane=15 order=lane-ascending parallelism=1 phase=endpoint-control-warmup-mr status=complete
zcofi-rma-setup-admission: role=server lane=16 order=lane-ascending parallelism=1 phase=endpoint-control-warmup-mr status=admitted
zcofi-endpoint-profile: provider=efa fabric=efa-direct domain=efa_1-rdm device=efa_1 endpoint_type=3 api_requested=2.0 api_query=2.0 api_returned=2.0 caps=6755399441071878 mode=4503599627370496 mr_mode=116 mr_local=1 mr_virt_addr=1 control_progress=1 data_progress=1 max_msg_size=8928 max_msg_size_query_rc=0 max_rma_size=1073741824 max_rma_size_query_rc=0 inject_size=32 rma_iov_limit=1 efa=1 efa_direct=1 efa_emulated_read=0 efa_emulated_read_query_rc=0 efa_emulated_write=0 efa_emulated_write_query_rc=0 efa_write_high_pps_available=0 efa_write_high_pps_requested=0 efa_write_high_pps_effective=0 efa_write_high_pps_verified=0 provider_tx_queue_requested=576 provider_tx_queue_size=576 provider_rx_queue_requested=64 provider_rx_queue_size=64 tx_cq_size=640 tx_cq_required=640 rx_cq_size=128 rx_cq_required=128 tx_cq_batch=64 rx_cq_batch=64 cq_headroom=64 cq_sleep_ns=0 strict_topology=1 selective_completion=0 rma_write_delivery_complete=1 rma_write_more=0 rma_write_more_burst=64
zcofi-control-server: listen=172.31.47.13:50036 peer=172.31.36.232:38468 local_addr_bytes=32 remote_addr_bytes=32 peer_profile_validated=yes wire_contract=zcofi-rma-window-v4;lanes=48;bytes_per_lane=671088640;extent=4096;cm_warmup=client-send-server-recv;done=operation-plus-payload-digest
zcofi-control-server-peer-profile: provider=efa fabric=efa-direct domain=efa_1-rdm device=efa_1 endpoint_type=3 api_requested=2.0 api_query=2.0 api_returned=2.0 caps=6755399441071878 mode=4503599627370496 mr_mode=116 mr_local=1 mr_virt_addr=1 control_progress=1 data_progress=1 max_msg_size=8928 max_msg_size_query_rc=0 max_rma_size=1073741824 max_rma_size_query_rc=0 inject_size=32 rma_iov_limit=1 efa=1 efa_direct=1 efa_emulated_read=0 efa_emulated_read_query_rc=0 efa_emulated_write=0 efa_emulated_write_query_rc=0 efa_write_high_pps_available=0 efa_write_high_pps_requested=0 efa_write_high_pps_effective=0 efa_write_high_pps_verified=0 provider_tx_queue_requested=576 provider_tx_queue_size=576 provider_rx_queue_requested=64 provider_rx_queue_size=64 tx_cq_size=640 tx_cq_required=640 rx_cq_size=128 rx_cq_required=128 tx_cq_batch=64 rx_cq_batch=64 cq_headroom=64 cq_sleep_ns=0 strict_topology=1 selective_completion=0 rma_write_delivery_complete=1 rma_write_more=0 rma_write_more_burst=64
zcofi-rma-connection-warmup: role=server lane=16 provider=efa direction=client-send-server-recv bytes=16 status=received
zcofi-rma-target-lane: worker=16 lane=16 provider=efa endpoint=rdm bind=172.31.47.13 service=49036 control_port=50036 arena_bytes=671088640 remote_addr=0x0000fb2253fef010 remote_key=0x0000000000100092 max_msg_size=8928 max_rma_size=1073741824 inject_size=32
zcofi-rma-setup-admission: role=server lane=16 order=lane-ascending parallelism=1 phase=endpoint-control-warmup-mr status=complete
zcofi-rma-setup-admission: role=server lane=17 order=lane-ascending parallelism=1 phase=endpoint-control-warmup-mr status=admitted
zcofi-endpoint-profile: provider=efa fabric=efa-direct domain=efa_1-rdm device=efa_1 endpoint_type=3 api_requested=2.0 api_query=2.0 api_returned=2.0 caps=6755399441071878 mode=4503599627370496 mr_mode=116 mr_local=1 mr_virt_addr=1 control_progress=1 data_progress=1 max_msg_size=8928 max_msg_size_query_rc=0 max_rma_size=1073741824 max_rma_size_query_rc=0 inject_size=32 rma_iov_limit=1 efa=1 efa_direct=1 efa_emulated_read=0 efa_emulated_read_query_rc=0 efa_emulated_write=0 efa_emulated_write_query_rc=0 efa_write_high_pps_available=0 efa_write_high_pps_requested=0 efa_write_high_pps_effective=0 efa_write_high_pps_verified=0 provider_tx_queue_requested=576 provider_tx_queue_size=576 provider_rx_queue_requested=64 provider_rx_queue_size=64 tx_cq_size=640 tx_cq_required=640 rx_cq_size=128 rx_cq_required=128 tx_cq_batch=64 rx_cq_batch=64 cq_headroom=64 cq_sleep_ns=0 strict_topology=1 selective_completion=0 rma_write_delivery_complete=1 rma_write_more=0 rma_write_more_burst=64
zcofi-control-server: listen=172.31.47.13:50037 peer=172.31.36.232:40328 local_addr_bytes=32 remote_addr_bytes=32 peer_profile_validated=yes wire_contract=zcofi-rma-window-v4;lanes=48;bytes_per_lane=671088640;extent=4096;cm_warmup=client-send-server-recv;done=operation-plus-payload-digest
zcofi-control-server-peer-profile: provider=efa fabric=efa-direct domain=efa_1-rdm device=efa_1 endpoint_type=3 api_requested=2.0 api_query=2.0 api_returned=2.0 caps=6755399441071878 mode=4503599627370496 mr_mode=116 mr_local=1 mr_virt_addr=1 control_progress=1 data_progress=1 max_msg_size=8928 max_msg_size_query_rc=0 max_rma_size=1073741824 max_rma_size_query_rc=0 inject_size=32 rma_iov_limit=1 efa=1 efa_direct=1 efa_emulated_read=0 efa_emulated_read_query_rc=0 efa_emulated_write=0 efa_emulated_write_query_rc=0 efa_write_high_pps_available=0 efa_write_high_pps_requested=0 efa_write_high_pps_effective=0 efa_write_high_pps_verified=0 provider_tx_queue_requested=576 provider_tx_queue_size=576 provider_rx_queue_requested=64 provider_rx_queue_size=64 tx_cq_size=640 tx_cq_required=640 rx_cq_size=128 rx_cq_required=128 tx_cq_batch=64 rx_cq_batch=64 cq_headroom=64 cq_sleep_ns=0 strict_topology=1 selective_completion=0 rma_write_delivery_complete=1 rma_write_more=0 rma_write_more_burst=64
zcofi-rma-connection-warmup: role=server lane=17 provider=efa direction=client-send-server-recv bytes=16 status=received
zcofi-rma-target-lane: worker=17 lane=17 provider=efa endpoint=rdm bind=172.31.47.13 service=49037 control_port=50037 arena_bytes=671088640 remote_addr=0x0000fb222bfee010 remote_key=0x0000000000100091 max_msg_size=8928 max_rma_size=1073741824 inject_size=32
zcofi-rma-setup-admission: role=server lane=17 order=lane-ascending parallelism=1 phase=endpoint-control-warmup-mr status=complete
zcofi-rma-setup-admission: role=server lane=18 order=lane-ascending parallelism=1 phase=endpoint-control-warmup-mr status=admitted
zcofi-endpoint-profile: provider=efa fabric=efa-direct domain=efa_1-rdm device=efa_1 endpoint_type=3 api_requested=2.0 api_query=2.0 api_returned=2.0 caps=6755399441071878 mode=4503599627370496 mr_mode=116 mr_local=1 mr_virt_addr=1 control_progress=1 data_progress=1 max_msg_size=8928 max_msg_size_query_rc=0 max_rma_size=1073741824 max_rma_size_query_rc=0 inject_size=32 rma_iov_limit=1 efa=1 efa_direct=1 efa_emulated_read=0 efa_emulated_read_query_rc=0 efa_emulated_write=0 efa_emulated_write_query_rc=0 efa_write_high_pps_available=0 efa_write_high_pps_requested=0 efa_write_high_pps_effective=0 efa_write_high_pps_verified=0 provider_tx_queue_requested=576 provider_tx_queue_size=576 provider_rx_queue_requested=64 provider_rx_queue_size=64 tx_cq_size=640 tx_cq_required=640 rx_cq_size=128 rx_cq_required=128 tx_cq_batch=64 rx_cq_batch=64 cq_headroom=64 cq_sleep_ns=0 strict_topology=1 selective_completion=0 rma_write_delivery_complete=1 rma_write_more=0 rma_write_more_burst=64
zcofi-control-server: listen=172.31.47.13:50038 peer=172.31.36.232:47948 local_addr_bytes=32 remote_addr_bytes=32 peer_profile_validated=yes wire_contract=zcofi-rma-window-v4;lanes=48;bytes_per_lane=671088640;extent=4096;cm_warmup=client-send-server-recv;done=operation-plus-payload-digest
zcofi-control-server-peer-profile: provider=efa fabric=efa-direct domain=efa_1-rdm device=efa_1 endpoint_type=3 api_requested=2.0 api_query=2.0 api_returned=2.0 caps=6755399441071878 mode=4503599627370496 mr_mode=116 mr_local=1 mr_virt_addr=1 control_progress=1 data_progress=1 max_msg_size=8928 max_msg_size_query_rc=0 max_rma_size=1073741824 max_rma_size_query_rc=0 inject_size=32 rma_iov_limit=1 efa=1 efa_direct=1 efa_emulated_read=0 efa_emulated_read_query_rc=0 efa_emulated_write=0 efa_emulated_write_query_rc=0 efa_write_high_pps_available=0 efa_write_high_pps_requested=0 efa_write_high_pps_effective=0 efa_write_high_pps_verified=0 provider_tx_queue_requested=576 provider_tx_queue_size=576 provider_rx_queue_requested=64 provider_rx_queue_size=64 tx_cq_size=640 tx_cq_required=640 rx_cq_size=128 rx_cq_required=128 tx_cq_batch=64 rx_cq_batch=64 cq_headroom=64 cq_sleep_ns=0 strict_topology=1 selective_completion=0 rma_write_delivery_complete=1 rma_write_more=0 rma_write_more_burst=64
zcofi-rma-connection-warmup: role=server lane=18 provider=efa direction=client-send-server-recv bytes=16 status=received
zcofi-rma-target-lane: worker=18 lane=18 provider=efa endpoint=rdm bind=172.31.47.13 service=49038 control_port=50038 arena_bytes=671088640 remote_addr=0x0000fb2203fed010 remote_key=0x0000000000100090 max_msg_size=8928 max_rma_size=1073741824 inject_size=32
zcofi-rma-setup-admission: role=server lane=18 order=lane-ascending parallelism=1 phase=endpoint-control-warmup-mr status=complete
zcofi-rma-setup-admission: role=server lane=19 order=lane-ascending parallelism=1 phase=endpoint-control-warmup-mr status=admitted
zcofi-endpoint-profile: provider=efa fabric=efa-direct domain=efa_1-rdm device=efa_1 endpoint_type=3 api_requested=2.0 api_query=2.0 api_returned=2.0 caps=6755399441071878 mode=4503599627370496 mr_mode=116 mr_local=1 mr_virt_addr=1 control_progress=1 data_progress=1 max_msg_size=8928 max_msg_size_query_rc=0 max_rma_size=1073741824 max_rma_size_query_rc=0 inject_size=32 rma_iov_limit=1 efa=1 efa_direct=1 efa_emulated_read=0 efa_emulated_read_query_rc=0 efa_emulated_write=0 efa_emulated_write_query_rc=0 efa_write_high_pps_available=0 efa_write_high_pps_requested=0 efa_write_high_pps_effective=0 efa_write_high_pps_verified=0 provider_tx_queue_requested=576 provider_tx_queue_size=576 provider_rx_queue_requested=64 provider_rx_queue_size=64 tx_cq_size=640 tx_cq_required=640 rx_cq_size=128 rx_cq_required=128 tx_cq_batch=64 rx_cq_batch=64 cq_headroom=64 cq_sleep_ns=0 strict_topology=1 selective_completion=0 rma_write_delivery_complete=1 rma_write_more=0 rma_write_more_burst=64
zcofi-control-server: listen=172.31.47.13:50039 peer=172.31.36.232:42432 local_addr_bytes=32 remote_addr_bytes=32 peer_profile_validated=yes wire_contract=zcofi-rma-window-v4;lanes=48;bytes_per_lane=671088640;extent=4096;cm_warmup=client-send-server-recv;done=operation-plus-payload-digest
zcofi-control-server-peer-profile: provider=efa fabric=efa-direct domain=efa_1-rdm device=efa_1 endpoint_type=3 api_requested=2.0 api_query=2.0 api_returned=2.0 caps=6755399441071878 mode=4503599627370496 mr_mode=116 mr_local=1 mr_virt_addr=1 control_progress=1 data_progress=1 max_msg_size=8928 max_msg_size_query_rc=0 max_rma_size=1073741824 max_rma_size_query_rc=0 inject_size=32 rma_iov_limit=1 efa=1 efa_direct=1 efa_emulated_read=0 efa_emulated_read_query_rc=0 efa_emulated_write=0 efa_emulated_write_query_rc=0 efa_write_high_pps_available=0 efa_write_high_pps_requested=0 efa_write_high_pps_effective=0 efa_write_high_pps_verified=0 provider_tx_queue_requested=576 provider_tx_queue_size=576 provider_rx_queue_requested=64 provider_rx_queue_size=64 tx_cq_size=640 tx_cq_required=640 rx_cq_size=128 rx_cq_required=128 tx_cq_batch=64 rx_cq_batch=64 cq_headroom=64 cq_sleep_ns=0 strict_topology=1 selective_completion=0 rma_write_delivery_complete=1 rma_write_more=0 rma_write_more_burst=64
zcofi-rma-connection-warmup: role=server lane=19 provider=efa direction=client-send-server-recv bytes=16 status=received
zcofi-rma-target-lane: worker=19 lane=19 provider=efa endpoint=rdm bind=172.31.47.13 service=49039 control_port=50039 arena_bytes=671088640 remote_addr=0x0000fb21dbfec010 remote_key=0x0000000000100093 max_msg_size=8928 max_rma_size=1073741824 inject_size=32
zcofi-rma-setup-admission: role=server lane=19 order=lane-ascending parallelism=1 phase=endpoint-control-warmup-mr status=complete
zcofi-rma-setup-admission: role=server lane=20 order=lane-ascending parallelism=1 phase=endpoint-control-warmup-mr status=admitted
zcofi-endpoint-profile: provider=efa fabric=efa-direct domain=efa_1-rdm device=efa_1 endpoint_type=3 api_requested=2.0 api_query=2.0 api_returned=2.0 caps=6755399441071878 mode=4503599627370496 mr_mode=116 mr_local=1 mr_virt_addr=1 control_progress=1 data_progress=1 max_msg_size=8928 max_msg_size_query_rc=0 max_rma_size=1073741824 max_rma_size_query_rc=0 inject_size=32 rma_iov_limit=1 efa=1 efa_direct=1 efa_emulated_read=0 efa_emulated_read_query_rc=0 efa_emulated_write=0 efa_emulated_write_query_rc=0 efa_write_high_pps_available=0 efa_write_high_pps_requested=0 efa_write_high_pps_effective=0 efa_write_high_pps_verified=0 provider_tx_queue_requested=576 provider_tx_queue_size=576 provider_rx_queue_requested=64 provider_rx_queue_size=64 tx_cq_size=640 tx_cq_required=640 rx_cq_size=128 rx_cq_required=128 tx_cq_batch=64 rx_cq_batch=64 cq_headroom=64 cq_sleep_ns=0 strict_topology=1 selective_completion=0 rma_write_delivery_complete=1 rma_write_more=0 rma_write_more_burst=64
zcofi-control-server: listen=172.31.47.13:50040 peer=172.31.36.232:53484 local_addr_bytes=32 remote_addr_bytes=32 peer_profile_validated=yes wire_contract=zcofi-rma-window-v4;lanes=48;bytes_per_lane=671088640;extent=4096;cm_warmup=client-send-server-recv;done=operation-plus-payload-digest
zcofi-control-server-peer-profile: provider=efa fabric=efa-direct domain=efa_1-rdm device=efa_1 endpoint_type=3 api_requested=2.0 api_query=2.0 api_returned=2.0 caps=6755399441071878 mode=4503599627370496 mr_mode=116 mr_local=1 mr_virt_addr=1 control_progress=1 data_progress=1 max_msg_size=8928 max_msg_size_query_rc=0 max_rma_size=1073741824 max_rma_size_query_rc=0 inject_size=32 rma_iov_limit=1 efa=1 efa_direct=1 efa_emulated_read=0 efa_emulated_read_query_rc=0 efa_emulated_write=0 efa_emulated_write_query_rc=0 efa_write_high_pps_available=0 efa_write_high_pps_requested=0 efa_write_high_pps_effective=0 efa_write_high_pps_verified=0 provider_tx_queue_requested=576 provider_tx_queue_size=576 provider_rx_queue_requested=64 provider_rx_queue_size=64 tx_cq_size=640 tx_cq_required=640 rx_cq_size=128 rx_cq_required=128 tx_cq_batch=64 rx_cq_batch=64 cq_headroom=64 cq_sleep_ns=0 strict_topology=1 selective_completion=0 rma_write_delivery_complete=1 rma_write_more=0 rma_write_more_burst=64
zcofi-rma-connection-warmup: role=server lane=20 provider=efa direction=client-send-server-recv bytes=16 status=received
zcofi-rma-target-lane: worker=20 lane=20 provider=efa endpoint=rdm bind=172.31.47.13 service=49040 control_port=50040 arena_bytes=671088640 remote_addr=0x0000fb21b3feb010 remote_key=0x000000000040003e max_msg_size=8928 max_rma_size=1073741824 inject_size=32
zcofi-rma-setup-admission: role=server lane=20 order=lane-ascending parallelism=1 phase=endpoint-control-warmup-mr status=complete
zcofi-rma-setup-admission: role=server lane=21 order=lane-ascending parallelism=1 phase=endpoint-control-warmup-mr status=admitted
zcofi-endpoint-profile: provider=efa fabric=efa-direct domain=efa_1-rdm device=efa_1 endpoint_type=3 api_requested=2.0 api_query=2.0 api_returned=2.0 caps=6755399441071878 mode=4503599627370496 mr_mode=116 mr_local=1 mr_virt_addr=1 control_progress=1 data_progress=1 max_msg_size=8928 max_msg_size_query_rc=0 max_rma_size=1073741824 max_rma_size_query_rc=0 inject_size=32 rma_iov_limit=1 efa=1 efa_direct=1 efa_emulated_read=0 efa_emulated_read_query_rc=0 efa_emulated_write=0 efa_emulated_write_query_rc=0 efa_write_high_pps_available=0 efa_write_high_pps_requested=0 efa_write_high_pps_effective=0 efa_write_high_pps_verified=0 provider_tx_queue_requested=576 provider_tx_queue_size=576 provider_rx_queue_requested=64 provider_rx_queue_size=64 tx_cq_size=640 tx_cq_required=640 rx_cq_size=128 rx_cq_required=128 tx_cq_batch=64 rx_cq_batch=64 cq_headroom=64 cq_sleep_ns=0 strict_topology=1 selective_completion=0 rma_write_delivery_complete=1 rma_write_more=0 rma_write_more_burst=64
zcofi-control-server: listen=172.31.47.13:50041 peer=172.31.36.232:44508 local_addr_bytes=32 remote_addr_bytes=32 peer_profile_validated=yes wire_contract=zcofi-rma-window-v4;lanes=48;bytes_per_lane=671088640;extent=4096;cm_warmup=client-send-server-recv;done=operation-plus-payload-digest
zcofi-control-server-peer-profile: provider=efa fabric=efa-direct domain=efa_1-rdm device=efa_1 endpoint_type=3 api_requested=2.0 api_query=2.0 api_returned=2.0 caps=6755399441071878 mode=4503599627370496 mr_mode=116 mr_local=1 mr_virt_addr=1 control_progress=1 data_progress=1 max_msg_size=8928 max_msg_size_query_rc=0 max_rma_size=1073741824 max_rma_size_query_rc=0 inject_size=32 rma_iov_limit=1 efa=1 efa_direct=1 efa_emulated_read=0 efa_emulated_read_query_rc=0 efa_emulated_write=0 efa_emulated_write_query_rc=0 efa_write_high_pps_available=0 efa_write_high_pps_requested=0 efa_write_high_pps_effective=0 efa_write_high_pps_verified=0 provider_tx_queue_requested=576 provider_tx_queue_size=576 provider_rx_queue_requested=64 provider_rx_queue_size=64 tx_cq_size=640 tx_cq_required=640 rx_cq_size=128 rx_cq_required=128 tx_cq_batch=64 rx_cq_batch=64 cq_headroom=64 cq_sleep_ns=0 strict_topology=1 selective_completion=0 rma_write_delivery_complete=1 rma_write_more=0 rma_write_more_burst=64
zcofi-rma-connection-warmup: role=server lane=21 provider=efa direction=client-send-server-recv bytes=16 status=received
zcofi-rma-target-lane: worker=21 lane=21 provider=efa endpoint=rdm bind=172.31.47.13 service=49041 control_port=50041 arena_bytes=671088640 remote_addr=0x0000fb218bfea010 remote_key=0x0000000000200066 max_msg_size=8928 max_rma_size=1073741824 inject_size=32
zcofi-rma-setup-admission: role=server lane=21 order=lane-ascending parallelism=1 phase=endpoint-control-warmup-mr status=complete
zcofi-rma-setup-admission: role=server lane=22 order=lane-ascending parallelism=1 phase=endpoint-control-warmup-mr status=admitted
zcofi-endpoint-profile: provider=efa fabric=efa-direct domain=efa_1-rdm device=efa_1 endpoint_type=3 api_requested=2.0 api_query=2.0 api_returned=2.0 caps=6755399441071878 mode=4503599627370496 mr_mode=116 mr_local=1 mr_virt_addr=1 control_progress=1 data_progress=1 max_msg_size=8928 max_msg_size_query_rc=0 max_rma_size=1073741824 max_rma_size_query_rc=0 inject_size=32 rma_iov_limit=1 efa=1 efa_direct=1 efa_emulated_read=0 efa_emulated_read_query_rc=0 efa_emulated_write=0 efa_emulated_write_query_rc=0 efa_write_high_pps_available=0 efa_write_high_pps_requested=0 efa_write_high_pps_effective=0 efa_write_high_pps_verified=0 provider_tx_queue_requested=576 provider_tx_queue_size=576 provider_rx_queue_requested=64 provider_rx_queue_size=64 tx_cq_size=640 tx_cq_required=640 rx_cq_size=128 rx_cq_required=128 tx_cq_batch=64 rx_cq_batch=64 cq_headroom=64 cq_sleep_ns=0 strict_topology=1 selective_completion=0 rma_write_delivery_complete=1 rma_write_more=0 rma_write_more_burst=64
zcofi-control-server: listen=172.31.47.13:50042 peer=172.31.36.232:59280 local_addr_bytes=32 remote_addr_bytes=32 peer_profile_validated=yes wire_contract=zcofi-rma-window-v4;lanes=48;bytes_per_lane=671088640;extent=4096;cm_warmup=client-send-server-recv;done=operation-plus-payload-digest
zcofi-control-server-peer-profile: provider=efa fabric=efa-direct domain=efa_1-rdm device=efa_1 endpoint_type=3 api_requested=2.0 api_query=2.0 api_returned=2.0 caps=6755399441071878 mode=4503599627370496 mr_mode=116 mr_local=1 mr_virt_addr=1 control_progress=1 data_progress=1 max_msg_size=8928 max_msg_size_query_rc=0 max_rma_size=1073741824 max_rma_size_query_rc=0 inject_size=32 rma_iov_limit=1 efa=1 efa_direct=1 efa_emulated_read=0 efa_emulated_read_query_rc=0 efa_emulated_write=0 efa_emulated_write_query_rc=0 efa_write_high_pps_available=0 efa_write_high_pps_requested=0 efa_write_high_pps_effective=0 efa_write_high_pps_verified=0 provider_tx_queue_requested=576 provider_tx_queue_size=576 provider_rx_queue_requested=64 provider_rx_queue_size=64 tx_cq_size=640 tx_cq_required=640 rx_cq_size=128 rx_cq_required=128 tx_cq_batch=64 rx_cq_batch=64 cq_headroom=64 cq_sleep_ns=0 strict_topology=1 selective_completion=0 rma_write_delivery_complete=1 rma_write_more=0 rma_write_more_burst=64
zcofi-rma-connection-warmup: role=server lane=22 provider=efa direction=client-send-server-recv bytes=16 status=received
zcofi-rma-target-lane: worker=22 lane=22 provider=efa endpoint=rdm bind=172.31.47.13 service=49042 control_port=50042 arena_bytes=671088640 remote_addr=0x0000fb2163fe9010 remote_key=0x00000000001000db max_msg_size=8928 max_rma_size=1073741824 inject_size=32
zcofi-rma-setup-admission: role=server lane=22 order=lane-ascending parallelism=1 phase=endpoint-control-warmup-mr status=complete
zcofi-rma-setup-admission: role=server lane=23 order=lane-ascending parallelism=1 phase=endpoint-control-warmup-mr status=admitted
zcofi-endpoint-profile: provider=efa fabric=efa-direct domain=efa_1-rdm device=efa_1 endpoint_type=3 api_requested=2.0 api_query=2.0 api_returned=2.0 caps=6755399441071878 mode=4503599627370496 mr_mode=116 mr_local=1 mr_virt_addr=1 control_progress=1 data_progress=1 max_msg_size=8928 max_msg_size_query_rc=0 max_rma_size=1073741824 max_rma_size_query_rc=0 inject_size=32 rma_iov_limit=1 efa=1 efa_direct=1 efa_emulated_read=0 efa_emulated_read_query_rc=0 efa_emulated_write=0 efa_emulated_write_query_rc=0 efa_write_high_pps_available=0 efa_write_high_pps_requested=0 efa_write_high_pps_effective=0 efa_write_high_pps_verified=0 provider_tx_queue_requested=576 provider_tx_queue_size=576 provider_rx_queue_requested=64 provider_rx_queue_size=64 tx_cq_size=640 tx_cq_required=640 rx_cq_size=128 rx_cq_required=128 tx_cq_batch=64 rx_cq_batch=64 cq_headroom=64 cq_sleep_ns=0 strict_topology=1 selective_completion=0 rma_write_delivery_complete=1 rma_write_more=0 rma_write_more_burst=64
zcofi-control-server: listen=172.31.47.13:50043 peer=172.31.36.232:42740 local_addr_bytes=32 remote_addr_bytes=32 peer_profile_validated=yes wire_contract=zcofi-rma-window-v4;lanes=48;bytes_per_lane=671088640;extent=4096;cm_warmup=client-send-server-recv;done=operation-plus-payload-digest
zcofi-control-server-peer-profile: provider=efa fabric=efa-direct domain=efa_1-rdm device=efa_1 endpoint_type=3 api_requested=2.0 api_query=2.0 api_returned=2.0 caps=6755399441071878 mode=4503599627370496 mr_mode=116 mr_local=1 mr_virt_addr=1 control_progress=1 data_progress=1 max_msg_size=8928 max_msg_size_query_rc=0 max_rma_size=1073741824 max_rma_size_query_rc=0 inject_size=32 rma_iov_limit=1 efa=1 efa_direct=1 efa_emulated_read=0 efa_emulated_read_query_rc=0 efa_emulated_write=0 efa_emulated_write_query_rc=0 efa_write_high_pps_available=0 efa_write_high_pps_requested=0 efa_write_high_pps_effective=0 efa_write_high_pps_verified=0 provider_tx_queue_requested=576 provider_tx_queue_size=576 provider_rx_queue_requested=64 provider_rx_queue_size=64 tx_cq_size=640 tx_cq_required=640 rx_cq_size=128 rx_cq_required=128 tx_cq_batch=64 rx_cq_batch=64 cq_headroom=64 cq_sleep_ns=0 strict_topology=1 selective_completion=0 rma_write_delivery_complete=1 rma_write_more=0 rma_write_more_burst=64
zcofi-rma-connection-warmup: role=server lane=23 provider=efa direction=client-send-server-recv bytes=16 status=received
zcofi-rma-target-lane: worker=23 lane=23 provider=efa endpoint=rdm bind=172.31.47.13 service=49043 control_port=50043 arena_bytes=671088640 remote_addr=0x0000fb213bfe8010 remote_key=0x00000000001000ef max_msg_size=8928 max_rma_size=1073741824 inject_size=32
zcofi-rma-setup-admission: role=server lane=23 order=lane-ascending parallelism=1 phase=endpoint-control-warmup-mr status=complete
zcofi-rma-setup-admission: role=server lane=24 order=lane-ascending parallelism=1 phase=endpoint-control-warmup-mr status=admitted
zcofi-endpoint-profile: provider=efa fabric=efa-direct domain=efa_1-rdm device=efa_1 endpoint_type=3 api_requested=2.0 api_query=2.0 api_returned=2.0 caps=6755399441071878 mode=4503599627370496 mr_mode=116 mr_local=1 mr_virt_addr=1 control_progress=1 data_progress=1 max_msg_size=8928 max_msg_size_query_rc=0 max_rma_size=1073741824 max_rma_size_query_rc=0 inject_size=32 rma_iov_limit=1 efa=1 efa_direct=1 efa_emulated_read=0 efa_emulated_read_query_rc=0 efa_emulated_write=0 efa_emulated_write_query_rc=0 efa_write_high_pps_available=0 efa_write_high_pps_requested=0 efa_write_high_pps_effective=0 efa_write_high_pps_verified=0 provider_tx_queue_requested=576 provider_tx_queue_size=576 provider_rx_queue_requested=64 provider_rx_queue_size=64 tx_cq_size=640 tx_cq_required=640 rx_cq_size=128 rx_cq_required=128 tx_cq_batch=64 rx_cq_batch=64 cq_headroom=64 cq_sleep_ns=0 strict_topology=1 selective_completion=0 rma_write_delivery_complete=1 rma_write_more=0 rma_write_more_burst=64
zcofi-control-server: listen=172.31.47.13:50044 peer=172.31.36.232:41494 local_addr_bytes=32 remote_addr_bytes=32 peer_profile_validated=yes wire_contract=zcofi-rma-window-v4;lanes=48;bytes_per_lane=671088640;extent=4096;cm_warmup=client-send-server-recv;done=operation-plus-payload-digest
zcofi-control-server-peer-profile: provider=efa fabric=efa-direct domain=efa_1-rdm device=efa_1 endpoint_type=3 api_requested=2.0 api_query=2.0 api_returned=2.0 caps=6755399441071878 mode=4503599627370496 mr_mode=116 mr_local=1 mr_virt_addr=1 control_progress=1 data_progress=1 max_msg_size=8928 max_msg_size_query_rc=0 max_rma_size=1073741824 max_rma_size_query_rc=0 inject_size=32 rma_iov_limit=1 efa=1 efa_direct=1 efa_emulated_read=0 efa_emulated_read_query_rc=0 efa_emulated_write=0 efa_emulated_write_query_rc=0 efa_write_high_pps_available=0 efa_write_high_pps_requested=0 efa_write_high_pps_effective=0 efa_write_high_pps_verified=0 provider_tx_queue_requested=576 provider_tx_queue_size=576 provider_rx_queue_requested=64 provider_rx_queue_size=64 tx_cq_size=640 tx_cq_required=640 rx_cq_size=128 rx_cq_required=128 tx_cq_batch=64 rx_cq_batch=64 cq_headroom=64 cq_sleep_ns=0 strict_topology=1 selective_completion=0 rma_write_delivery_complete=1 rma_write_more=0 rma_write_more_burst=64
zcofi-rma-connection-warmup: role=server lane=24 provider=efa direction=client-send-server-recv bytes=16 status=received
zcofi-rma-target-lane: worker=24 lane=24 provider=efa endpoint=rdm bind=172.31.47.13 service=49044 control_port=50044 arena_bytes=671088640 remote_addr=0x0000fb2113fe7010 remote_key=0x0000000000400021 max_msg_size=8928 max_rma_size=1073741824 inject_size=32
zcofi-rma-setup-admission: role=server lane=24 order=lane-ascending parallelism=1 phase=endpoint-control-warmup-mr status=complete
zcofi-rma-setup-admission: role=server lane=25 order=lane-ascending parallelism=1 phase=endpoint-control-warmup-mr status=admitted
zcofi-endpoint-profile: provider=efa fabric=efa-direct domain=efa_1-rdm device=efa_1 endpoint_type=3 api_requested=2.0 api_query=2.0 api_returned=2.0 caps=6755399441071878 mode=4503599627370496 mr_mode=116 mr_local=1 mr_virt_addr=1 control_progress=1 data_progress=1 max_msg_size=8928 max_msg_size_query_rc=0 max_rma_size=1073741824 max_rma_size_query_rc=0 inject_size=32 rma_iov_limit=1 efa=1 efa_direct=1 efa_emulated_read=0 efa_emulated_read_query_rc=0 efa_emulated_write=0 efa_emulated_write_query_rc=0 efa_write_high_pps_available=0 efa_write_high_pps_requested=0 efa_write_high_pps_effective=0 efa_write_high_pps_verified=0 provider_tx_queue_requested=576 provider_tx_queue_size=576 provider_rx_queue_requested=64 provider_rx_queue_size=64 tx_cq_size=640 tx_cq_required=640 rx_cq_size=128 rx_cq_required=128 tx_cq_batch=64 rx_cq_batch=64 cq_headroom=64 cq_sleep_ns=0 strict_topology=1 selective_completion=0 rma_write_delivery_complete=1 rma_write_more=0 rma_write_more_burst=64
zcofi-control-server: listen=172.31.47.13:50045 peer=172.31.36.232:41404 local_addr_bytes=32 remote_addr_bytes=32 peer_profile_validated=yes wire_contract=zcofi-rma-window-v4;lanes=48;bytes_per_lane=671088640;extent=4096;cm_warmup=client-send-server-recv;done=operation-plus-payload-digest
zcofi-control-server-peer-profile: provider=efa fabric=efa-direct domain=efa_1-rdm device=efa_1 endpoint_type=3 api_requested=2.0 api_query=2.0 api_returned=2.0 caps=6755399441071878 mode=4503599627370496 mr_mode=116 mr_local=1 mr_virt_addr=1 control_progress=1 data_progress=1 max_msg_size=8928 max_msg_size_query_rc=0 max_rma_size=1073741824 max_rma_size_query_rc=0 inject_size=32 rma_iov_limit=1 efa=1 efa_direct=1 efa_emulated_read=0 efa_emulated_read_query_rc=0 efa_emulated_write=0 efa_emulated_write_query_rc=0 efa_write_high_pps_available=0 efa_write_high_pps_requested=0 efa_write_high_pps_effective=0 efa_write_high_pps_verified=0 provider_tx_queue_requested=576 provider_tx_queue_size=576 provider_rx_queue_requested=64 provider_rx_queue_size=64 tx_cq_size=640 tx_cq_required=640 rx_cq_size=128 rx_cq_required=128 tx_cq_batch=64 rx_cq_batch=64 cq_headroom=64 cq_sleep_ns=0 strict_topology=1 selective_completion=0 rma_write_delivery_complete=1 rma_write_more=0 rma_write_more_burst=64
zcofi-rma-connection-warmup: role=server lane=25 provider=efa direction=client-send-server-recv bytes=16 status=received
zcofi-rma-target-lane: worker=25 lane=25 provider=efa endpoint=rdm bind=172.31.47.13 service=49045 control_port=50045 arena_bytes=671088640 remote_addr=0x0000fb20ebfe6010 remote_key=0x000000000020007e max_msg_size=8928 max_rma_size=1073741824 inject_size=32
zcofi-rma-setup-admission: role=server lane=25 order=lane-ascending parallelism=1 phase=endpoint-control-warmup-mr status=complete
zcofi-rma-setup-admission: role=server lane=26 order=lane-ascending parallelism=1 phase=endpoint-control-warmup-mr status=admitted
zcofi-endpoint-profile: provider=efa fabric=efa-direct domain=efa_1-rdm device=efa_1 endpoint_type=3 api_requested=2.0 api_query=2.0 api_returned=2.0 caps=6755399441071878 mode=4503599627370496 mr_mode=116 mr_local=1 mr_virt_addr=1 control_progress=1 data_progress=1 max_msg_size=8928 max_msg_size_query_rc=0 max_rma_size=1073741824 max_rma_size_query_rc=0 inject_size=32 rma_iov_limit=1 efa=1 efa_direct=1 efa_emulated_read=0 efa_emulated_read_query_rc=0 efa_emulated_write=0 efa_emulated_write_query_rc=0 efa_write_high_pps_available=0 efa_write_high_pps_requested=0 efa_write_high_pps_effective=0 efa_write_high_pps_verified=0 provider_tx_queue_requested=576 provider_tx_queue_size=576 provider_rx_queue_requested=64 provider_rx_queue_size=64 tx_cq_size=640 tx_cq_required=640 rx_cq_size=128 rx_cq_required=128 tx_cq_batch=64 rx_cq_batch=64 cq_headroom=64 cq_sleep_ns=0 strict_topology=1 selective_completion=0 rma_write_delivery_complete=1 rma_write_more=0 rma_write_more_burst=64
zcofi-control-server: listen=172.31.47.13:50046 peer=172.31.36.232:60288 local_addr_bytes=32 remote_addr_bytes=32 peer_profile_validated=yes wire_contract=zcofi-rma-window-v4;lanes=48;bytes_per_lane=671088640;extent=4096;cm_warmup=client-send-server-recv;done=operation-plus-payload-digest
zcofi-control-server-peer-profile: provider=efa fabric=efa-direct domain=efa_1-rdm device=efa_1 endpoint_type=3 api_requested=2.0 api_query=2.0 api_returned=2.0 caps=6755399441071878 mode=4503599627370496 mr_mode=116 mr_local=1 mr_virt_addr=1 control_progress=1 data_progress=1 max_msg_size=8928 max_msg_size_query_rc=0 max_rma_size=1073741824 max_rma_size_query_rc=0 inject_size=32 rma_iov_limit=1 efa=1 efa_direct=1 efa_emulated_read=0 efa_emulated_read_query_rc=0 efa_emulated_write=0 efa_emulated_write_query_rc=0 efa_write_high_pps_available=0 efa_write_high_pps_requested=0 efa_write_high_pps_effective=0 efa_write_high_pps_verified=0 provider_tx_queue_requested=576 provider_tx_queue_size=576 provider_rx_queue_requested=64 provider_rx_queue_size=64 tx_cq_size=640 tx_cq_required=640 rx_cq_size=128 rx_cq_required=128 tx_cq_batch=64 rx_cq_batch=64 cq_headroom=64 cq_sleep_ns=0 strict_topology=1 selective_completion=0 rma_write_delivery_complete=1 rma_write_more=0 rma_write_more_burst=64
zcofi-rma-connection-warmup: role=server lane=26 provider=efa direction=client-send-server-recv bytes=16 status=received
zcofi-rma-target-lane: worker=26 lane=26 provider=efa endpoint=rdm bind=172.31.47.13 service=49046 control_port=50046 arena_bytes=671088640 remote_addr=0x0000fb20c3fe5010 remote_key=0x000000000040000b max_msg_size=8928 max_rma_size=1073741824 inject_size=32
zcofi-rma-setup-admission: role=server lane=26 order=lane-ascending parallelism=1 phase=endpoint-control-warmup-mr status=complete
zcofi-rma-setup-admission: role=server lane=27 order=lane-ascending parallelism=1 phase=endpoint-control-warmup-mr status=admitted
zcofi-endpoint-profile: provider=efa fabric=efa-direct domain=efa_1-rdm device=efa_1 endpoint_type=3 api_requested=2.0 api_query=2.0 api_returned=2.0 caps=6755399441071878 mode=4503599627370496 mr_mode=116 mr_local=1 mr_virt_addr=1 control_progress=1 data_progress=1 max_msg_size=8928 max_msg_size_query_rc=0 max_rma_size=1073741824 max_rma_size_query_rc=0 inject_size=32 rma_iov_limit=1 efa=1 efa_direct=1 efa_emulated_read=0 efa_emulated_read_query_rc=0 efa_emulated_write=0 efa_emulated_write_query_rc=0 efa_write_high_pps_available=0 efa_write_high_pps_requested=0 efa_write_high_pps_effective=0 efa_write_high_pps_verified=0 provider_tx_queue_requested=576 provider_tx_queue_size=576 provider_rx_queue_requested=64 provider_rx_queue_size=64 tx_cq_size=640 tx_cq_required=640 rx_cq_size=128 rx_cq_required=128 tx_cq_batch=64 rx_cq_batch=64 cq_headroom=64 cq_sleep_ns=0 strict_topology=1 selective_completion=0 rma_write_delivery_complete=1 rma_write_more=0 rma_write_more_burst=64
zcofi-control-server: listen=172.31.47.13:50047 peer=172.31.36.232:47818 local_addr_bytes=32 remote_addr_bytes=32 peer_profile_validated=yes wire_contract=zcofi-rma-window-v4;lanes=48;bytes_per_lane=671088640;extent=4096;cm_warmup=client-send-server-recv;done=operation-plus-payload-digest
zcofi-control-server-peer-profile: provider=efa fabric=efa-direct domain=efa_1-rdm device=efa_1 endpoint_type=3 api_requested=2.0 api_query=2.0 api_returned=2.0 caps=6755399441071878 mode=4503599627370496 mr_mode=116 mr_local=1 mr_virt_addr=1 control_progress=1 data_progress=1 max_msg_size=8928 max_msg_size_query_rc=0 max_rma_size=1073741824 max_rma_size_query_rc=0 inject_size=32 rma_iov_limit=1 efa=1 efa_direct=1 efa_emulated_read=0 efa_emulated_read_query_rc=0 efa_emulated_write=0 efa_emulated_write_query_rc=0 efa_write_high_pps_available=0 efa_write_high_pps_requested=0 efa_write_high_pps_effective=0 efa_write_high_pps_verified=0 provider_tx_queue_requested=576 provider_tx_queue_size=576 provider_rx_queue_requested=64 provider_rx_queue_size=64 tx_cq_size=640 tx_cq_required=640 rx_cq_size=128 rx_cq_required=128 tx_cq_batch=64 rx_cq_batch=64 cq_headroom=64 cq_sleep_ns=0 strict_topology=1 selective_completion=0 rma_write_delivery_complete=1 rma_write_more=0 rma_write_more_burst=64
zcofi-rma-connection-warmup: role=server lane=27 provider=efa direction=client-send-server-recv bytes=16 status=received
zcofi-rma-target-lane: worker=27 lane=27 provider=efa endpoint=rdm bind=172.31.47.13 service=49047 control_port=50047 arena_bytes=671088640 remote_addr=0x0000fb209bfe4010 remote_key=0x0000000000400013 max_msg_size=8928 max_rma_size=1073741824 inject_size=32
zcofi-rma-setup-admission: role=server lane=27 order=lane-ascending parallelism=1 phase=endpoint-control-warmup-mr status=complete
zcofi-rma-setup-admission: role=server lane=28 order=lane-ascending parallelism=1 phase=endpoint-control-warmup-mr status=admitted
zcofi-endpoint-profile: provider=efa fabric=efa-direct domain=efa_1-rdm device=efa_1 endpoint_type=3 api_requested=2.0 api_query=2.0 api_returned=2.0 caps=6755399441071878 mode=4503599627370496 mr_mode=116 mr_local=1 mr_virt_addr=1 control_progress=1 data_progress=1 max_msg_size=8928 max_msg_size_query_rc=0 max_rma_size=1073741824 max_rma_size_query_rc=0 inject_size=32 rma_iov_limit=1 efa=1 efa_direct=1 efa_emulated_read=0 efa_emulated_read_query_rc=0 efa_emulated_write=0 efa_emulated_write_query_rc=0 efa_write_high_pps_available=0 efa_write_high_pps_requested=0 efa_write_high_pps_effective=0 efa_write_high_pps_verified=0 provider_tx_queue_requested=576 provider_tx_queue_size=576 provider_rx_queue_requested=64 provider_rx_queue_size=64 tx_cq_size=640 tx_cq_required=640 rx_cq_size=128 rx_cq_required=128 tx_cq_batch=64 rx_cq_batch=64 cq_headroom=64 cq_sleep_ns=0 strict_topology=1 selective_completion=0 rma_write_delivery_complete=1 rma_write_more=0 rma_write_more_burst=64
zcofi-control-server: listen=172.31.47.13:50048 peer=172.31.36.232:51274 local_addr_bytes=32 remote_addr_bytes=32 peer_profile_validated=yes wire_contract=zcofi-rma-window-v4;lanes=48;bytes_per_lane=671088640;extent=4096;cm_warmup=client-send-server-recv;done=operation-plus-payload-digest
zcofi-control-server-peer-profile: provider=efa fabric=efa-direct domain=efa_1-rdm device=efa_1 endpoint_type=3 api_requested=2.0 api_query=2.0 api_returned=2.0 caps=6755399441071878 mode=4503599627370496 mr_mode=116 mr_local=1 mr_virt_addr=1 control_progress=1 data_progress=1 max_msg_size=8928 max_msg_size_query_rc=0 max_rma_size=1073741824 max_rma_size_query_rc=0 inject_size=32 rma_iov_limit=1 efa=1 efa_direct=1 efa_emulated_read=0 efa_emulated_read_query_rc=0 efa_emulated_write=0 efa_emulated_write_query_rc=0 efa_write_high_pps_available=0 efa_write_high_pps_requested=0 efa_write_high_pps_effective=0 efa_write_high_pps_verified=0 provider_tx_queue_requested=576 provider_tx_queue_size=576 provider_rx_queue_requested=64 provider_rx_queue_size=64 tx_cq_size=640 tx_cq_required=640 rx_cq_size=128 rx_cq_required=128 tx_cq_batch=64 rx_cq_batch=64 cq_headroom=64 cq_sleep_ns=0 strict_topology=1 selective_completion=0 rma_write_delivery_complete=1 rma_write_more=0 rma_write_more_burst=64
zcofi-rma-connection-warmup: role=server lane=28 provider=efa direction=client-send-server-recv bytes=16 status=received
zcofi-rma-target-lane: worker=28 lane=28 provider=efa endpoint=rdm bind=172.31.47.13 service=49048 control_port=50048 arena_bytes=671088640 remote_addr=0x0000fb2073fe3010 remote_key=0x0000000000200048 max_msg_size=8928 max_rma_size=1073741824 inject_size=32
zcofi-rma-setup-admission: role=server lane=28 order=lane-ascending parallelism=1 phase=endpoint-control-warmup-mr status=complete
zcofi-rma-setup-admission: role=server lane=29 order=lane-ascending parallelism=1 phase=endpoint-control-warmup-mr status=admitted
zcofi-endpoint-profile: provider=efa fabric=efa-direct domain=efa_1-rdm device=efa_1 endpoint_type=3 api_requested=2.0 api_query=2.0 api_returned=2.0 caps=6755399441071878 mode=4503599627370496 mr_mode=116 mr_local=1 mr_virt_addr=1 control_progress=1 data_progress=1 max_msg_size=8928 max_msg_size_query_rc=0 max_rma_size=1073741824 max_rma_size_query_rc=0 inject_size=32 rma_iov_limit=1 efa=1 efa_direct=1 efa_emulated_read=0 efa_emulated_read_query_rc=0 efa_emulated_write=0 efa_emulated_write_query_rc=0 efa_write_high_pps_available=0 efa_write_high_pps_requested=0 efa_write_high_pps_effective=0 efa_write_high_pps_verified=0 provider_tx_queue_requested=576 provider_tx_queue_size=576 provider_rx_queue_requested=64 provider_rx_queue_size=64 tx_cq_size=640 tx_cq_required=640 rx_cq_size=128 rx_cq_required=128 tx_cq_batch=64 rx_cq_batch=64 cq_headroom=64 cq_sleep_ns=0 strict_topology=1 selective_completion=0 rma_write_delivery_complete=1 rma_write_more=0 rma_write_more_burst=64
zcofi-control-server: listen=172.31.47.13:50049 peer=172.31.36.232:55516 local_addr_bytes=32 remote_addr_bytes=32 peer_profile_validated=yes wire_contract=zcofi-rma-window-v4;lanes=48;bytes_per_lane=671088640;extent=4096;cm_warmup=client-send-server-recv;done=operation-plus-payload-digest
zcofi-control-server-peer-profile: provider=efa fabric=efa-direct domain=efa_1-rdm device=efa_1 endpoint_type=3 api_requested=2.0 api_query=2.0 api_returned=2.0 caps=6755399441071878 mode=4503599627370496 mr_mode=116 mr_local=1 mr_virt_addr=1 control_progress=1 data_progress=1 max_msg_size=8928 max_msg_size_query_rc=0 max_rma_size=1073741824 max_rma_size_query_rc=0 inject_size=32 rma_iov_limit=1 efa=1 efa_direct=1 efa_emulated_read=0 efa_emulated_read_query_rc=0 efa_emulated_write=0 efa_emulated_write_query_rc=0 efa_write_high_pps_available=0 efa_write_high_pps_requested=0 efa_write_high_pps_effective=0 efa_write_high_pps_verified=0 provider_tx_queue_requested=576 provider_tx_queue_size=576 provider_rx_queue_requested=64 provider_rx_queue_size=64 tx_cq_size=640 tx_cq_required=640 rx_cq_size=128 rx_cq_required=128 tx_cq_batch=64 rx_cq_batch=64 cq_headroom=64 cq_sleep_ns=0 strict_topology=1 selective_completion=0 rma_write_delivery_complete=1 rma_write_more=0 rma_write_more_burst=64
zcofi-rma-connection-warmup: role=server lane=29 provider=efa direction=client-send-server-recv bytes=16 status=received
zcofi-rma-target-lane: worker=29 lane=29 provider=efa endpoint=rdm bind=172.31.47.13 service=49049 control_port=50049 arena_bytes=671088640 remote_addr=0x0000fb204bfe2010 remote_key=0x0000000000400038 max_msg_size=8928 max_rma_size=1073741824 inject_size=32
zcofi-rma-setup-admission: role=server lane=29 order=lane-ascending parallelism=1 phase=endpoint-control-warmup-mr status=complete
zcofi-rma-setup-admission: role=server lane=30 order=lane-ascending parallelism=1 phase=endpoint-control-warmup-mr status=admitted
zcofi-endpoint-profile: provider=efa fabric=efa-direct domain=efa_1-rdm device=efa_1 endpoint_type=3 api_requested=2.0 api_query=2.0 api_returned=2.0 caps=6755399441071878 mode=4503599627370496 mr_mode=116 mr_local=1 mr_virt_addr=1 control_progress=1 data_progress=1 max_msg_size=8928 max_msg_size_query_rc=0 max_rma_size=1073741824 max_rma_size_query_rc=0 inject_size=32 rma_iov_limit=1 efa=1 efa_direct=1 efa_emulated_read=0 efa_emulated_read_query_rc=0 efa_emulated_write=0 efa_emulated_write_query_rc=0 efa_write_high_pps_available=0 efa_write_high_pps_requested=0 efa_write_high_pps_effective=0 efa_write_high_pps_verified=0 provider_tx_queue_requested=576 provider_tx_queue_size=576 provider_rx_queue_requested=64 provider_rx_queue_size=64 tx_cq_size=640 tx_cq_required=640 rx_cq_size=128 rx_cq_required=128 tx_cq_batch=64 rx_cq_batch=64 cq_headroom=64 cq_sleep_ns=0 strict_topology=1 selective_completion=0 rma_write_delivery_complete=1 rma_write_more=0 rma_write_more_burst=64
zcofi-control-server: listen=172.31.47.13:50050 peer=172.31.36.232:42544 local_addr_bytes=32 remote_addr_bytes=32 peer_profile_validated=yes wire_contract=zcofi-rma-window-v4;lanes=48;bytes_per_lane=671088640;extent=4096;cm_warmup=client-send-server-recv;done=operation-plus-payload-digest
zcofi-control-server-peer-profile: provider=efa fabric=efa-direct domain=efa_1-rdm device=efa_1 endpoint_type=3 api_requested=2.0 api_query=2.0 api_returned=2.0 caps=6755399441071878 mode=4503599627370496 mr_mode=116 mr_local=1 mr_virt_addr=1 control_progress=1 data_progress=1 max_msg_size=8928 max_msg_size_query_rc=0 max_rma_size=1073741824 max_rma_size_query_rc=0 inject_size=32 rma_iov_limit=1 efa=1 efa_direct=1 efa_emulated_read=0 efa_emulated_read_query_rc=0 efa_emulated_write=0 efa_emulated_write_query_rc=0 efa_write_high_pps_available=0 efa_write_high_pps_requested=0 efa_write_high_pps_effective=0 efa_write_high_pps_verified=0 provider_tx_queue_requested=576 provider_tx_queue_size=576 provider_rx_queue_requested=64 provider_rx_queue_size=64 tx_cq_size=640 tx_cq_required=640 rx_cq_size=128 rx_cq_required=128 tx_cq_batch=64 rx_cq_batch=64 cq_headroom=64 cq_sleep_ns=0 strict_topology=1 selective_completion=0 rma_write_delivery_complete=1 rma_write_more=0 rma_write_more_burst=64
zcofi-rma-connection-warmup: role=server lane=30 provider=efa direction=client-send-server-recv bytes=16 status=received
zcofi-rma-target-lane: worker=30 lane=30 provider=efa endpoint=rdm bind=172.31.47.13 service=49050 control_port=50050 arena_bytes=671088640 remote_addr=0x0000fb2023fe1010 remote_key=0x00000000001000b6 max_msg_size=8928 max_rma_size=1073741824 inject_size=32
zcofi-rma-setup-admission: role=server lane=30 order=lane-ascending parallelism=1 phase=endpoint-control-warmup-mr status=complete
zcofi-rma-setup-admission: role=server lane=31 order=lane-ascending parallelism=1 phase=endpoint-control-warmup-mr status=admitted
zcofi-endpoint-profile: provider=efa fabric=efa-direct domain=efa_1-rdm device=efa_1 endpoint_type=3 api_requested=2.0 api_query=2.0 api_returned=2.0 caps=6755399441071878 mode=4503599627370496 mr_mode=116 mr_local=1 mr_virt_addr=1 control_progress=1 data_progress=1 max_msg_size=8928 max_msg_size_query_rc=0 max_rma_size=1073741824 max_rma_size_query_rc=0 inject_size=32 rma_iov_limit=1 efa=1 efa_direct=1 efa_emulated_read=0 efa_emulated_read_query_rc=0 efa_emulated_write=0 efa_emulated_write_query_rc=0 efa_write_high_pps_available=0 efa_write_high_pps_requested=0 efa_write_high_pps_effective=0 efa_write_high_pps_verified=0 provider_tx_queue_requested=576 provider_tx_queue_size=576 provider_rx_queue_requested=64 provider_rx_queue_size=64 tx_cq_size=640 tx_cq_required=640 rx_cq_size=128 rx_cq_required=128 tx_cq_batch=64 rx_cq_batch=64 cq_headroom=64 cq_sleep_ns=0 strict_topology=1 selective_completion=0 rma_write_delivery_complete=1 rma_write_more=0 rma_write_more_burst=64
zcofi-control-server: listen=172.31.47.13:50051 peer=172.31.36.232:37688 local_addr_bytes=32 remote_addr_bytes=32 peer_profile_validated=yes wire_contract=zcofi-rma-window-v4;lanes=48;bytes_per_lane=671088640;extent=4096;cm_warmup=client-send-server-recv;done=operation-plus-payload-digest
zcofi-control-server-peer-profile: provider=efa fabric=efa-direct domain=efa_1-rdm device=efa_1 endpoint_type=3 api_requested=2.0 api_query=2.0 api_returned=2.0 caps=6755399441071878 mode=4503599627370496 mr_mode=116 mr_local=1 mr_virt_addr=1 control_progress=1 data_progress=1 max_msg_size=8928 max_msg_size_query_rc=0 max_rma_size=1073741824 max_rma_size_query_rc=0 inject_size=32 rma_iov_limit=1 efa=1 efa_direct=1 efa_emulated_read=0 efa_emulated_read_query_rc=0 efa_emulated_write=0 efa_emulated_write_query_rc=0 efa_write_high_pps_available=0 efa_write_high_pps_requested=0 efa_write_high_pps_effective=0 efa_write_high_pps_verified=0 provider_tx_queue_requested=576 provider_tx_queue_size=576 provider_rx_queue_requested=64 provider_rx_queue_size=64 tx_cq_size=640 tx_cq_required=640 rx_cq_size=128 rx_cq_required=128 tx_cq_batch=64 rx_cq_batch=64 cq_headroom=64 cq_sleep_ns=0 strict_topology=1 selective_completion=0 rma_write_delivery_complete=1 rma_write_more=0 rma_write_more_burst=64
zcofi-rma-connection-warmup: role=server lane=31 provider=efa direction=client-send-server-recv bytes=16 status=received
zcofi-rma-target-lane: worker=31 lane=31 provider=efa endpoint=rdm bind=172.31.47.13 service=49051 control_port=50051 arena_bytes=671088640 remote_addr=0x0000fb1ffbfe0010 remote_key=0x00000000001000b5 max_msg_size=8928 max_rma_size=1073741824 inject_size=32
zcofi-rma-setup-admission: role=server lane=31 order=lane-ascending parallelism=1 phase=endpoint-control-warmup-mr status=complete
zcofi-rma-setup-admission: role=server lane=32 order=lane-ascending parallelism=1 phase=endpoint-control-warmup-mr status=admitted
zcofi-endpoint-profile: provider=efa fabric=efa-direct domain=efa_1-rdm device=efa_1 endpoint_type=3 api_requested=2.0 api_query=2.0 api_returned=2.0 caps=6755399441071878 mode=4503599627370496 mr_mode=116 mr_local=1 mr_virt_addr=1 control_progress=1 data_progress=1 max_msg_size=8928 max_msg_size_query_rc=0 max_rma_size=1073741824 max_rma_size_query_rc=0 inject_size=32 rma_iov_limit=1 efa=1 efa_direct=1 efa_emulated_read=0 efa_emulated_read_query_rc=0 efa_emulated_write=0 efa_emulated_write_query_rc=0 efa_write_high_pps_available=0 efa_write_high_pps_requested=0 efa_write_high_pps_effective=0 efa_write_high_pps_verified=0 provider_tx_queue_requested=576 provider_tx_queue_size=576 provider_rx_queue_requested=64 provider_rx_queue_size=64 tx_cq_size=640 tx_cq_required=640 rx_cq_size=128 rx_cq_required=128 tx_cq_batch=64 rx_cq_batch=64 cq_headroom=64 cq_sleep_ns=0 strict_topology=1 selective_completion=0 rma_write_delivery_complete=1 rma_write_more=0 rma_write_more_burst=64
zcofi-control-server: listen=172.31.47.13:50052 peer=172.31.36.232:36684 local_addr_bytes=32 remote_addr_bytes=32 peer_profile_validated=yes wire_contract=zcofi-rma-window-v4;lanes=48;bytes_per_lane=671088640;extent=4096;cm_warmup=client-send-server-recv;done=operation-plus-payload-digest
zcofi-control-server-peer-profile: provider=efa fabric=efa-direct domain=efa_1-rdm device=efa_1 endpoint_type=3 api_requested=2.0 api_query=2.0 api_returned=2.0 caps=6755399441071878 mode=4503599627370496 mr_mode=116 mr_local=1 mr_virt_addr=1 control_progress=1 data_progress=1 max_msg_size=8928 max_msg_size_query_rc=0 max_rma_size=1073741824 max_rma_size_query_rc=0 inject_size=32 rma_iov_limit=1 efa=1 efa_direct=1 efa_emulated_read=0 efa_emulated_read_query_rc=0 efa_emulated_write=0 efa_emulated_write_query_rc=0 efa_write_high_pps_available=0 efa_write_high_pps_requested=0 efa_write_high_pps_effective=0 efa_write_high_pps_verified=0 provider_tx_queue_requested=576 provider_tx_queue_size=576 provider_rx_queue_requested=64 provider_rx_queue_size=64 tx_cq_size=640 tx_cq_required=640 rx_cq_size=128 rx_cq_required=128 tx_cq_batch=64 rx_cq_batch=64 cq_headroom=64 cq_sleep_ns=0 strict_topology=1 selective_completion=0 rma_write_delivery_complete=1 rma_write_more=0 rma_write_more_burst=64
zcofi-rma-connection-warmup: role=server lane=32 provider=efa direction=client-send-server-recv bytes=16 status=received
zcofi-rma-target-lane: worker=32 lane=32 provider=efa endpoint=rdm bind=172.31.47.13 service=49052 control_port=50052 arena_bytes=671088640 remote_addr=0x0000fb1fd3fdf010 remote_key=0x00000000001000b4 max_msg_size=8928 max_rma_size=1073741824 inject_size=32
zcofi-rma-setup-admission: role=server lane=32 order=lane-ascending parallelism=1 phase=endpoint-control-warmup-mr status=complete
zcofi-rma-setup-admission: role=server lane=33 order=lane-ascending parallelism=1 phase=endpoint-control-warmup-mr status=admitted
zcofi-endpoint-profile: provider=efa fabric=efa-direct domain=efa_1-rdm device=efa_1 endpoint_type=3 api_requested=2.0 api_query=2.0 api_returned=2.0 caps=6755399441071878 mode=4503599627370496 mr_mode=116 mr_local=1 mr_virt_addr=1 control_progress=1 data_progress=1 max_msg_size=8928 max_msg_size_query_rc=0 max_rma_size=1073741824 max_rma_size_query_rc=0 inject_size=32 rma_iov_limit=1 efa=1 efa_direct=1 efa_emulated_read=0 efa_emulated_read_query_rc=0 efa_emulated_write=0 efa_emulated_write_query_rc=0 efa_write_high_pps_available=0 efa_write_high_pps_requested=0 efa_write_high_pps_effective=0 efa_write_high_pps_verified=0 provider_tx_queue_requested=576 provider_tx_queue_size=576 provider_rx_queue_requested=64 provider_rx_queue_size=64 tx_cq_size=640 tx_cq_required=640 rx_cq_size=128 rx_cq_required=128 tx_cq_batch=64 rx_cq_batch=64 cq_headroom=64 cq_sleep_ns=0 strict_topology=1 selective_completion=0 rma_write_delivery_complete=1 rma_write_more=0 rma_write_more_burst=64
zcofi-control-server: listen=172.31.47.13:50053 peer=172.31.36.232:46878 local_addr_bytes=32 remote_addr_bytes=32 peer_profile_validated=yes wire_contract=zcofi-rma-window-v4;lanes=48;bytes_per_lane=671088640;extent=4096;cm_warmup=client-send-server-recv;done=operation-plus-payload-digest
zcofi-control-server-peer-profile: provider=efa fabric=efa-direct domain=efa_1-rdm device=efa_1 endpoint_type=3 api_requested=2.0 api_query=2.0 api_returned=2.0 caps=6755399441071878 mode=4503599627370496 mr_mode=116 mr_local=1 mr_virt_addr=1 control_progress=1 data_progress=1 max_msg_size=8928 max_msg_size_query_rc=0 max_rma_size=1073741824 max_rma_size_query_rc=0 inject_size=32 rma_iov_limit=1 efa=1 efa_direct=1 efa_emulated_read=0 efa_emulated_read_query_rc=0 efa_emulated_write=0 efa_emulated_write_query_rc=0 efa_write_high_pps_available=0 efa_write_high_pps_requested=0 efa_write_high_pps_effective=0 efa_write_high_pps_verified=0 provider_tx_queue_requested=576 provider_tx_queue_size=576 provider_rx_queue_requested=64 provider_rx_queue_size=64 tx_cq_size=640 tx_cq_required=640 rx_cq_size=128 rx_cq_required=128 tx_cq_batch=64 rx_cq_batch=64 cq_headroom=64 cq_sleep_ns=0 strict_topology=1 selective_completion=0 rma_write_delivery_complete=1 rma_write_more=0 rma_write_more_burst=64
zcofi-rma-connection-warmup: role=server lane=33 provider=efa direction=client-send-server-recv bytes=16 status=received
zcofi-rma-target-lane: worker=33 lane=33 provider=efa endpoint=rdm bind=172.31.47.13 service=49053 control_port=50053 arena_bytes=671088640 remote_addr=0x0000fb1fabada010 remote_key=0x0000000000100086 max_msg_size=8928 max_rma_size=1073741824 inject_size=32
zcofi-rma-setup-admission: role=server lane=33 order=lane-ascending parallelism=1 phase=endpoint-control-warmup-mr status=complete
zcofi-rma-setup-admission: role=server lane=34 order=lane-ascending parallelism=1 phase=endpoint-control-warmup-mr status=admitted
zcofi-endpoint-profile: provider=efa fabric=efa-direct domain=efa_1-rdm device=efa_1 endpoint_type=3 api_requested=2.0 api_query=2.0 api_returned=2.0 caps=6755399441071878 mode=4503599627370496 mr_mode=116 mr_local=1 mr_virt_addr=1 control_progress=1 data_progress=1 max_msg_size=8928 max_msg_size_query_rc=0 max_rma_size=1073741824 max_rma_size_query_rc=0 inject_size=32 rma_iov_limit=1 efa=1 efa_direct=1 efa_emulated_read=0 efa_emulated_read_query_rc=0 efa_emulated_write=0 efa_emulated_write_query_rc=0 efa_write_high_pps_available=0 efa_write_high_pps_requested=0 efa_write_high_pps_effective=0 efa_write_high_pps_verified=0 provider_tx_queue_requested=576 provider_tx_queue_size=576 provider_rx_queue_requested=64 provider_rx_queue_size=64 tx_cq_size=640 tx_cq_required=640 rx_cq_size=128 rx_cq_required=128 tx_cq_batch=64 rx_cq_batch=64 cq_headroom=64 cq_sleep_ns=0 strict_topology=1 selective_completion=0 rma_write_delivery_complete=1 rma_write_more=0 rma_write_more_burst=64
zcofi-control-server: listen=172.31.47.13:50054 peer=172.31.36.232:51864 local_addr_bytes=32 remote_addr_bytes=32 peer_profile_validated=yes wire_contract=zcofi-rma-window-v4;lanes=48;bytes_per_lane=671088640;extent=4096;cm_warmup=client-send-server-recv;done=operation-plus-payload-digest
zcofi-control-server-peer-profile: provider=efa fabric=efa-direct domain=efa_1-rdm device=efa_1 endpoint_type=3 api_requested=2.0 api_query=2.0 api_returned=2.0 caps=6755399441071878 mode=4503599627370496 mr_mode=116 mr_local=1 mr_virt_addr=1 control_progress=1 data_progress=1 max_msg_size=8928 max_msg_size_query_rc=0 max_rma_size=1073741824 max_rma_size_query_rc=0 inject_size=32 rma_iov_limit=1 efa=1 efa_direct=1 efa_emulated_read=0 efa_emulated_read_query_rc=0 efa_emulated_write=0 efa_emulated_write_query_rc=0 efa_write_high_pps_available=0 efa_write_high_pps_requested=0 efa_write_high_pps_effective=0 efa_write_high_pps_verified=0 provider_tx_queue_requested=576 provider_tx_queue_size=576 provider_rx_queue_requested=64 provider_rx_queue_size=64 tx_cq_size=640 tx_cq_required=640 rx_cq_size=128 rx_cq_required=128 tx_cq_batch=64 rx_cq_batch=64 cq_headroom=64 cq_sleep_ns=0 strict_topology=1 selective_completion=0 rma_write_delivery_complete=1 rma_write_more=0 rma_write_more_burst=64
zcofi-rma-connection-warmup: role=server lane=34 provider=efa direction=client-send-server-recv bytes=16 status=received
zcofi-rma-target-lane: worker=34 lane=34 provider=efa endpoint=rdm bind=172.31.47.13 service=49054 control_port=50054 arena_bytes=671088640 remote_addr=0x0000fb1f83529010 remote_key=0x0000000000100085 max_msg_size=8928 max_rma_size=1073741824 inject_size=32
zcofi-rma-setup-admission: role=server lane=34 order=lane-ascending parallelism=1 phase=endpoint-control-warmup-mr status=complete
zcofi-rma-setup-admission: role=server lane=35 order=lane-ascending parallelism=1 phase=endpoint-control-warmup-mr status=admitted
zcofi-endpoint-profile: provider=efa fabric=efa-direct domain=efa_1-rdm device=efa_1 endpoint_type=3 api_requested=2.0 api_query=2.0 api_returned=2.0 caps=6755399441071878 mode=4503599627370496 mr_mode=116 mr_local=1 mr_virt_addr=1 control_progress=1 data_progress=1 max_msg_size=8928 max_msg_size_query_rc=0 max_rma_size=1073741824 max_rma_size_query_rc=0 inject_size=32 rma_iov_limit=1 efa=1 efa_direct=1 efa_emulated_read=0 efa_emulated_read_query_rc=0 efa_emulated_write=0 efa_emulated_write_query_rc=0 efa_write_high_pps_available=0 efa_write_high_pps_requested=0 efa_write_high_pps_effective=0 efa_write_high_pps_verified=0 provider_tx_queue_requested=576 provider_tx_queue_size=576 provider_rx_queue_requested=64 provider_rx_queue_size=64 tx_cq_size=640 tx_cq_required=640 rx_cq_size=128 rx_cq_required=128 tx_cq_batch=64 rx_cq_batch=64 cq_headroom=64 cq_sleep_ns=0 strict_topology=1 selective_completion=0 rma_write_delivery_complete=1 rma_write_more=0 rma_write_more_burst=64
zcofi-control-server: listen=172.31.47.13:50055 peer=172.31.36.232:47074 local_addr_bytes=32 remote_addr_bytes=32 peer_profile_validated=yes wire_contract=zcofi-rma-window-v4;lanes=48;bytes_per_lane=671088640;extent=4096;cm_warmup=client-send-server-recv;done=operation-plus-payload-digest
zcofi-control-server-peer-profile: provider=efa fabric=efa-direct domain=efa_1-rdm device=efa_1 endpoint_type=3 api_requested=2.0 api_query=2.0 api_returned=2.0 caps=6755399441071878 mode=4503599627370496 mr_mode=116 mr_local=1 mr_virt_addr=1 control_progress=1 data_progress=1 max_msg_size=8928 max_msg_size_query_rc=0 max_rma_size=1073741824 max_rma_size_query_rc=0 inject_size=32 rma_iov_limit=1 efa=1 efa_direct=1 efa_emulated_read=0 efa_emulated_read_query_rc=0 efa_emulated_write=0 efa_emulated_write_query_rc=0 efa_write_high_pps_available=0 efa_write_high_pps_requested=0 efa_write_high_pps_effective=0 efa_write_high_pps_verified=0 provider_tx_queue_requested=576 provider_tx_queue_size=576 provider_rx_queue_requested=64 provider_rx_queue_size=64 tx_cq_size=640 tx_cq_required=640 rx_cq_size=128 rx_cq_required=128 tx_cq_batch=64 rx_cq_batch=64 cq_headroom=64 cq_sleep_ns=0 strict_topology=1 selective_completion=0 rma_write_delivery_complete=1 rma_write_more=0 rma_write_more_burst=64
zcofi-rma-connection-warmup: role=server lane=35 provider=efa direction=client-send-server-recv bytes=16 status=received
zcofi-rma-target-lane: worker=35 lane=35 provider=efa endpoint=rdm bind=172.31.47.13 service=49055 control_port=50055 arena_bytes=671088640 remote_addr=0x0000fb1f5af77010 remote_key=0x000000000040001f max_msg_size=8928 max_rma_size=1073741824 inject_size=32
zcofi-rma-setup-admission: role=server lane=35 order=lane-ascending parallelism=1 phase=endpoint-control-warmup-mr status=complete
zcofi-rma-setup-admission: role=server lane=36 order=lane-ascending parallelism=1 phase=endpoint-control-warmup-mr status=admitted
zcofi-endpoint-profile: provider=efa fabric=efa-direct domain=efa_1-rdm device=efa_1 endpoint_type=3 api_requested=2.0 api_query=2.0 api_returned=2.0 caps=6755399441071878 mode=4503599627370496 mr_mode=116 mr_local=1 mr_virt_addr=1 control_progress=1 data_progress=1 max_msg_size=8928 max_msg_size_query_rc=0 max_rma_size=1073741824 max_rma_size_query_rc=0 inject_size=32 rma_iov_limit=1 efa=1 efa_direct=1 efa_emulated_read=0 efa_emulated_read_query_rc=0 efa_emulated_write=0 efa_emulated_write_query_rc=0 efa_write_high_pps_available=0 efa_write_high_pps_requested=0 efa_write_high_pps_effective=0 efa_write_high_pps_verified=0 provider_tx_queue_requested=576 provider_tx_queue_size=576 provider_rx_queue_requested=64 provider_rx_queue_size=64 tx_cq_size=640 tx_cq_required=640 rx_cq_size=128 rx_cq_required=128 tx_cq_batch=64 rx_cq_batch=64 cq_headroom=64 cq_sleep_ns=0 strict_topology=1 selective_completion=0 rma_write_delivery_complete=1 rma_write_more=0 rma_write_more_burst=64
zcofi-control-server: listen=172.31.47.13:50056 peer=172.31.36.232:53848 local_addr_bytes=32 remote_addr_bytes=32 peer_profile_validated=yes wire_contract=zcofi-rma-window-v4;lanes=48;bytes_per_lane=671088640;extent=4096;cm_warmup=client-send-server-recv;done=operation-plus-payload-digest
zcofi-control-server-peer-profile: provider=efa fabric=efa-direct domain=efa_1-rdm device=efa_1 endpoint_type=3 api_requested=2.0 api_query=2.0 api_returned=2.0 caps=6755399441071878 mode=4503599627370496 mr_mode=116 mr_local=1 mr_virt_addr=1 control_progress=1 data_progress=1 max_msg_size=8928 max_msg_size_query_rc=0 max_rma_size=1073741824 max_rma_size_query_rc=0 inject_size=32 rma_iov_limit=1 efa=1 efa_direct=1 efa_emulated_read=0 efa_emulated_read_query_rc=0 efa_emulated_write=0 efa_emulated_write_query_rc=0 efa_write_high_pps_available=0 efa_write_high_pps_requested=0 efa_write_high_pps_effective=0 efa_write_high_pps_verified=0 provider_tx_queue_requested=576 provider_tx_queue_size=576 provider_rx_queue_requested=64 provider_rx_queue_size=64 tx_cq_size=640 tx_cq_required=640 rx_cq_size=128 rx_cq_required=128 tx_cq_batch=64 rx_cq_batch=64 cq_headroom=64 cq_sleep_ns=0 strict_topology=1 selective_completion=0 rma_write_delivery_complete=1 rma_write_more=0 rma_write_more_burst=64
zcofi-rma-connection-warmup: role=server lane=36 provider=efa direction=client-send-server-recv bytes=16 status=received
zcofi-rma-target-lane: worker=36 lane=36 provider=efa endpoint=rdm bind=172.31.47.13 service=49056 control_port=50056 arena_bytes=671088640 remote_addr=0x0000fb1f329c5010 remote_key=0x00000000001000ba max_msg_size=8928 max_rma_size=1073741824 inject_size=32
zcofi-rma-setup-admission: role=server lane=36 order=lane-ascending parallelism=1 phase=endpoint-control-warmup-mr status=complete
zcofi-rma-setup-admission: role=server lane=37 order=lane-ascending parallelism=1 phase=endpoint-control-warmup-mr status=admitted
zcofi-endpoint-profile: provider=efa fabric=efa-direct domain=efa_1-rdm device=efa_1 endpoint_type=3 api_requested=2.0 api_query=2.0 api_returned=2.0 caps=6755399441071878 mode=4503599627370496 mr_mode=116 mr_local=1 mr_virt_addr=1 control_progress=1 data_progress=1 max_msg_size=8928 max_msg_size_query_rc=0 max_rma_size=1073741824 max_rma_size_query_rc=0 inject_size=32 rma_iov_limit=1 efa=1 efa_direct=1 efa_emulated_read=0 efa_emulated_read_query_rc=0 efa_emulated_write=0 efa_emulated_write_query_rc=0 efa_write_high_pps_available=0 efa_write_high_pps_requested=0 efa_write_high_pps_effective=0 efa_write_high_pps_verified=0 provider_tx_queue_requested=576 provider_tx_queue_size=576 provider_rx_queue_requested=64 provider_rx_queue_size=64 tx_cq_size=640 tx_cq_required=640 rx_cq_size=128 rx_cq_required=128 tx_cq_batch=64 rx_cq_batch=64 cq_headroom=64 cq_sleep_ns=0 strict_topology=1 selective_completion=0 rma_write_delivery_complete=1 rma_write_more=0 rma_write_more_burst=64
zcofi-control-server: listen=172.31.47.13:50057 peer=172.31.36.232:45168 local_addr_bytes=32 remote_addr_bytes=32 peer_profile_validated=yes wire_contract=zcofi-rma-window-v4;lanes=48;bytes_per_lane=671088640;extent=4096;cm_warmup=client-send-server-recv;done=operation-plus-payload-digest
zcofi-control-server-peer-profile: provider=efa fabric=efa-direct domain=efa_1-rdm device=efa_1 endpoint_type=3 api_requested=2.0 api_query=2.0 api_returned=2.0 caps=6755399441071878 mode=4503599627370496 mr_mode=116 mr_local=1 mr_virt_addr=1 control_progress=1 data_progress=1 max_msg_size=8928 max_msg_size_query_rc=0 max_rma_size=1073741824 max_rma_size_query_rc=0 inject_size=32 rma_iov_limit=1 efa=1 efa_direct=1 efa_emulated_read=0 efa_emulated_read_query_rc=0 efa_emulated_write=0 efa_emulated_write_query_rc=0 efa_write_high_pps_available=0 efa_write_high_pps_requested=0 efa_write_high_pps_effective=0 efa_write_high_pps_verified=0 provider_tx_queue_requested=576 provider_tx_queue_size=576 provider_rx_queue_requested=64 provider_rx_queue_size=64 tx_cq_size=640 tx_cq_required=640 rx_cq_size=128 rx_cq_required=128 tx_cq_batch=64 rx_cq_batch=64 cq_headroom=64 cq_sleep_ns=0 strict_topology=1 selective_completion=0 rma_write_delivery_complete=1 rma_write_more=0 rma_write_more_burst=64
zcofi-rma-connection-warmup: role=server lane=37 provider=efa direction=client-send-server-recv bytes=16 status=received
zcofi-rma-target-lane: worker=37 lane=37 provider=efa endpoint=rdm bind=172.31.47.13 service=49057 control_port=50057 arena_bytes=671088640 remote_addr=0x0000fb1f0a413010 remote_key=0x00000000001000ae max_msg_size=8928 max_rma_size=1073741824 inject_size=32
zcofi-rma-setup-admission: role=server lane=37 order=lane-ascending parallelism=1 phase=endpoint-control-warmup-mr status=complete
zcofi-rma-setup-admission: role=server lane=38 order=lane-ascending parallelism=1 phase=endpoint-control-warmup-mr status=admitted
zcofi-endpoint-profile: provider=efa fabric=efa-direct domain=efa_1-rdm device=efa_1 endpoint_type=3 api_requested=2.0 api_query=2.0 api_returned=2.0 caps=6755399441071878 mode=4503599627370496 mr_mode=116 mr_local=1 mr_virt_addr=1 control_progress=1 data_progress=1 max_msg_size=8928 max_msg_size_query_rc=0 max_rma_size=1073741824 max_rma_size_query_rc=0 inject_size=32 rma_iov_limit=1 efa=1 efa_direct=1 efa_emulated_read=0 efa_emulated_read_query_rc=0 efa_emulated_write=0 efa_emulated_write_query_rc=0 efa_write_high_pps_available=0 efa_write_high_pps_requested=0 efa_write_high_pps_effective=0 efa_write_high_pps_verified=0 provider_tx_queue_requested=576 provider_tx_queue_size=576 provider_rx_queue_requested=64 provider_rx_queue_size=64 tx_cq_size=640 tx_cq_required=640 rx_cq_size=128 rx_cq_required=128 tx_cq_batch=64 rx_cq_batch=64 cq_headroom=64 cq_sleep_ns=0 strict_topology=1 selective_completion=0 rma_write_delivery_complete=1 rma_write_more=0 rma_write_more_burst=64
zcofi-control-server: listen=172.31.47.13:50058 peer=172.31.36.232:51516 local_addr_bytes=32 remote_addr_bytes=32 peer_profile_validated=yes wire_contract=zcofi-rma-window-v4;lanes=48;bytes_per_lane=671088640;extent=4096;cm_warmup=client-send-server-recv;done=operation-plus-payload-digest
zcofi-control-server-peer-profile: provider=efa fabric=efa-direct domain=efa_1-rdm device=efa_1 endpoint_type=3 api_requested=2.0 api_query=2.0 api_returned=2.0 caps=6755399441071878 mode=4503599627370496 mr_mode=116 mr_local=1 mr_virt_addr=1 control_progress=1 data_progress=1 max_msg_size=8928 max_msg_size_query_rc=0 max_rma_size=1073741824 max_rma_size_query_rc=0 inject_size=32 rma_iov_limit=1 efa=1 efa_direct=1 efa_emulated_read=0 efa_emulated_read_query_rc=0 efa_emulated_write=0 efa_emulated_write_query_rc=0 efa_write_high_pps_available=0 efa_write_high_pps_requested=0 efa_write_high_pps_effective=0 efa_write_high_pps_verified=0 provider_tx_queue_requested=576 provider_tx_queue_size=576 provider_rx_queue_requested=64 provider_rx_queue_size=64 tx_cq_size=640 tx_cq_required=640 rx_cq_size=128 rx_cq_required=128 tx_cq_batch=64 rx_cq_batch=64 cq_headroom=64 cq_sleep_ns=0 strict_topology=1 selective_completion=0 rma_write_delivery_complete=1 rma_write_more=0 rma_write_more_burst=64
zcofi-rma-connection-warmup: role=server lane=38 provider=efa direction=client-send-server-recv bytes=16 status=received
zcofi-rma-target-lane: worker=38 lane=38 provider=efa endpoint=rdm bind=172.31.47.13 service=49058 control_port=50058 arena_bytes=671088640 remote_addr=0x0000fb1ee1e61010 remote_key=0x00000000001000ad max_msg_size=8928 max_rma_size=1073741824 inject_size=32
zcofi-rma-setup-admission: role=server lane=38 order=lane-ascending parallelism=1 phase=endpoint-control-warmup-mr status=complete
zcofi-rma-setup-admission: role=server lane=39 order=lane-ascending parallelism=1 phase=endpoint-control-warmup-mr status=admitted
zcofi-endpoint-profile: provider=efa fabric=efa-direct domain=efa_1-rdm device=efa_1 endpoint_type=3 api_requested=2.0 api_query=2.0 api_returned=2.0 caps=6755399441071878 mode=4503599627370496 mr_mode=116 mr_local=1 mr_virt_addr=1 control_progress=1 data_progress=1 max_msg_size=8928 max_msg_size_query_rc=0 max_rma_size=1073741824 max_rma_size_query_rc=0 inject_size=32 rma_iov_limit=1 efa=1 efa_direct=1 efa_emulated_read=0 efa_emulated_read_query_rc=0 efa_emulated_write=0 efa_emulated_write_query_rc=0 efa_write_high_pps_available=0 efa_write_high_pps_requested=0 efa_write_high_pps_effective=0 efa_write_high_pps_verified=0 provider_tx_queue_requested=576 provider_tx_queue_size=576 provider_rx_queue_requested=64 provider_rx_queue_size=64 tx_cq_size=640 tx_cq_required=640 rx_cq_size=128 rx_cq_required=128 tx_cq_batch=64 rx_cq_batch=64 cq_headroom=64 cq_sleep_ns=0 strict_topology=1 selective_completion=0 rma_write_delivery_complete=1 rma_write_more=0 rma_write_more_burst=64
zcofi-control-server: listen=172.31.47.13:50059 peer=172.31.36.232:40010 local_addr_bytes=32 remote_addr_bytes=32 peer_profile_validated=yes wire_contract=zcofi-rma-window-v4;lanes=48;bytes_per_lane=671088640;extent=4096;cm_warmup=client-send-server-recv;done=operation-plus-payload-digest
zcofi-control-server-peer-profile: provider=efa fabric=efa-direct domain=efa_1-rdm device=efa_1 endpoint_type=3 api_requested=2.0 api_query=2.0 api_returned=2.0 caps=6755399441071878 mode=4503599627370496 mr_mode=116 mr_local=1 mr_virt_addr=1 control_progress=1 data_progress=1 max_msg_size=8928 max_msg_size_query_rc=0 max_rma_size=1073741824 max_rma_size_query_rc=0 inject_size=32 rma_iov_limit=1 efa=1 efa_direct=1 efa_emulated_read=0 efa_emulated_read_query_rc=0 efa_emulated_write=0 efa_emulated_write_query_rc=0 efa_write_high_pps_available=0 efa_write_high_pps_requested=0 efa_write_high_pps_effective=0 efa_write_high_pps_verified=0 provider_tx_queue_requested=576 provider_tx_queue_size=576 provider_rx_queue_requested=64 provider_rx_queue_size=64 tx_cq_size=640 tx_cq_required=640 rx_cq_size=128 rx_cq_required=128 tx_cq_batch=64 rx_cq_batch=64 cq_headroom=64 cq_sleep_ns=0 strict_topology=1 selective_completion=0 rma_write_delivery_complete=1 rma_write_more=0 rma_write_more_burst=64
zcofi-rma-connection-warmup: role=server lane=39 provider=efa direction=client-send-server-recv bytes=16 status=received
zcofi-rma-target-lane: worker=39 lane=39 provider=efa endpoint=rdm bind=172.31.47.13 service=49059 control_port=50059 arena_bytes=671088640 remote_addr=0x0000fb1eb98af010 remote_key=0x00000000001000fe max_msg_size=8928 max_rma_size=1073741824 inject_size=32
zcofi-rma-setup-admission: role=server lane=39 order=lane-ascending parallelism=1 phase=endpoint-control-warmup-mr status=complete
zcofi-rma-setup-admission: role=server lane=40 order=lane-ascending parallelism=1 phase=endpoint-control-warmup-mr status=admitted
zcofi-endpoint-profile: provider=efa fabric=efa-direct domain=efa_1-rdm device=efa_1 endpoint_type=3 api_requested=2.0 api_query=2.0 api_returned=2.0 caps=6755399441071878 mode=4503599627370496 mr_mode=116 mr_local=1 mr_virt_addr=1 control_progress=1 data_progress=1 max_msg_size=8928 max_msg_size_query_rc=0 max_rma_size=1073741824 max_rma_size_query_rc=0 inject_size=32 rma_iov_limit=1 efa=1 efa_direct=1 efa_emulated_read=0 efa_emulated_read_query_rc=0 efa_emulated_write=0 efa_emulated_write_query_rc=0 efa_write_high_pps_available=0 efa_write_high_pps_requested=0 efa_write_high_pps_effective=0 efa_write_high_pps_verified=0 provider_tx_queue_requested=576 provider_tx_queue_size=576 provider_rx_queue_requested=64 provider_rx_queue_size=64 tx_cq_size=640 tx_cq_required=640 rx_cq_size=128 rx_cq_required=128 tx_cq_batch=64 rx_cq_batch=64 cq_headroom=64 cq_sleep_ns=0 strict_topology=1 selective_completion=0 rma_write_delivery_complete=1 rma_write_more=0 rma_write_more_burst=64
zcofi-control-server: listen=172.31.47.13:50060 peer=172.31.36.232:37304 local_addr_bytes=32 remote_addr_bytes=32 peer_profile_validated=yes wire_contract=zcofi-rma-window-v4;lanes=48;bytes_per_lane=671088640;extent=4096;cm_warmup=client-send-server-recv;done=operation-plus-payload-digest
zcofi-control-server-peer-profile: provider=efa fabric=efa-direct domain=efa_1-rdm device=efa_1 endpoint_type=3 api_requested=2.0 api_query=2.0 api_returned=2.0 caps=6755399441071878 mode=4503599627370496 mr_mode=116 mr_local=1 mr_virt_addr=1 control_progress=1 data_progress=1 max_msg_size=8928 max_msg_size_query_rc=0 max_rma_size=1073741824 max_rma_size_query_rc=0 inject_size=32 rma_iov_limit=1 efa=1 efa_direct=1 efa_emulated_read=0 efa_emulated_read_query_rc=0 efa_emulated_write=0 efa_emulated_write_query_rc=0 efa_write_high_pps_available=0 efa_write_high_pps_requested=0 efa_write_high_pps_effective=0 efa_write_high_pps_verified=0 provider_tx_queue_requested=576 provider_tx_queue_size=576 provider_rx_queue_requested=64 provider_rx_queue_size=64 tx_cq_size=640 tx_cq_required=640 rx_cq_size=128 rx_cq_required=128 tx_cq_batch=64 rx_cq_batch=64 cq_headroom=64 cq_sleep_ns=0 strict_topology=1 selective_completion=0 rma_write_delivery_complete=1 rma_write_more=0 rma_write_more_burst=64
zcofi-rma-connection-warmup: role=server lane=40 provider=efa direction=client-send-server-recv bytes=16 status=received
zcofi-rma-target-lane: worker=40 lane=40 provider=efa endpoint=rdm bind=172.31.47.13 service=49060 control_port=50060 arena_bytes=671088640 remote_addr=0x0000fb1e912fd010 remote_key=0x00000000001000e6 max_msg_size=8928 max_rma_size=1073741824 inject_size=32
zcofi-rma-setup-admission: role=server lane=40 order=lane-ascending parallelism=1 phase=endpoint-control-warmup-mr status=complete
zcofi-rma-setup-admission: role=server lane=41 order=lane-ascending parallelism=1 phase=endpoint-control-warmup-mr status=admitted
zcofi-endpoint-profile: provider=efa fabric=efa-direct domain=efa_1-rdm device=efa_1 endpoint_type=3 api_requested=2.0 api_query=2.0 api_returned=2.0 caps=6755399441071878 mode=4503599627370496 mr_mode=116 mr_local=1 mr_virt_addr=1 control_progress=1 data_progress=1 max_msg_size=8928 max_msg_size_query_rc=0 max_rma_size=1073741824 max_rma_size_query_rc=0 inject_size=32 rma_iov_limit=1 efa=1 efa_direct=1 efa_emulated_read=0 efa_emulated_read_query_rc=0 efa_emulated_write=0 efa_emulated_write_query_rc=0 efa_write_high_pps_available=0 efa_write_high_pps_requested=0 efa_write_high_pps_effective=0 efa_write_high_pps_verified=0 provider_tx_queue_requested=576 provider_tx_queue_size=576 provider_rx_queue_requested=64 provider_rx_queue_size=64 tx_cq_size=640 tx_cq_required=640 rx_cq_size=128 rx_cq_required=128 tx_cq_batch=64 rx_cq_batch=64 cq_headroom=64 cq_sleep_ns=0 strict_topology=1 selective_completion=0 rma_write_delivery_complete=1 rma_write_more=0 rma_write_more_burst=64
zcofi-control-server: listen=172.31.47.13:50061 peer=172.31.36.232:48248 local_addr_bytes=32 remote_addr_bytes=32 peer_profile_validated=yes wire_contract=zcofi-rma-window-v4;lanes=48;bytes_per_lane=671088640;extent=4096;cm_warmup=client-send-server-recv;done=operation-plus-payload-digest
zcofi-control-server-peer-profile: provider=efa fabric=efa-direct domain=efa_1-rdm device=efa_1 endpoint_type=3 api_requested=2.0 api_query=2.0 api_returned=2.0 caps=6755399441071878 mode=4503599627370496 mr_mode=116 mr_local=1 mr_virt_addr=1 control_progress=1 data_progress=1 max_msg_size=8928 max_msg_size_query_rc=0 max_rma_size=1073741824 max_rma_size_query_rc=0 inject_size=32 rma_iov_limit=1 efa=1 efa_direct=1 efa_emulated_read=0 efa_emulated_read_query_rc=0 efa_emulated_write=0 efa_emulated_write_query_rc=0 efa_write_high_pps_available=0 efa_write_high_pps_requested=0 efa_write_high_pps_effective=0 efa_write_high_pps_verified=0 provider_tx_queue_requested=576 provider_tx_queue_size=576 provider_rx_queue_requested=64 provider_rx_queue_size=64 tx_cq_size=640 tx_cq_required=640 rx_cq_size=128 rx_cq_required=128 tx_cq_batch=64 rx_cq_batch=64 cq_headroom=64 cq_sleep_ns=0 strict_topology=1 selective_completion=0 rma_write_delivery_complete=1 rma_write_more=0 rma_write_more_burst=64
zcofi-rma-connection-warmup: role=server lane=41 provider=efa direction=client-send-server-recv bytes=16 status=received
zcofi-rma-target-lane: worker=41 lane=41 provider=efa endpoint=rdm bind=172.31.47.13 service=49061 control_port=50061 arena_bytes=671088640 remote_addr=0x0000fb1e68d4b010 remote_key=0x000000000020006e max_msg_size=8928 max_rma_size=1073741824 inject_size=32
zcofi-rma-setup-admission: role=server lane=41 order=lane-ascending parallelism=1 phase=endpoint-control-warmup-mr status=complete
zcofi-rma-setup-admission: role=server lane=42 order=lane-ascending parallelism=1 phase=endpoint-control-warmup-mr status=admitted
zcofi-endpoint-profile: provider=efa fabric=efa-direct domain=efa_1-rdm device=efa_1 endpoint_type=3 api_requested=2.0 api_query=2.0 api_returned=2.0 caps=6755399441071878 mode=4503599627370496 mr_mode=116 mr_local=1 mr_virt_addr=1 control_progress=1 data_progress=1 max_msg_size=8928 max_msg_size_query_rc=0 max_rma_size=1073741824 max_rma_size_query_rc=0 inject_size=32 rma_iov_limit=1 efa=1 efa_direct=1 efa_emulated_read=0 efa_emulated_read_query_rc=0 efa_emulated_write=0 efa_emulated_write_query_rc=0 efa_write_high_pps_available=0 efa_write_high_pps_requested=0 efa_write_high_pps_effective=0 efa_write_high_pps_verified=0 provider_tx_queue_requested=576 provider_tx_queue_size=576 provider_rx_queue_requested=64 provider_rx_queue_size=64 tx_cq_size=640 tx_cq_required=640 rx_cq_size=128 rx_cq_required=128 tx_cq_batch=64 rx_cq_batch=64 cq_headroom=64 cq_sleep_ns=0 strict_topology=1 selective_completion=0 rma_write_delivery_complete=1 rma_write_more=0 rma_write_more_burst=64
zcofi-control-server: listen=172.31.47.13:50062 peer=172.31.36.232:57908 local_addr_bytes=32 remote_addr_bytes=32 peer_profile_validated=yes wire_contract=zcofi-rma-window-v4;lanes=48;bytes_per_lane=671088640;extent=4096;cm_warmup=client-send-server-recv;done=operation-plus-payload-digest
zcofi-control-server-peer-profile: provider=efa fabric=efa-direct domain=efa_1-rdm device=efa_1 endpoint_type=3 api_requested=2.0 api_query=2.0 api_returned=2.0 caps=6755399441071878 mode=4503599627370496 mr_mode=116 mr_local=1 mr_virt_addr=1 control_progress=1 data_progress=1 max_msg_size=8928 max_msg_size_query_rc=0 max_rma_size=1073741824 max_rma_size_query_rc=0 inject_size=32 rma_iov_limit=1 efa=1 efa_direct=1 efa_emulated_read=0 efa_emulated_read_query_rc=0 efa_emulated_write=0 efa_emulated_write_query_rc=0 efa_write_high_pps_available=0 efa_write_high_pps_requested=0 efa_write_high_pps_effective=0 efa_write_high_pps_verified=0 provider_tx_queue_requested=576 provider_tx_queue_size=576 provider_rx_queue_requested=64 provider_rx_queue_size=64 tx_cq_size=640 tx_cq_required=640 rx_cq_size=128 rx_cq_required=128 tx_cq_batch=64 rx_cq_batch=64 cq_headroom=64 cq_sleep_ns=0 strict_topology=1 selective_completion=0 rma_write_delivery_complete=1 rma_write_more=0 rma_write_more_burst=64
zcofi-rma-connection-warmup: role=server lane=42 provider=efa direction=client-send-server-recv bytes=16 status=received
zcofi-rma-target-lane: worker=42 lane=42 provider=efa endpoint=rdm bind=172.31.47.13 service=49062 control_port=50062 arena_bytes=671088640 remote_addr=0x0000fb1e40799010 remote_key=0x0000000000100082 max_msg_size=8928 max_rma_size=1073741824 inject_size=32
zcofi-rma-setup-admission: role=server lane=42 order=lane-ascending parallelism=1 phase=endpoint-control-warmup-mr status=complete
zcofi-rma-setup-admission: role=server lane=43 order=lane-ascending parallelism=1 phase=endpoint-control-warmup-mr status=admitted
zcofi-endpoint-profile: provider=efa fabric=efa-direct domain=efa_1-rdm device=efa_1 endpoint_type=3 api_requested=2.0 api_query=2.0 api_returned=2.0 caps=6755399441071878 mode=4503599627370496 mr_mode=116 mr_local=1 mr_virt_addr=1 control_progress=1 data_progress=1 max_msg_size=8928 max_msg_size_query_rc=0 max_rma_size=1073741824 max_rma_size_query_rc=0 inject_size=32 rma_iov_limit=1 efa=1 efa_direct=1 efa_emulated_read=0 efa_emulated_read_query_rc=0 efa_emulated_write=0 efa_emulated_write_query_rc=0 efa_write_high_pps_available=0 efa_write_high_pps_requested=0 efa_write_high_pps_effective=0 efa_write_high_pps_verified=0 provider_tx_queue_requested=576 provider_tx_queue_size=576 provider_rx_queue_requested=64 provider_rx_queue_size=64 tx_cq_size=640 tx_cq_required=640 rx_cq_size=128 rx_cq_required=128 tx_cq_batch=64 rx_cq_batch=64 cq_headroom=64 cq_sleep_ns=0 strict_topology=1 selective_completion=0 rma_write_delivery_complete=1 rma_write_more=0 rma_write_more_burst=64
zcofi-control-server: listen=172.31.47.13:50063 peer=172.31.36.232:41176 local_addr_bytes=32 remote_addr_bytes=32 peer_profile_validated=yes wire_contract=zcofi-rma-window-v4;lanes=48;bytes_per_lane=671088640;extent=4096;cm_warmup=client-send-server-recv;done=operation-plus-payload-digest
zcofi-control-server-peer-profile: provider=efa fabric=efa-direct domain=efa_1-rdm device=efa_1 endpoint_type=3 api_requested=2.0 api_query=2.0 api_returned=2.0 caps=6755399441071878 mode=4503599627370496 mr_mode=116 mr_local=1 mr_virt_addr=1 control_progress=1 data_progress=1 max_msg_size=8928 max_msg_size_query_rc=0 max_rma_size=1073741824 max_rma_size_query_rc=0 inject_size=32 rma_iov_limit=1 efa=1 efa_direct=1 efa_emulated_read=0 efa_emulated_read_query_rc=0 efa_emulated_write=0 efa_emulated_write_query_rc=0 efa_write_high_pps_available=0 efa_write_high_pps_requested=0 efa_write_high_pps_effective=0 efa_write_high_pps_verified=0 provider_tx_queue_requested=576 provider_tx_queue_size=576 provider_rx_queue_requested=64 provider_rx_queue_size=64 tx_cq_size=640 tx_cq_required=640 rx_cq_size=128 rx_cq_required=128 tx_cq_batch=64 rx_cq_batch=64 cq_headroom=64 cq_sleep_ns=0 strict_topology=1 selective_completion=0 rma_write_delivery_complete=1 rma_write_more=0 rma_write_more_burst=64
zcofi-rma-connection-warmup: role=server lane=43 provider=efa direction=client-send-server-recv bytes=16 status=received
zcofi-rma-target-lane: worker=43 lane=43 provider=efa endpoint=rdm bind=172.31.47.13 service=49063 control_port=50063 arena_bytes=671088640 remote_addr=0x0000fb1e181e7010 remote_key=0x0000000000100081 max_msg_size=8928 max_rma_size=1073741824 inject_size=32
zcofi-rma-setup-admission: role=server lane=43 order=lane-ascending parallelism=1 phase=endpoint-control-warmup-mr status=complete
zcofi-rma-setup-admission: role=server lane=44 order=lane-ascending parallelism=1 phase=endpoint-control-warmup-mr status=admitted
zcofi-endpoint-profile: provider=efa fabric=efa-direct domain=efa_1-rdm device=efa_1 endpoint_type=3 api_requested=2.0 api_query=2.0 api_returned=2.0 caps=6755399441071878 mode=4503599627370496 mr_mode=116 mr_local=1 mr_virt_addr=1 control_progress=1 data_progress=1 max_msg_size=8928 max_msg_size_query_rc=0 max_rma_size=1073741824 max_rma_size_query_rc=0 inject_size=32 rma_iov_limit=1 efa=1 efa_direct=1 efa_emulated_read=0 efa_emulated_read_query_rc=0 efa_emulated_write=0 efa_emulated_write_query_rc=0 efa_write_high_pps_available=0 efa_write_high_pps_requested=0 efa_write_high_pps_effective=0 efa_write_high_pps_verified=0 provider_tx_queue_requested=576 provider_tx_queue_size=576 provider_rx_queue_requested=64 provider_rx_queue_size=64 tx_cq_size=640 tx_cq_required=640 rx_cq_size=128 rx_cq_required=128 tx_cq_batch=64 rx_cq_batch=64 cq_headroom=64 cq_sleep_ns=0 strict_topology=1 selective_completion=0 rma_write_delivery_complete=1 rma_write_more=0 rma_write_more_burst=64
zcofi-control-server: listen=172.31.47.13:50064 peer=172.31.36.232:57068 local_addr_bytes=32 remote_addr_bytes=32 peer_profile_validated=yes wire_contract=zcofi-rma-window-v4;lanes=48;bytes_per_lane=671088640;extent=4096;cm_warmup=client-send-server-recv;done=operation-plus-payload-digest
zcofi-control-server-peer-profile: provider=efa fabric=efa-direct domain=efa_1-rdm device=efa_1 endpoint_type=3 api_requested=2.0 api_query=2.0 api_returned=2.0 caps=6755399441071878 mode=4503599627370496 mr_mode=116 mr_local=1 mr_virt_addr=1 control_progress=1 data_progress=1 max_msg_size=8928 max_msg_size_query_rc=0 max_rma_size=1073741824 max_rma_size_query_rc=0 inject_size=32 rma_iov_limit=1 efa=1 efa_direct=1 efa_emulated_read=0 efa_emulated_read_query_rc=0 efa_emulated_write=0 efa_emulated_write_query_rc=0 efa_write_high_pps_available=0 efa_write_high_pps_requested=0 efa_write_high_pps_effective=0 efa_write_high_pps_verified=0 provider_tx_queue_requested=576 provider_tx_queue_size=576 provider_rx_queue_requested=64 provider_rx_queue_size=64 tx_cq_size=640 tx_cq_required=640 rx_cq_size=128 rx_cq_required=128 tx_cq_batch=64 rx_cq_batch=64 cq_headroom=64 cq_sleep_ns=0 strict_topology=1 selective_completion=0 rma_write_delivery_complete=1 rma_write_more=0 rma_write_more_burst=64
zcofi-rma-connection-warmup: role=server lane=44 provider=efa direction=client-send-server-recv bytes=16 status=received
zcofi-rma-target-lane: worker=44 lane=44 provider=efa endpoint=rdm bind=172.31.47.13 service=49064 control_port=50064 arena_bytes=671088640 remote_addr=0x0000fb1defc35010 remote_key=0x00000000001000d6 max_msg_size=8928 max_rma_size=1073741824 inject_size=32
zcofi-rma-setup-admission: role=server lane=44 order=lane-ascending parallelism=1 phase=endpoint-control-warmup-mr status=complete
zcofi-rma-setup-admission: role=server lane=45 order=lane-ascending parallelism=1 phase=endpoint-control-warmup-mr status=admitted
zcofi-endpoint-profile: provider=efa fabric=efa-direct domain=efa_1-rdm device=efa_1 endpoint_type=3 api_requested=2.0 api_query=2.0 api_returned=2.0 caps=6755399441071878 mode=4503599627370496 mr_mode=116 mr_local=1 mr_virt_addr=1 control_progress=1 data_progress=1 max_msg_size=8928 max_msg_size_query_rc=0 max_rma_size=1073741824 max_rma_size_query_rc=0 inject_size=32 rma_iov_limit=1 efa=1 efa_direct=1 efa_emulated_read=0 efa_emulated_read_query_rc=0 efa_emulated_write=0 efa_emulated_write_query_rc=0 efa_write_high_pps_available=0 efa_write_high_pps_requested=0 efa_write_high_pps_effective=0 efa_write_high_pps_verified=0 provider_tx_queue_requested=576 provider_tx_queue_size=576 provider_rx_queue_requested=64 provider_rx_queue_size=64 tx_cq_size=640 tx_cq_required=640 rx_cq_size=128 rx_cq_required=128 tx_cq_batch=64 rx_cq_batch=64 cq_headroom=64 cq_sleep_ns=0 strict_topology=1 selective_completion=0 rma_write_delivery_complete=1 rma_write_more=0 rma_write_more_burst=64
zcofi-control-server: listen=172.31.47.13:50065 peer=172.31.36.232:60274 local_addr_bytes=32 remote_addr_bytes=32 peer_profile_validated=yes wire_contract=zcofi-rma-window-v4;lanes=48;bytes_per_lane=671088640;extent=4096;cm_warmup=client-send-server-recv;done=operation-plus-payload-digest
zcofi-control-server-peer-profile: provider=efa fabric=efa-direct domain=efa_1-rdm device=efa_1 endpoint_type=3 api_requested=2.0 api_query=2.0 api_returned=2.0 caps=6755399441071878 mode=4503599627370496 mr_mode=116 mr_local=1 mr_virt_addr=1 control_progress=1 data_progress=1 max_msg_size=8928 max_msg_size_query_rc=0 max_rma_size=1073741824 max_rma_size_query_rc=0 inject_size=32 rma_iov_limit=1 efa=1 efa_direct=1 efa_emulated_read=0 efa_emulated_read_query_rc=0 efa_emulated_write=0 efa_emulated_write_query_rc=0 efa_write_high_pps_available=0 efa_write_high_pps_requested=0 efa_write_high_pps_effective=0 efa_write_high_pps_verified=0 provider_tx_queue_requested=576 provider_tx_queue_size=576 provider_rx_queue_requested=64 provider_rx_queue_size=64 tx_cq_size=640 tx_cq_required=640 rx_cq_size=128 rx_cq_required=128 tx_cq_batch=64 rx_cq_batch=64 cq_headroom=64 cq_sleep_ns=0 strict_topology=1 selective_completion=0 rma_write_delivery_complete=1 rma_write_more=0 rma_write_more_burst=64
zcofi-rma-connection-warmup: role=server lane=45 provider=efa direction=client-send-server-recv bytes=16 status=received
zcofi-rma-target-lane: worker=45 lane=45 provider=efa endpoint=rdm bind=172.31.47.13 service=49065 control_port=50065 arena_bytes=671088640 remote_addr=0x0000fb1dc7683010 remote_key=0x00000000001000e2 max_msg_size=8928 max_rma_size=1073741824 inject_size=32
zcofi-rma-setup-admission: role=server lane=45 order=lane-ascending parallelism=1 phase=endpoint-control-warmup-mr status=complete
zcofi-rma-setup-admission: role=server lane=46 order=lane-ascending parallelism=1 phase=endpoint-control-warmup-mr status=admitted
zcofi-endpoint-profile: provider=efa fabric=efa-direct domain=efa_1-rdm device=efa_1 endpoint_type=3 api_requested=2.0 api_query=2.0 api_returned=2.0 caps=6755399441071878 mode=4503599627370496 mr_mode=116 mr_local=1 mr_virt_addr=1 control_progress=1 data_progress=1 max_msg_size=8928 max_msg_size_query_rc=0 max_rma_size=1073741824 max_rma_size_query_rc=0 inject_size=32 rma_iov_limit=1 efa=1 efa_direct=1 efa_emulated_read=0 efa_emulated_read_query_rc=0 efa_emulated_write=0 efa_emulated_write_query_rc=0 efa_write_high_pps_available=0 efa_write_high_pps_requested=0 efa_write_high_pps_effective=0 efa_write_high_pps_verified=0 provider_tx_queue_requested=576 provider_tx_queue_size=576 provider_rx_queue_requested=64 provider_rx_queue_size=64 tx_cq_size=640 tx_cq_required=640 rx_cq_size=128 rx_cq_required=128 tx_cq_batch=64 rx_cq_batch=64 cq_headroom=64 cq_sleep_ns=0 strict_topology=1 selective_completion=0 rma_write_delivery_complete=1 rma_write_more=0 rma_write_more_burst=64
zcofi-control-server: listen=172.31.47.13:50066 peer=172.31.36.232:36056 local_addr_bytes=32 remote_addr_bytes=32 peer_profile_validated=yes wire_contract=zcofi-rma-window-v4;lanes=48;bytes_per_lane=671088640;extent=4096;cm_warmup=client-send-server-recv;done=operation-plus-payload-digest
zcofi-control-server-peer-profile: provider=efa fabric=efa-direct domain=efa_1-rdm device=efa_1 endpoint_type=3 api_requested=2.0 api_query=2.0 api_returned=2.0 caps=6755399441071878 mode=4503599627370496 mr_mode=116 mr_local=1 mr_virt_addr=1 control_progress=1 data_progress=1 max_msg_size=8928 max_msg_size_query_rc=0 max_rma_size=1073741824 max_rma_size_query_rc=0 inject_size=32 rma_iov_limit=1 efa=1 efa_direct=1 efa_emulated_read=0 efa_emulated_read_query_rc=0 efa_emulated_write=0 efa_emulated_write_query_rc=0 efa_write_high_pps_available=0 efa_write_high_pps_requested=0 efa_write_high_pps_effective=0 efa_write_high_pps_verified=0 provider_tx_queue_requested=576 provider_tx_queue_size=576 provider_rx_queue_requested=64 provider_rx_queue_size=64 tx_cq_size=640 tx_cq_required=640 rx_cq_size=128 rx_cq_required=128 tx_cq_batch=64 rx_cq_batch=64 cq_headroom=64 cq_sleep_ns=0 strict_topology=1 selective_completion=0 rma_write_delivery_complete=1 rma_write_more=0 rma_write_more_burst=64
zcofi-rma-connection-warmup: role=server lane=46 provider=efa direction=client-send-server-recv bytes=16 status=received
zcofi-rma-target-lane: worker=46 lane=46 provider=efa endpoint=rdm bind=172.31.47.13 service=49066 control_port=50066 arena_bytes=671088640 remote_addr=0x0000fb1d9f0d1010 remote_key=0x0000000000400009 max_msg_size=8928 max_rma_size=1073741824 inject_size=32
zcofi-rma-setup-admission: role=server lane=46 order=lane-ascending parallelism=1 phase=endpoint-control-warmup-mr status=complete
zcofi-rma-setup-admission: role=server lane=47 order=lane-ascending parallelism=1 phase=endpoint-control-warmup-mr status=admitted
zcofi-endpoint-profile: provider=efa fabric=efa-direct domain=efa_1-rdm device=efa_1 endpoint_type=3 api_requested=2.0 api_query=2.0 api_returned=2.0 caps=6755399441071878 mode=4503599627370496 mr_mode=116 mr_local=1 mr_virt_addr=1 control_progress=1 data_progress=1 max_msg_size=8928 max_msg_size_query_rc=0 max_rma_size=1073741824 max_rma_size_query_rc=0 inject_size=32 rma_iov_limit=1 efa=1 efa_direct=1 efa_emulated_read=0 efa_emulated_read_query_rc=0 efa_emulated_write=0 efa_emulated_write_query_rc=0 efa_write_high_pps_available=0 efa_write_high_pps_requested=0 efa_write_high_pps_effective=0 efa_write_high_pps_verified=0 provider_tx_queue_requested=576 provider_tx_queue_size=576 provider_rx_queue_requested=64 provider_rx_queue_size=64 tx_cq_size=640 tx_cq_required=640 rx_cq_size=128 rx_cq_required=128 tx_cq_batch=64 rx_cq_batch=64 cq_headroom=64 cq_sleep_ns=0 strict_topology=1 selective_completion=0 rma_write_delivery_complete=1 rma_write_more=0 rma_write_more_burst=64
zcofi-control-server: listen=172.31.47.13:50067 peer=172.31.36.232:43112 local_addr_bytes=32 remote_addr_bytes=32 peer_profile_validated=yes wire_contract=zcofi-rma-window-v4;lanes=48;bytes_per_lane=671088640;extent=4096;cm_warmup=client-send-server-recv;done=operation-plus-payload-digest
zcofi-control-server-peer-profile: provider=efa fabric=efa-direct domain=efa_1-rdm device=efa_1 endpoint_type=3 api_requested=2.0 api_query=2.0 api_returned=2.0 caps=6755399441071878 mode=4503599627370496 mr_mode=116 mr_local=1 mr_virt_addr=1 control_progress=1 data_progress=1 max_msg_size=8928 max_msg_size_query_rc=0 max_rma_size=1073741824 max_rma_size_query_rc=0 inject_size=32 rma_iov_limit=1 efa=1 efa_direct=1 efa_emulated_read=0 efa_emulated_read_query_rc=0 efa_emulated_write=0 efa_emulated_write_query_rc=0 efa_write_high_pps_available=0 efa_write_high_pps_requested=0 efa_write_high_pps_effective=0 efa_write_high_pps_verified=0 provider_tx_queue_requested=576 provider_tx_queue_size=576 provider_rx_queue_requested=64 provider_rx_queue_size=64 tx_cq_size=640 tx_cq_required=640 rx_cq_size=128 rx_cq_required=128 tx_cq_batch=64 rx_cq_batch=64 cq_headroom=64 cq_sleep_ns=0 strict_topology=1 selective_completion=0 rma_write_delivery_complete=1 rma_write_more=0 rma_write_more_burst=64
zcofi-rma-connection-warmup: role=server lane=47 provider=efa direction=client-send-server-recv bytes=16 status=received
zcofi-rma-target-lane: worker=47 lane=47 provider=efa endpoint=rdm bind=172.31.47.13 service=49067 control_port=50067 arena_bytes=671088640 remote_addr=0x0000fb1d76b1f010 remote_key=0x000000000020007a max_msg_size=8928 max_rma_size=1073741824 inject_size=32
zcofi-rma-setup-admission: role=server lane=47 order=lane-ascending parallelism=1 phase=endpoint-control-warmup-mr status=complete
zcofi-rma-target-validation: lane=26 operation=read bytes=671088640 target_fill=0xa5 actual_digest=0x460b08324c222325 status=ok
zcofi-rma-target-validation: lane=22 operation=read bytes=671088640 target_fill=0xa5 actual_digest=0x460b08324c222325 status=ok
zcofi-rma-target-validation: lane=5 operation=read bytes=671088640 target_fill=0xa5 actual_digest=0x460b08324c222325 status=ok
zcofi-rma-target-validation: lane=24 operation=read bytes=671088640 target_fill=0xa5 actual_digest=0x460b08324c222325 status=ok
zcofi-rma-target-validation: lane=8 operation=read bytes=671088640 target_fill=0xa5 actual_digest=0x460b08324c222325 status=ok
zcofi-rma-target-validation: lane=31 operation=read bytes=671088640 target_fill=0xa5 actual_digest=0x460b08324c222325 status=ok
zcofi-rma-target-validation: lane=7 operation=read bytes=671088640 target_fill=0xa5 actual_digest=0x460b08324c222325 status=ok
zcofi-rma-target-validation: lane=20 operation=read bytes=671088640 target_fill=0xa5 actual_digest=0x460b08324c222325 status=ok
zcofi-rma-target-validation: lane=33 operation=read bytes=671088640 target_fill=0xa5 actual_digest=0x460b08324c222325 status=ok
zcofi-rma-target-validation: lane=15 operation=read bytes=671088640 target_fill=0xa5 actual_digest=0x460b08324c222325 status=ok
zcofi-rma-target-validation: lane=38 operation=read bytes=671088640 target_fill=0xa5 actual_digest=0x460b08324c222325 status=ok
zcofi-rma-target-validation: lane=6 operation=read bytes=671088640 target_fill=0xa5 actual_digest=0x460b08324c222325 status=ok
zcofi-rma-target-validation: lane=30 operation=read bytes=671088640 target_fill=0xa5 actual_digest=0x460b08324c222325 status=ok
zcofi-rma-target-validation: lane=21 operation=read bytes=671088640 target_fill=0xa5 actual_digest=0x460b08324c222325 status=ok
zcofi-rma-target-validation: lane=13 operation=read bytes=671088640 target_fill=0xa5 actual_digest=0x460b08324c222325 status=ok
zcofi-rma-target-validation: lane=32 operation=read bytes=671088640 target_fill=0xa5 actual_digest=0x460b08324c222325 status=ok
zcofi-rma-target-validation: lane=34 operation=read bytes=671088640 target_fill=0xa5 actual_digest=0x460b08324c222325 status=ok
zcofi-rma-target-validation: lane=14 operation=read bytes=671088640 target_fill=0xa5 actual_digest=0x460b08324c222325 status=ok
zcofi-rma-target-validation: lane=25 operation=read bytes=671088640 target_fill=0xa5 actual_digest=0x460b08324c222325 status=ok
zcofi-rma-target-validation: lane=36 operation=read bytes=671088640 target_fill=0xa5 actual_digest=0x460b08324c222325 status=ok
zcofi-rma-target-validation: lane=47 operation=read bytes=671088640 target_fill=0xa5 actual_digest=0x460b08324c222325 status=ok
zcofi-rma-target-validation: lane=18 operation=read bytes=671088640 target_fill=0xa5 actual_digest=0x460b08324c222325 status=ok
zcofi-rma-target-validation: lane=3 operation=read bytes=671088640 target_fill=0xa5 actual_digest=0x460b08324c222325 status=ok
zcofi-rma-target-validation: lane=23 operation=read bytes=671088640 target_fill=0xa5 actual_digest=0x460b08324c222325 status=ok
zcofi-rma-target-validation: lane=19 operation=read bytes=671088640 target_fill=0xa5 actual_digest=0x460b08324c222325 status=ok
zcofi-rma-target-validation: lane=41 operation=read bytes=671088640 target_fill=0xa5 actual_digest=0x460b08324c222325 status=ok
zcofi-rma-target-validation: lane=39 operation=read bytes=671088640 target_fill=0xa5 actual_digest=0x460b08324c222325 status=ok
zcofi-rma-target-validation: lane=1 operation=read bytes=671088640 target_fill=0xa5 actual_digest=0x460b08324c222325 status=ok
zcofi-rma-target-validation: lane=16 operation=read bytes=671088640 target_fill=0xa5 actual_digest=0x460b08324c222325 status=ok
zcofi-rma-target-validation: lane=2 operation=read bytes=671088640 target_fill=0xa5 actual_digest=0x460b08324c222325 status=ok
zcofi-rma-target-validation: lane=17 operation=read bytes=671088640 target_fill=0xa5 actual_digest=0x460b08324c222325 status=ok
zcofi-rma-target-validation: lane=12 operation=read bytes=671088640 target_fill=0xa5 actual_digest=0x460b08324c222325 status=ok
zcofi-rma-target-validation: lane=11 operation=read bytes=671088640 target_fill=0xa5 actual_digest=0x460b08324c222325 status=ok
zcofi-rma-target-validation: lane=28 operation=read bytes=671088640 target_fill=0xa5 actual_digest=0x460b08324c222325 status=ok
zcofi-rma-target-validation: lane=27 operation=read bytes=671088640 target_fill=0xa5 actual_digest=0x460b08324c222325 status=ok
zcofi-rma-target-validation: lane=35 operation=read bytes=671088640 target_fill=0xa5 actual_digest=0x460b08324c222325 status=ok
zcofi-rma-target-validation: lane=10 operation=read bytes=671088640 target_fill=0xa5 actual_digest=0x460b08324c222325 status=ok
zcofi-rma-target-validation: lane=37 operation=read bytes=671088640 target_fill=0xa5 actual_digest=0x460b08324c222325 status=ok
zcofi-rma-target-validation: lane=46 operation=read bytes=671088640 target_fill=0xa5 actual_digest=0x460b08324c222325 status=ok
zcofi-rma-target-validation: lane=42 operation=read bytes=671088640 target_fill=0xa5 actual_digest=0x460b08324c222325 status=ok
zcofi-rma-target-validation: lane=29 operation=read bytes=671088640 target_fill=0xa5 actual_digest=0x460b08324c222325 status=ok
zcofi-rma-target-validation: lane=4 operation=read bytes=671088640 target_fill=0xa5 actual_digest=0x460b08324c222325 status=ok
zcofi-rma-target-validation: lane=40 operation=read bytes=671088640 target_fill=0xa5 actual_digest=0x460b08324c222325 status=ok
zcofi-rma-target-validation: lane=43 operation=read bytes=671088640 target_fill=0xa5 actual_digest=0x460b08324c222325 status=ok
zcofi-rma-target-validation: lane=9 operation=read bytes=671088640 target_fill=0xa5 actual_digest=0x460b08324c222325 status=ok
zcofi-rma-target-validation: lane=45 operation=read bytes=671088640 target_fill=0xa5 actual_digest=0x460b08324c222325 status=ok
zcofi-rma-target-validation: lane=0 operation=read bytes=671088640 target_fill=0xa5 actual_digest=0x460b08324c222325 status=ok
zcofi-rma-target-validation: lane=44 operation=read bytes=671088640 target_fill=0xa5 actual_digest=0x460b08324c222325 status=ok
zcofi-endpoint-stats: send_depth=64 send_active=0 send_inflight=0 send_peak=1 send_posts=1 send_completions=1 send_eagain=0 send_retries=0 send_errors=0 recv_depth=64 recv_active=0 recv_inflight=0 recv_peak=1 recv_posts=2 recv_completions=2 recv_eagain=0 recv_retries=0 recv_errors=0 read_depth=256 read_active=0 read_inflight=0 read_peak=0 read_posts=0 read_completions=0 read_eagain=0 read_retries=0 read_errors=0 write_depth=256 write_active=0 write_inflight=0 write_peak=0 write_posts=0 write_completions=0 write_eagain=0 write_retries=0 write_errors=0 tx_cq_polls=639 tx_cq_empty=638 tx_cq_nonempty=1 tx_cq_entries=1 tx_cq_errors=0 tx_cq_sleeps=0 rx_cq_polls=320462691 rx_cq_empty=320462689 rx_cq_nonempty=2 rx_cq_entries=2 rx_cq_errors=0 rx_cq_sleeps=0 send_mr_reg=1 send_mr_close=0 send_mr_hot=0 send_mr_hits=0 recv_mr_reg=2 recv_mr_close=0 recv_mr_hot=0 recv_mr_hits=1 read_mr_reg=0 read_mr_close=0 read_mr_hot=0 read_mr_hits=0 write_mr_reg=0 write_mr_close=0 write_mr_hot=0 write_mr_hits=0 target_mr_reg=1 target_mr_close=0 target_mr_hot=0 inject_posts=0 fatal_rc=0 efa_write_high_pps_available=0 efa_write_high_pps_effective=0 efa_write_high_pps_verified=0 efa_write_high_pps_fallbacks=0 rma_write_delivery_complete=1 rma_write_more=0 rma_write_more_burst=64 rma_write_more_posts=0 rma_write_flush_posts=0 rma_write_forced_flush_posts=0 rma_write_more_followup_eagain=0 rma_write_force_flush=0 tx_cq_avg_cqes_per_nonempty=1.00 rx_cq_avg_cqes_per_nonempty=1.00
zcofi-endpoint-stats: send_depth=64 send_active=0 send_inflight=0 send_peak=1 send_posts=1 send_completions=1 send_eagain=0 send_retries=0 send_errors=0 recv_depth=64 recv_active=0 recv_inflight=0 recv_peak=1 recv_posts=2 recv_completions=2 recv_eagain=0 recv_retries=0 recv_errors=0 read_depth=256 read_active=0 read_inflight=0 read_peak=0 read_posts=0 read_completions=0 read_eagain=0 read_retries=0 read_errors=0 write_depth=256 write_active=0 write_inflight=0 write_peak=0 write_posts=0 write_completions=0 write_eagain=0 write_retries=0 write_errors=0 tx_cq_polls=666 tx_cq_empty=665 tx_cq_nonempty=1 tx_cq_entries=1 tx_cq_errors=0 tx_cq_sleeps=0 rx_cq_polls=382904416 rx_cq_empty=382904414 rx_cq_nonempty=2 rx_cq_entries=2 rx_cq_errors=0 rx_cq_sleeps=0 send_mr_reg=1 send_mr_close=0 send_mr_hot=0 send_mr_hits=0 recv_mr_reg=2 recv_mr_close=0 recv_mr_hot=0 recv_mr_hits=1 read_mr_reg=0 read_mr_close=0 read_mr_hot=0 read_mr_hits=0 write_mr_reg=0 write_mr_close=0 write_mr_hot=0 write_mr_hits=0 target_mr_reg=1 target_mr_close=0 target_mr_hot=0 inject_posts=0 fatal_rc=0 efa_write_high_pps_available=0 efa_write_high_pps_effective=0 efa_write_high_pps_verified=0 efa_write_high_pps_fallbacks=0 rma_write_delivery_complete=1 rma_write_more=0 rma_write_more_burst=64 rma_write_more_posts=0 rma_write_flush_posts=0 rma_write_forced_flush_posts=0 rma_write_more_followup_eagain=0 rma_write_force_flush=0 tx_cq_avg_cqes_per_nonempty=1.00 rx_cq_avg_cqes_per_nonempty=1.00
zcofi-endpoint-stats: send_depth=64 send_active=0 send_inflight=0 send_peak=1 send_posts=1 send_completions=1 send_eagain=0 send_retries=0 send_errors=0 recv_depth=64 recv_active=0 recv_inflight=0 recv_peak=1 recv_posts=2 recv_completions=2 recv_eagain=0 recv_retries=0 recv_errors=0 read_depth=256 read_active=0 read_inflight=0 read_peak=0 read_posts=0 read_completions=0 read_eagain=0 read_retries=0 read_errors=0 write_depth=256 write_active=0 write_inflight=0 write_peak=0 write_posts=0 write_completions=0 write_eagain=0 write_retries=0 write_errors=0 tx_cq_polls=2234 tx_cq_empty=2233 tx_cq_nonempty=1 tx_cq_entries=1 tx_cq_errors=0 tx_cq_sleeps=0 rx_cq_polls=624129682 rx_cq_empty=624129680 rx_cq_nonempty=2 rx_cq_entries=2 rx_cq_errors=0 rx_cq_sleeps=0 send_mr_reg=1 send_mr_close=0 send_mr_hot=0 send_mr_hits=0 recv_mr_reg=2 recv_mr_close=0 recv_mr_hot=0 recv_mr_hits=1 read_mr_reg=0 read_mr_close=0 read_mr_hot=0 read_mr_hits=0 write_mr_reg=0 write_mr_close=0 write_mr_hot=0 write_mr_hits=0 target_mr_reg=1 target_mr_close=0 target_mr_hot=0 inject_posts=0 fatal_rc=0 efa_write_high_pps_available=0 efa_write_high_pps_effective=0 efa_write_high_pps_verified=0 efa_write_high_pps_fallbacks=0 rma_write_delivery_complete=1 rma_write_more=0 rma_write_more_burst=64 rma_write_more_posts=0 rma_write_flush_posts=0 rma_write_forced_flush_posts=0 rma_write_more_followup_eagain=0 rma_write_force_flush=0 tx_cq_avg_cqes_per_nonempty=1.00 rx_cq_avg_cqes_per_nonempty=1.00
zcofi-endpoint-stats: send_depth=64 send_active=0 send_inflight=0 send_peak=1 send_posts=1 send_completions=1 send_eagain=0 send_retries=0 send_errors=0 recv_depth=64 recv_active=0 recv_inflight=0 recv_peak=1 recv_posts=2 recv_completions=2 recv_eagain=0 recv_retries=0 recv_errors=0 read_depth=256 read_active=0 read_inflight=0 read_peak=0 read_posts=0 read_completions=0 read_eagain=0 read_retries=0 read_errors=0 write_depth=256 write_active=0 write_inflight=0 write_peak=0 write_posts=0 write_completions=0 write_eagain=0 write_retries=0 write_errors=0 tx_cq_polls=713 tx_cq_empty=712 tx_cq_nonempty=1 tx_cq_entries=1 tx_cq_errors=0 tx_cq_sleeps=0 rx_cq_polls=358026775 rx_cq_empty=358026773 rx_cq_nonempty=2 rx_cq_entries=2 rx_cq_errors=0 rx_cq_sleeps=0 send_mr_reg=1 send_mr_close=0 send_mr_hot=0 send_mr_hits=0 recv_mr_reg=2 recv_mr_close=0 recv_mr_hot=0 recv_mr_hits=1 read_mr_reg=0 read_mr_close=0 read_mr_hot=0 read_mr_hits=0 write_mr_reg=0 write_mr_close=0 write_mr_hot=0 write_mr_hits=0 target_mr_reg=1 target_mr_close=0 target_mr_hot=0 inject_posts=0 fatal_rc=0 efa_write_high_pps_available=0 efa_write_high_pps_effective=0 efa_write_high_pps_verified=0 efa_write_high_pps_fallbacks=0 rma_write_delivery_complete=1 rma_write_more=0 rma_write_more_burst=64 rma_write_more_posts=0 rma_write_flush_posts=0 rma_write_forced_flush_posts=0 rma_write_more_followup_eagain=0 rma_write_force_flush=0 tx_cq_avg_cqes_per_nonempty=1.00 rx_cq_avg_cqes_per_nonempty=1.00
zcofi-endpoint-stats: send_depth=64 send_active=0 send_inflight=0 send_peak=1 send_posts=1 send_completions=1 send_eagain=0 send_retries=0 send_errors=0 recv_depth=64 recv_active=0 recv_inflight=0 recv_peak=1 recv_posts=2 recv_completions=2 recv_eagain=0 recv_retries=0 recv_errors=0 read_depth=256 read_active=0 read_inflight=0 read_peak=0 read_posts=0 read_completions=0 read_eagain=0 read_retries=0 read_errors=0 write_depth=256 write_active=0 write_inflight=0 write_peak=0 write_posts=0 write_completions=0 write_eagain=0 write_retries=0 write_errors=0 tx_cq_polls=2198 tx_cq_empty=2197 tx_cq_nonempty=1 tx_cq_entries=1 tx_cq_errors=0 tx_cq_sleeps=0 rx_cq_polls=594101086 rx_cq_empty=594101084 rx_cq_nonempty=2 rx_cq_entries=2 rx_cq_errors=0 rx_cq_sleeps=0 send_mr_reg=1 send_mr_close=0 send_mr_hot=0 send_mr_hits=0 recv_mr_reg=2 recv_mr_close=0 recv_mr_hot=0 recv_mr_hits=1 read_mr_reg=0 read_mr_close=0 read_mr_hot=0 read_mr_hits=0 write_mr_reg=0 write_mr_close=0 write_mr_hot=0 write_mr_hits=0 target_mr_reg=1 target_mr_close=0 target_mr_hot=0 inject_posts=0 fatal_rc=0 efa_write_high_pps_available=0 efa_write_high_pps_effective=0 efa_write_high_pps_verified=0 efa_write_high_pps_fallbacks=0 rma_write_delivery_complete=1 rma_write_more=0 rma_write_more_burst=64 rma_write_more_posts=0 rma_write_flush_posts=0 rma_write_forced_flush_posts=0 rma_write_more_followup_eagain=0 rma_write_force_flush=0 tx_cq_avg_cqes_per_nonempty=1.00 rx_cq_avg_cqes_per_nonempty=1.00
zcofi-endpoint-stats: send_depth=64 send_active=0 send_inflight=0 send_peak=1 send_posts=1 send_completions=1 send_eagain=0 send_retries=0 send_errors=0 recv_depth=64 recv_active=0 recv_inflight=0 recv_peak=1 recv_posts=2 recv_completions=2 recv_eagain=0 recv_retries=0 recv_errors=0 read_depth=256 read_active=0 read_inflight=0 read_peak=0 read_posts=0 read_completions=0 read_eagain=0 read_retries=0 read_errors=0 write_depth=256 write_active=0 write_inflight=0 write_peak=0 write_posts=0 write_completions=0 write_eagain=0 write_retries=0 write_errors=0 tx_cq_polls=678 tx_cq_empty=677 tx_cq_nonempty=1 tx_cq_entries=1 tx_cq_errors=0 tx_cq_sleeps=0 rx_cq_polls=253911734 rx_cq_empty=253911732 rx_cq_nonempty=2 rx_cq_entries=2 rx_cq_errors=0 rx_cq_sleeps=0 send_mr_reg=1 send_mr_close=0 send_mr_hot=0 send_mr_hits=0 recv_mr_reg=2 recv_mr_close=0 recv_mr_hot=0 recv_mr_hits=1 read_mr_reg=0 read_mr_close=0 read_mr_hot=0 read_mr_hits=0 write_mr_reg=0 write_mr_close=0 write_mr_hot=0 write_mr_hits=0 target_mr_reg=1 target_mr_close=0 target_mr_hot=0 inject_posts=0 fatal_rc=0 efa_write_high_pps_available=0 efa_write_high_pps_effective=0 efa_write_high_pps_verified=0 efa_write_high_pps_fallbacks=0 rma_write_delivery_complete=1 rma_write_more=0 rma_write_more_burst=64 rma_write_more_posts=0 rma_write_flush_posts=0 rma_write_forced_flush_posts=0 rma_write_more_followup_eagain=0 rma_write_force_flush=0 tx_cq_avg_cqes_per_nonempty=1.00 rx_cq_avg_cqes_per_nonempty=1.00
zcofi-endpoint-stats: send_depth=64 send_active=0 send_inflight=0 send_peak=1 send_posts=1 send_completions=1 send_eagain=0 send_retries=0 send_errors=0 recv_depth=64 recv_active=0 recv_inflight=0 recv_peak=1 recv_posts=2 recv_completions=2 recv_eagain=0 recv_retries=0 recv_errors=0 read_depth=256 read_active=0 read_inflight=0 read_peak=0 read_posts=0 read_completions=0 read_eagain=0 read_retries=0 read_errors=0 write_depth=256 write_active=0 write_inflight=0 write_peak=0 write_posts=0 write_completions=0 write_eagain=0 write_retries=0 write_errors=0 tx_cq_polls=2144 tx_cq_empty=2143 tx_cq_nonempty=1 tx_cq_entries=1 tx_cq_errors=0 tx_cq_sleeps=0 rx_cq_polls=607832612 rx_cq_empty=607832610 rx_cq_nonempty=2 rx_cq_entries=2 rx_cq_errors=0 rx_cq_sleeps=0 send_mr_reg=1 send_mr_close=0 send_mr_hot=0 send_mr_hits=0 recv_mr_reg=2 recv_mr_close=0 recv_mr_hot=0 recv_mr_hits=1 read_mr_reg=0 read_mr_close=0 read_mr_hot=0 read_mr_hits=0 write_mr_reg=0 write_mr_close=0 write_mr_hot=0 write_mr_hits=0 target_mr_reg=1 target_mr_close=0 target_mr_hot=0 inject_posts=0 fatal_rc=0 efa_write_high_pps_available=0 efa_write_high_pps_effective=0 efa_write_high_pps_verified=0 efa_write_high_pps_fallbacks=0 rma_write_delivery_complete=1 rma_write_more=0 rma_write_more_burst=64 rma_write_more_posts=0 rma_write_flush_posts=0 rma_write_forced_flush_posts=0 rma_write_more_followup_eagain=0 rma_write_force_flush=0 tx_cq_avg_cqes_per_nonempty=1.00 rx_cq_avg_cqes_per_nonempty=1.00
zcofi-endpoint-stats: send_depth=64 send_active=0 send_inflight=0 send_peak=1 send_posts=1 send_completions=1 send_eagain=0 send_retries=0 send_errors=0 recv_depth=64 recv_active=0 recv_inflight=0 recv_peak=1 recv_posts=2 recv_completions=2 recv_eagain=0 recv_retries=0 recv_errors=0 read_depth=256 read_active=0 read_inflight=0 read_peak=0 read_posts=0 read_completions=0 read_eagain=0 read_retries=0 read_errors=0 write_depth=256 write_active=0 write_inflight=0 write_peak=0 write_posts=0 write_completions=0 write_eagain=0 write_retries=0 write_errors=0 tx_cq_polls=680 tx_cq_empty=679 tx_cq_nonempty=1 tx_cq_entries=1 tx_cq_errors=0 tx_cq_sleeps=0 rx_cq_polls=411642966 rx_cq_empty=411642964 rx_cq_nonempty=2 rx_cq_entries=2 rx_cq_errors=0 rx_cq_sleeps=0 send_mr_reg=1 send_mr_close=0 send_mr_hot=0 send_mr_hits=0 recv_mr_reg=2 recv_mr_close=0 recv_mr_hot=0 recv_mr_hits=1 read_mr_reg=0 read_mr_close=0 read_mr_hot=0 read_mr_hits=0 write_mr_reg=0 write_mr_close=0 write_mr_hot=0 write_mr_hits=0 target_mr_reg=1 target_mr_close=0 target_mr_hot=0 inject_posts=0 fatal_rc=0 efa_write_high_pps_available=0 efa_write_high_pps_effective=0 efa_write_high_pps_verified=0 efa_write_high_pps_fallbacks=0 rma_write_delivery_complete=1 rma_write_more=0 rma_write_more_burst=64 rma_write_more_posts=0 rma_write_flush_posts=0 rma_write_forced_flush_posts=0 rma_write_more_followup_eagain=0 rma_write_force_flush=0 tx_cq_avg_cqes_per_nonempty=1.00 rx_cq_avg_cqes_per_nonempty=1.00
zcofi-endpoint-stats: send_depth=64 send_active=0 send_inflight=0 send_peak=1 send_posts=1 send_completions=1 send_eagain=0 send_retries=0 send_errors=0 recv_depth=64 recv_active=0 recv_inflight=0 recv_peak=1 recv_posts=2 recv_completions=2 recv_eagain=0 recv_retries=0 recv_errors=0 read_depth=256 read_active=0 read_inflight=0 read_peak=0 read_posts=0 read_completions=0 read_eagain=0 read_retries=0 read_errors=0 write_depth=256 write_active=0 write_inflight=0 write_peak=0 write_posts=0 write_completions=0 write_eagain=0 write_retries=0 write_errors=0 tx_cq_polls=666 tx_cq_empty=665 tx_cq_nonempty=1 tx_cq_entries=1 tx_cq_errors=0 tx_cq_sleeps=0 rx_cq_polls=221879785 rx_cq_empty=221879783 rx_cq_nonempty=2 rx_cq_entries=2 rx_cq_errors=0 rx_cq_sleeps=0 send_mr_reg=1 send_mr_close=0 send_mr_hot=0 send_mr_hits=0 recv_mr_reg=2 recv_mr_close=0 recv_mr_hot=0 recv_mr_hits=1 read_mr_reg=0 read_mr_close=0 read_mr_hot=0 read_mr_hits=0 write_mr_reg=0 write_mr_close=0 write_mr_hot=0 write_mr_hits=0 target_mr_reg=1 target_mr_close=0 target_mr_hot=0 inject_posts=0 fatal_rc=0 efa_write_high_pps_available=0 efa_write_high_pps_effective=0 efa_write_high_pps_verified=0 efa_write_high_pps_fallbacks=0 rma_write_delivery_complete=1 rma_write_more=0 rma_write_more_burst=64 rma_write_more_posts=0 rma_write_flush_posts=0 rma_write_forced_flush_posts=0 rma_write_more_followup_eagain=0 rma_write_force_flush=0 tx_cq_avg_cqes_per_nonempty=1.00 rx_cq_avg_cqes_per_nonempty=1.00
zcofi-endpoint-stats: send_depth=64 send_active=0 send_inflight=0 send_peak=1 send_posts=1 send_completions=1 send_eagain=0 send_retries=0 send_errors=0 recv_depth=64 recv_active=0 recv_inflight=0 recv_peak=1 recv_posts=2 recv_completions=2 recv_eagain=0 recv_retries=0 recv_errors=0 read_depth=256 read_active=0 read_inflight=0 read_peak=0 read_posts=0 read_completions=0 read_eagain=0 read_retries=0 read_errors=0 write_depth=256 write_active=0 write_inflight=0 write_peak=0 write_posts=0 write_completions=0 write_eagain=0 write_retries=0 write_errors=0 tx_cq_polls=2016 tx_cq_empty=2015 tx_cq_nonempty=1 tx_cq_entries=1 tx_cq_errors=0 tx_cq_sleeps=0 rx_cq_polls=490918192 rx_cq_empty=490918190 rx_cq_nonempty=2 rx_cq_entries=2 rx_cq_errors=0 rx_cq_sleeps=0 send_mr_reg=1 send_mr_close=0 send_mr_hot=0 send_mr_hits=0 recv_mr_reg=2 recv_mr_close=0 recv_mr_hot=0 recv_mr_hits=1 read_mr_reg=0 read_mr_close=0 read_mr_hot=0 read_mr_hits=0 write_mr_reg=0 write_mr_close=0 write_mr_hot=0 write_mr_hits=0 target_mr_reg=1 target_mr_close=0 target_mr_hot=0 inject_posts=0 fatal_rc=0 efa_write_high_pps_available=0 efa_write_high_pps_effective=0 efa_write_high_pps_verified=0 efa_write_high_pps_fallbacks=0 rma_write_delivery_complete=1 rma_write_more=0 rma_write_more_burst=64 rma_write_more_posts=0 rma_write_flush_posts=0 rma_write_forced_flush_posts=0 rma_write_more_followup_eagain=0 rma_write_force_flush=0 tx_cq_avg_cqes_per_nonempty=1.00 rx_cq_avg_cqes_per_nonempty=1.00
zcofi-endpoint-stats: send_depth=64 send_active=0 send_inflight=0 send_peak=1 send_posts=1 send_completions=1 send_eagain=0 send_retries=0 send_errors=0 recv_depth=64 recv_active=0 recv_inflight=0 recv_peak=1 recv_posts=2 recv_completions=2 recv_eagain=0 recv_retries=0 recv_errors=0 read_depth=256 read_active=0 read_inflight=0 read_peak=0 read_posts=0 read_completions=0 read_eagain=0 read_retries=0 read_errors=0 write_depth=256 write_active=0 write_inflight=0 write_peak=0 write_posts=0 write_completions=0 write_eagain=0 write_retries=0 write_errors=0 tx_cq_polls=584 tx_cq_empty=583 tx_cq_nonempty=1 tx_cq_entries=1 tx_cq_errors=0 tx_cq_sleeps=0 rx_cq_polls=146704457 rx_cq_empty=146704455 rx_cq_nonempty=2 rx_cq_entries=2 rx_cq_errors=0 rx_cq_sleeps=0 send_mr_reg=1 send_mr_close=0 send_mr_hot=0 send_mr_hits=0 recv_mr_reg=2 recv_mr_close=0 recv_mr_hot=0 recv_mr_hits=1 read_mr_reg=0 read_mr_close=0 read_mr_hot=0 read_mr_hits=0 write_mr_reg=0 write_mr_close=0 write_mr_hot=0 write_mr_hits=0 target_mr_reg=1 target_mr_close=0 target_mr_hot=0 inject_posts=0 fatal_rc=0 efa_write_high_pps_available=0 efa_write_high_pps_effective=0 efa_write_high_pps_verified=0 efa_write_high_pps_fallbacks=0 rma_write_delivery_complete=1 rma_write_more=0 rma_write_more_burst=64 rma_write_more_posts=0 rma_write_flush_posts=0 rma_write_forced_flush_posts=0 rma_write_more_followup_eagain=0 rma_write_force_flush=0 tx_cq_avg_cqes_per_nonempty=1.00 rx_cq_avg_cqes_per_nonempty=1.00
zcofi-endpoint-stats: send_depth=64 send_active=0 send_inflight=0 send_peak=1 send_posts=1 send_completions=1 send_eagain=0 send_retries=0 send_errors=0 recv_depth=64 recv_active=0 recv_inflight=0 recv_peak=1 recv_posts=2 recv_completions=2 recv_eagain=0 recv_retries=0 recv_errors=0 read_depth=256 read_active=0 read_inflight=0 read_peak=0 read_posts=0 read_completions=0 read_eagain=0 read_retries=0 read_errors=0 write_depth=256 write_active=0 write_inflight=0 write_peak=0 write_posts=0 write_completions=0 write_eagain=0 write_retries=0 write_errors=0 tx_cq_polls=2151 tx_cq_empty=2150 tx_cq_nonempty=1 tx_cq_entries=1 tx_cq_errors=0 tx_cq_sleeps=0 rx_cq_polls=616895322 rx_cq_empty=616895320 rx_cq_nonempty=2 rx_cq_entries=2 rx_cq_errors=0 rx_cq_sleeps=0 send_mr_reg=1 send_mr_close=0 send_mr_hot=0 send_mr_hits=0 recv_mr_reg=2 recv_mr_close=0 recv_mr_hot=0 recv_mr_hits=1 read_mr_reg=0 read_mr_close=0 read_mr_hot=0 read_mr_hits=0 write_mr_reg=0 write_mr_close=0 write_mr_hot=0 write_mr_hits=0 target_mr_reg=1 target_mr_close=0 target_mr_hot=0 inject_posts=0 fatal_rc=0 efa_write_high_pps_available=0 efa_write_high_pps_effective=0 efa_write_high_pps_verified=0 efa_write_high_pps_fallbacks=0 rma_write_delivery_complete=1 rma_write_more=0 rma_write_more_burst=64 rma_write_more_posts=0 rma_write_flush_posts=0 rma_write_forced_flush_posts=0 rma_write_more_followup_eagain=0 rma_write_force_flush=0 tx_cq_avg_cqes_per_nonempty=1.00 rx_cq_avg_cqes_per_nonempty=1.00
zcofi-endpoint-stats: send_depth=64 send_active=0 send_inflight=0 send_peak=1 send_posts=1 send_completions=1 send_eagain=0 send_retries=0 send_errors=0 recv_depth=64 recv_active=0 recv_inflight=0 recv_peak=1 recv_posts=2 recv_completions=2 recv_eagain=0 recv_retries=0 recv_errors=0 read_depth=256 read_active=0 read_inflight=0 read_peak=0 read_posts=0 read_completions=0 read_eagain=0 read_retries=0 read_errors=0 write_depth=256 write_active=0 write_inflight=0 write_peak=0 write_posts=0 write_completions=0 write_eagain=0 write_retries=0 write_errors=0 tx_cq_polls=642 tx_cq_empty=641 tx_cq_nonempty=1 tx_cq_entries=1 tx_cq_errors=0 tx_cq_sleeps=0 rx_cq_polls=401395547 rx_cq_empty=401395545 rx_cq_nonempty=2 rx_cq_entries=2 rx_cq_errors=0 rx_cq_sleeps=0 send_mr_reg=1 send_mr_close=0 send_mr_hot=0 send_mr_hits=0 recv_mr_reg=2 recv_mr_close=0 recv_mr_hot=0 recv_mr_hits=1 read_mr_reg=0 read_mr_close=0 read_mr_hot=0 read_mr_hits=0 write_mr_reg=0 write_mr_close=0 write_mr_hot=0 write_mr_hits=0 target_mr_reg=1 target_mr_close=0 target_mr_hot=0 inject_posts=0 fatal_rc=0 efa_write_high_pps_available=0 efa_write_high_pps_effective=0 efa_write_high_pps_verified=0 efa_write_high_pps_fallbacks=0 rma_write_delivery_complete=1 rma_write_more=0 rma_write_more_burst=64 rma_write_more_posts=0 rma_write_flush_posts=0 rma_write_forced_flush_posts=0 rma_write_more_followup_eagain=0 rma_write_force_flush=0 tx_cq_avg_cqes_per_nonempty=1.00 rx_cq_avg_cqes_per_nonempty=1.00
zcofi-endpoint-stats: send_depth=64 send_active=0 send_inflight=0 send_peak=1 send_posts=1 send_completions=1 send_eagain=0 send_retries=0 send_errors=0 recv_depth=64 recv_active=0 recv_inflight=0 recv_peak=1 recv_posts=2 recv_completions=2 recv_eagain=0 recv_retries=0 recv_errors=0 read_depth=256 read_active=0 read_inflight=0 read_peak=0 read_posts=0 read_completions=0 read_eagain=0 read_retries=0 read_errors=0 write_depth=256 write_active=0 write_inflight=0 write_peak=0 write_posts=0 write_completions=0 write_eagain=0 write_retries=0 write_errors=0 tx_cq_polls=646 tx_cq_empty=645 tx_cq_nonempty=1 tx_cq_entries=1 tx_cq_errors=0 tx_cq_sleeps=0 rx_cq_polls=262787336 rx_cq_empty=262787334 rx_cq_nonempty=2 rx_cq_entries=2 rx_cq_errors=0 rx_cq_sleeps=0 send_mr_reg=1 send_mr_close=0 send_mr_hot=0 send_mr_hits=0 recv_mr_reg=2 recv_mr_close=0 recv_mr_hot=0 recv_mr_hits=1 read_mr_reg=0 read_mr_close=0 read_mr_hot=0 read_mr_hits=0 write_mr_reg=0 write_mr_close=0 write_mr_hot=0 write_mr_hits=0 target_mr_reg=1 target_mr_close=0 target_mr_hot=0 inject_posts=0 fatal_rc=0 efa_write_high_pps_available=0 efa_write_high_pps_effective=0 efa_write_high_pps_verified=0 efa_write_high_pps_fallbacks=0 rma_write_delivery_complete=1 rma_write_more=0 rma_write_more_burst=64 rma_write_more_posts=0 rma_write_flush_posts=0 rma_write_forced_flush_posts=0 rma_write_more_followup_eagain=0 rma_write_force_flush=0 tx_cq_avg_cqes_per_nonempty=1.00 rx_cq_avg_cqes_per_nonempty=1.00
zcofi-endpoint-stats: send_depth=64 send_active=0 send_inflight=0 send_peak=1 send_posts=1 send_completions=1 send_eagain=0 send_retries=0 send_errors=0 recv_depth=64 recv_active=0 recv_inflight=0 recv_peak=1 recv_posts=2 recv_completions=2 recv_eagain=0 recv_retries=0 recv_errors=0 read_depth=256 read_active=0 read_inflight=0 read_peak=0 read_posts=0 read_completions=0 read_eagain=0 read_retries=0 read_errors=0 write_depth=256 write_active=0 write_inflight=0 write_peak=0 write_posts=0 write_completions=0 write_eagain=0 write_retries=0 write_errors=0 tx_cq_polls=2175 tx_cq_empty=2174 tx_cq_nonempty=1 tx_cq_entries=1 tx_cq_errors=0 tx_cq_sleeps=0 rx_cq_polls=513740846 rx_cq_empty=513740844 rx_cq_nonempty=2 rx_cq_entries=2 rx_cq_errors=0 rx_cq_sleeps=0 send_mr_reg=1 send_mr_close=0 send_mr_hot=0 send_mr_hits=0 recv_mr_reg=2 recv_mr_close=0 recv_mr_hot=0 recv_mr_hits=1 read_mr_reg=0 read_mr_close=0 read_mr_hot=0 read_mr_hits=0 write_mr_reg=0 write_mr_close=0 write_mr_hot=0 write_mr_hits=0 target_mr_reg=1 target_mr_close=0 target_mr_hot=0 inject_posts=0 fatal_rc=0 efa_write_high_pps_available=0 efa_write_high_pps_effective=0 efa_write_high_pps_verified=0 efa_write_high_pps_fallbacks=0 rma_write_delivery_complete=1 rma_write_more=0 rma_write_more_burst=64 rma_write_more_posts=0 rma_write_flush_posts=0 rma_write_forced_flush_posts=0 rma_write_more_followup_eagain=0 rma_write_force_flush=0 tx_cq_avg_cqes_per_nonempty=1.00 rx_cq_avg_cqes_per_nonempty=1.00
zcofi-endpoint-stats: send_depth=64 send_active=0 send_inflight=0 send_peak=1 send_posts=1 send_completions=1 send_eagain=0 send_retries=0 send_errors=0 recv_depth=64 recv_active=0 recv_inflight=0 recv_peak=1 recv_posts=2 recv_completions=2 recv_eagain=0 recv_retries=0 recv_errors=0 read_depth=256 read_active=0 read_inflight=0 read_peak=0 read_posts=0 read_completions=0 read_eagain=0 read_retries=0 read_errors=0 write_depth=256 write_active=0 write_inflight=0 write_peak=0 write_posts=0 write_completions=0 write_eagain=0 write_retries=0 write_errors=0 tx_cq_polls=663 tx_cq_empty=662 tx_cq_nonempty=1 tx_cq_entries=1 tx_cq_errors=0 tx_cq_sleeps=0 rx_cq_polls=238679711 rx_cq_empty=238679709 rx_cq_nonempty=2 rx_cq_entries=2 rx_cq_errors=0 rx_cq_sleeps=0 send_mr_reg=1 send_mr_close=0 send_mr_hot=0 send_mr_hits=0 recv_mr_reg=2 recv_mr_close=0 recv_mr_hot=0 recv_mr_hits=1 read_mr_reg=0 read_mr_close=0 read_mr_hot=0 read_mr_hits=0 write_mr_reg=0 write_mr_close=0 write_mr_hot=0 write_mr_hits=0 target_mr_reg=1 target_mr_close=0 target_mr_hot=0 inject_posts=0 fatal_rc=0 efa_write_high_pps_available=0 efa_write_high_pps_effective=0 efa_write_high_pps_verified=0 efa_write_high_pps_fallbacks=0 rma_write_delivery_complete=1 rma_write_more=0 rma_write_more_burst=64 rma_write_more_posts=0 rma_write_flush_posts=0 rma_write_forced_flush_posts=0 rma_write_more_followup_eagain=0 rma_write_force_flush=0 tx_cq_avg_cqes_per_nonempty=1.00 rx_cq_avg_cqes_per_nonempty=1.00
zcofi-endpoint-stats: send_depth=64 send_active=0 send_inflight=0 send_peak=1 send_posts=1 send_completions=1 send_eagain=0 send_retries=0 send_errors=0 recv_depth=64 recv_active=0 recv_inflight=0 recv_peak=1 recv_posts=2 recv_completions=2 recv_eagain=0 recv_retries=0 recv_errors=0 read_depth=256 read_active=0 read_inflight=0 read_peak=0 read_posts=0 read_completions=0 read_eagain=0 read_retries=0 read_errors=0 write_depth=256 write_active=0 write_inflight=0 write_peak=0 write_posts=0 write_completions=0 write_eagain=0 write_retries=0 write_errors=0 tx_cq_polls=614 tx_cq_empty=613 tx_cq_nonempty=1 tx_cq_entries=1 tx_cq_errors=0 tx_cq_sleeps=0 rx_cq_polls=206740655 rx_cq_empty=206740653 rx_cq_nonempty=2 rx_cq_entries=2 rx_cq_errors=0 rx_cq_sleeps=0 send_mr_reg=1 send_mr_close=0 send_mr_hot=0 send_mr_hits=0 recv_mr_reg=2 recv_mr_close=0 recv_mr_hot=0 recv_mr_hits=1 read_mr_reg=0 read_mr_close=0 read_mr_hot=0 read_mr_hits=0 write_mr_reg=0 write_mr_close=0 write_mr_hot=0 write_mr_hits=0 target_mr_reg=1 target_mr_close=0 target_mr_hot=0 inject_posts=0 fatal_rc=0 efa_write_high_pps_available=0 efa_write_high_pps_effective=0 efa_write_high_pps_verified=0 efa_write_high_pps_fallbacks=0 rma_write_delivery_complete=1 rma_write_more=0 rma_write_more_burst=64 rma_write_more_posts=0 rma_write_flush_posts=0 rma_write_forced_flush_posts=0 rma_write_more_followup_eagain=0 rma_write_force_flush=0 tx_cq_avg_cqes_per_nonempty=1.00 rx_cq_avg_cqes_per_nonempty=1.00
zcofi-endpoint-stats: send_depth=64 send_active=0 send_inflight=0 send_peak=1 send_posts=1 send_completions=1 send_eagain=0 send_retries=0 send_errors=0 recv_depth=64 recv_active=0 recv_inflight=0 recv_peak=1 recv_posts=2 recv_completions=2 recv_eagain=0 recv_retries=0 recv_errors=0 read_depth=256 read_active=0 read_inflight=0 read_peak=0 read_posts=0 read_completions=0 read_eagain=0 read_retries=0 read_errors=0 write_depth=256 write_active=0 write_inflight=0 write_peak=0 write_posts=0 write_completions=0 write_eagain=0 write_retries=0 write_errors=0 tx_cq_polls=2066 tx_cq_empty=2065 tx_cq_nonempty=1 tx_cq_entries=1 tx_cq_errors=0 tx_cq_sleeps=0 rx_cq_polls=498884044 rx_cq_empty=498884042 rx_cq_nonempty=2 rx_cq_entries=2 rx_cq_errors=0 rx_cq_sleeps=0 send_mr_reg=1 send_mr_close=0 send_mr_hot=0 send_mr_hits=0 recv_mr_reg=2 recv_mr_close=0 recv_mr_hot=0 recv_mr_hits=1 read_mr_reg=0 read_mr_close=0 read_mr_hot=0 read_mr_hits=0 write_mr_reg=0 write_mr_close=0 write_mr_hot=0 write_mr_hits=0 target_mr_reg=1 target_mr_close=0 target_mr_hot=0 inject_posts=0 fatal_rc=0 efa_write_high_pps_available=0 efa_write_high_pps_effective=0 efa_write_high_pps_verified=0 efa_write_high_pps_fallbacks=0 rma_write_delivery_complete=1 rma_write_more=0 rma_write_more_burst=64 rma_write_more_posts=0 rma_write_flush_posts=0 rma_write_forced_flush_posts=0 rma_write_more_followup_eagain=0 rma_write_force_flush=0 tx_cq_avg_cqes_per_nonempty=1.00 rx_cq_avg_cqes_per_nonempty=1.00
zcofi-endpoint-stats: send_depth=64 send_active=0 send_inflight=0 send_peak=1 send_posts=1 send_completions=1 send_eagain=0 send_retries=0 send_errors=0 recv_depth=64 recv_active=0 recv_inflight=0 recv_peak=1 recv_posts=2 recv_completions=2 recv_eagain=0 recv_retries=0 recv_errors=0 read_depth=256 read_active=0 read_inflight=0 read_peak=0 read_posts=0 read_completions=0 read_eagain=0 read_retries=0 read_errors=0 write_depth=256 write_active=0 write_inflight=0 write_peak=0 write_posts=0 write_completions=0 write_eagain=0 write_retries=0 write_errors=0 tx_cq_polls=657 tx_cq_empty=656 tx_cq_nonempty=1 tx_cq_entries=1 tx_cq_errors=0 tx_cq_sleeps=0 rx_cq_polls=338217958 rx_cq_empty=338217956 rx_cq_nonempty=2 rx_cq_entries=2 rx_cq_errors=0 rx_cq_sleeps=0 send_mr_reg=1 send_mr_close=0 send_mr_hot=0 send_mr_hits=0 recv_mr_reg=2 recv_mr_close=0 recv_mr_hot=0 recv_mr_hits=1 read_mr_reg=0 read_mr_close=0 read_mr_hot=0 read_mr_hits=0 write_mr_reg=0 write_mr_close=0 write_mr_hot=0 write_mr_hits=0 target_mr_reg=1 target_mr_close=0 target_mr_hot=0 inject_posts=0 fatal_rc=0 efa_write_high_pps_available=0 efa_write_high_pps_effective=0 efa_write_high_pps_verified=0 efa_write_high_pps_fallbacks=0 rma_write_delivery_complete=1 rma_write_more=0 rma_write_more_burst=64 rma_write_more_posts=0 rma_write_flush_posts=0 rma_write_forced_flush_posts=0 rma_write_more_followup_eagain=0 rma_write_force_flush=0 tx_cq_avg_cqes_per_nonempty=1.00 rx_cq_avg_cqes_per_nonempty=1.00
zcofi-endpoint-stats: send_depth=64 send_active=0 send_inflight=0 send_peak=1 send_posts=1 send_completions=1 send_eagain=0 send_retries=0 send_errors=0 recv_depth=64 recv_active=0 recv_inflight=0 recv_peak=1 recv_posts=2 recv_completions=2 recv_eagain=0 recv_retries=0 recv_errors=0 read_depth=256 read_active=0 read_inflight=0 read_peak=0 read_posts=0 read_completions=0 read_eagain=0 read_retries=0 read_errors=0 write_depth=256 write_active=0 write_inflight=0 write_peak=0 write_posts=0 write_completions=0 write_eagain=0 write_retries=0 write_errors=0 tx_cq_polls=619 tx_cq_empty=618 tx_cq_nonempty=1 tx_cq_entries=1 tx_cq_errors=0 tx_cq_sleeps=0 rx_cq_polls=177413163 rx_cq_empty=177413161 rx_cq_nonempty=2 rx_cq_entries=2 rx_cq_errors=0 rx_cq_sleeps=0 send_mr_reg=1 send_mr_close=0 send_mr_hot=0 send_mr_hits=0 recv_mr_reg=2 recv_mr_close=0 recv_mr_hot=0 recv_mr_hits=1 read_mr_reg=0 read_mr_close=0 read_mr_hot=0 read_mr_hits=0 write_mr_reg=0 write_mr_close=0 write_mr_hot=0 write_mr_hits=0 target_mr_reg=1 target_mr_close=0 target_mr_hot=0 inject_posts=0 fatal_rc=0 efa_write_high_pps_available=0 efa_write_high_pps_effective=0 efa_write_high_pps_verified=0 efa_write_high_pps_fallbacks=0 rma_write_delivery_complete=1 rma_write_more=0 rma_write_more_burst=64 rma_write_more_posts=0 rma_write_flush_posts=0 rma_write_forced_flush_posts=0 rma_write_more_followup_eagain=0 rma_write_force_flush=0 tx_cq_avg_cqes_per_nonempty=1.00 rx_cq_avg_cqes_per_nonempty=1.00
zcofi-endpoint-stats: send_depth=64 send_active=0 send_inflight=0 send_peak=1 send_posts=1 send_completions=1 send_eagain=0 send_retries=0 send_errors=0 recv_depth=64 recv_active=0 recv_inflight=0 recv_peak=1 recv_posts=2 recv_completions=2 recv_eagain=0 recv_retries=0 recv_errors=0 read_depth=256 read_active=0 read_inflight=0 read_peak=0 read_posts=0 read_completions=0 read_eagain=0 read_retries=0 read_errors=0 write_depth=256 write_active=0 write_inflight=0 write_peak=0 write_posts=0 write_completions=0 write_eagain=0 write_retries=0 write_errors=0 tx_cq_polls=628 tx_cq_empty=627 tx_cq_nonempty=1 tx_cq_entries=1 tx_cq_errors=0 tx_cq_sleeps=0 rx_cq_polls=16702648 rx_cq_empty=16702646 rx_cq_nonempty=2 rx_cq_entries=2 rx_cq_errors=0 rx_cq_sleeps=0 send_mr_reg=1 send_mr_close=0 send_mr_hot=0 send_mr_hits=0 recv_mr_reg=2 recv_mr_close=0 recv_mr_hot=0 recv_mr_hits=1 read_mr_reg=0 read_mr_close=0 read_mr_hot=0 read_mr_hits=0 write_mr_reg=0 write_mr_close=0 write_mr_hot=0 write_mr_hits=0 target_mr_reg=1 target_mr_close=0 target_mr_hot=0 inject_posts=0 fatal_rc=0 efa_write_high_pps_available=0 efa_write_high_pps_effective=0 efa_write_high_pps_verified=0 efa_write_high_pps_fallbacks=0 rma_write_delivery_complete=1 rma_write_more=0 rma_write_more_burst=64 rma_write_more_posts=0 rma_write_flush_posts=0 rma_write_forced_flush_posts=0 rma_write_more_followup_eagain=0 rma_write_force_flush=0 tx_cq_avg_cqes_per_nonempty=1.00 rx_cq_avg_cqes_per_nonempty=1.00
zcofi-endpoint-stats: send_depth=64 send_active=0 send_inflight=0 send_peak=1 send_posts=1 send_completions=1 send_eagain=0 send_retries=0 send_errors=0 recv_depth=64 recv_active=0 recv_inflight=0 recv_peak=1 recv_posts=2 recv_completions=2 recv_eagain=0 recv_retries=0 recv_errors=0 read_depth=256 read_active=0 read_inflight=0 read_peak=0 read_posts=0 read_completions=0 read_eagain=0 read_retries=0 read_errors=0 write_depth=256 write_active=0 write_inflight=0 write_peak=0 write_posts=0 write_completions=0 write_eagain=0 write_retries=0 write_errors=0 tx_cq_polls=658 tx_cq_empty=657 tx_cq_nonempty=1 tx_cq_entries=1 tx_cq_errors=0 tx_cq_sleeps=0 rx_cq_polls=446610238 rx_cq_empty=446610236 rx_cq_nonempty=2 rx_cq_entries=2 rx_cq_errors=0 rx_cq_sleeps=0 send_mr_reg=1 send_mr_close=0 send_mr_hot=0 send_mr_hits=0 recv_mr_reg=2 recv_mr_close=0 recv_mr_hot=0 recv_mr_hits=1 read_mr_reg=0 read_mr_close=0 read_mr_hot=0 read_mr_hits=0 write_mr_reg=0 write_mr_close=0 write_mr_hot=0 write_mr_hits=0 target_mr_reg=1 target_mr_close=0 target_mr_hot=0 inject_posts=0 fatal_rc=0 efa_write_high_pps_available=0 efa_write_high_pps_effective=0 efa_write_high_pps_verified=0 efa_write_high_pps_fallbacks=0 rma_write_delivery_complete=1 rma_write_more=0 rma_write_more_burst=64 rma_write_more_posts=0 rma_write_flush_posts=0 rma_write_forced_flush_posts=0 rma_write_more_followup_eagain=0 rma_write_force_flush=0 tx_cq_avg_cqes_per_nonempty=1.00 rx_cq_avg_cqes_per_nonempty=1.00
zcofi-endpoint-stats: send_depth=64 send_active=0 send_inflight=0 send_peak=1 send_posts=1 send_completions=1 send_eagain=0 send_retries=0 send_errors=0 recv_depth=64 recv_active=0 recv_inflight=0 recv_peak=1 recv_posts=2 recv_completions=2 recv_eagain=0 recv_retries=0 recv_errors=0 read_depth=256 read_active=0 read_inflight=0 read_peak=0 read_posts=0 read_completions=0 read_eagain=0 read_retries=0 read_errors=0 write_depth=256 write_active=0 write_inflight=0 write_peak=0 write_posts=0 write_completions=0 write_eagain=0 write_retries=0 write_errors=0 tx_cq_polls=2198 tx_cq_empty=2197 tx_cq_nonempty=1 tx_cq_entries=1 tx_cq_errors=0 tx_cq_sleeps=0 rx_cq_polls=661177673 rx_cq_empty=661177671 rx_cq_nonempty=2 rx_cq_entries=2 rx_cq_errors=0 rx_cq_sleeps=0 send_mr_reg=1 send_mr_close=0 send_mr_hot=0 send_mr_hits=0 recv_mr_reg=2 recv_mr_close=0 recv_mr_hot=0 recv_mr_hits=1 read_mr_reg=0 read_mr_close=0 read_mr_hot=0 read_mr_hits=0 write_mr_reg=0 write_mr_close=0 write_mr_hot=0 write_mr_hits=0 target_mr_reg=1 target_mr_close=0 target_mr_hot=0 inject_posts=0 fatal_rc=0 efa_write_high_pps_available=0 efa_write_high_pps_effective=0 efa_write_high_pps_verified=0 efa_write_high_pps_fallbacks=0 rma_write_delivery_complete=1 rma_write_more=0 rma_write_more_burst=64 rma_write_more_posts=0 rma_write_flush_posts=0 rma_write_forced_flush_posts=0 rma_write_more_followup_eagain=0 rma_write_force_flush=0 tx_cq_avg_cqes_per_nonempty=1.00 rx_cq_avg_cqes_per_nonempty=1.00
zcofi-endpoint-stats: send_depth=64 send_active=0 send_inflight=0 send_peak=1 send_posts=1 send_completions=1 send_eagain=0 send_retries=0 send_errors=0 recv_depth=64 recv_active=0 recv_inflight=0 recv_peak=1 recv_posts=2 recv_completions=2 recv_eagain=0 recv_retries=0 recv_errors=0 read_depth=256 read_active=0 read_inflight=0 read_peak=0 read_posts=0 read_completions=0 read_eagain=0 read_retries=0 read_errors=0 write_depth=256 write_active=0 write_inflight=0 write_peak=0 write_posts=0 write_completions=0 write_eagain=0 write_retries=0 write_errors=0 tx_cq_polls=678 tx_cq_empty=677 tx_cq_nonempty=1 tx_cq_entries=1 tx_cq_errors=0 tx_cq_sleeps=0 rx_cq_polls=363841964 rx_cq_empty=363841962 rx_cq_nonempty=2 rx_cq_entries=2 rx_cq_errors=0 rx_cq_sleeps=0 send_mr_reg=1 send_mr_close=0 send_mr_hot=0 send_mr_hits=0 recv_mr_reg=2 recv_mr_close=0 recv_mr_hot=0 recv_mr_hits=1 read_mr_reg=0 read_mr_close=0 read_mr_hot=0 read_mr_hits=0 write_mr_reg=0 write_mr_close=0 write_mr_hot=0 write_mr_hits=0 target_mr_reg=1 target_mr_close=0 target_mr_hot=0 inject_posts=0 fatal_rc=0 efa_write_high_pps_available=0 efa_write_high_pps_effective=0 efa_write_high_pps_verified=0 efa_write_high_pps_fallbacks=0 rma_write_delivery_complete=1 rma_write_more=0 rma_write_more_burst=64 rma_write_more_posts=0 rma_write_flush_posts=0 rma_write_forced_flush_posts=0 rma_write_more_followup_eagain=0 rma_write_force_flush=0 tx_cq_avg_cqes_per_nonempty=1.00 rx_cq_avg_cqes_per_nonempty=1.00
zcofi-endpoint-stats: send_depth=64 send_active=0 send_inflight=0 send_peak=1 send_posts=1 send_completions=1 send_eagain=0 send_retries=0 send_errors=0 recv_depth=64 recv_active=0 recv_inflight=0 recv_peak=1 recv_posts=2 recv_completions=2 recv_eagain=0 recv_retries=0 recv_errors=0 read_depth=256 read_active=0 read_inflight=0 read_peak=0 read_posts=0 read_completions=0 read_eagain=0 read_retries=0 read_errors=0 write_depth=256 write_active=0 write_inflight=0 write_peak=0 write_posts=0 write_completions=0 write_eagain=0 write_retries=0 write_errors=0 tx_cq_polls=665 tx_cq_empty=664 tx_cq_nonempty=1 tx_cq_entries=1 tx_cq_errors=0 tx_cq_sleeps=0 rx_cq_polls=416406287 rx_cq_empty=416406285 rx_cq_nonempty=2 rx_cq_entries=2 rx_cq_errors=0 rx_cq_sleeps=0 send_mr_reg=1 send_mr_close=0 send_mr_hot=0 send_mr_hits=0 recv_mr_reg=2 recv_mr_close=0 recv_mr_hot=0 recv_mr_hits=1 read_mr_reg=0 read_mr_close=0 read_mr_hot=0 read_mr_hits=0 write_mr_reg=0 write_mr_close=0 write_mr_hot=0 write_mr_hits=0 target_mr_reg=1 target_mr_close=0 target_mr_hot=0 inject_posts=0 fatal_rc=0 efa_write_high_pps_available=0 efa_write_high_pps_effective=0 efa_write_high_pps_verified=0 efa_write_high_pps_fallbacks=0 rma_write_delivery_complete=1 rma_write_more=0 rma_write_more_burst=64 rma_write_more_posts=0 rma_write_flush_posts=0 rma_write_forced_flush_posts=0 rma_write_more_followup_eagain=0 rma_write_force_flush=0 tx_cq_avg_cqes_per_nonempty=1.00 rx_cq_avg_cqes_per_nonempty=1.00
zcofi-endpoint-stats: send_depth=64 send_active=0 send_inflight=0 send_peak=1 send_posts=1 send_completions=1 send_eagain=0 send_retries=0 send_errors=0 recv_depth=64 recv_active=0 recv_inflight=0 recv_peak=1 recv_posts=2 recv_completions=2 recv_eagain=0 recv_retries=0 recv_errors=0 read_depth=256 read_active=0 read_inflight=0 read_peak=0 read_posts=0 read_completions=0 read_eagain=0 read_retries=0 read_errors=0 write_depth=256 write_active=0 write_inflight=0 write_peak=0 write_posts=0 write_completions=0 write_eagain=0 write_retries=0 write_errors=0 tx_cq_polls=514 tx_cq_empty=513 tx_cq_nonempty=1 tx_cq_entries=1 tx_cq_errors=0 tx_cq_sleeps=0 rx_cq_polls=105509658 rx_cq_empty=105509656 rx_cq_nonempty=2 rx_cq_entries=2 rx_cq_errors=0 rx_cq_sleeps=0 send_mr_reg=1 send_mr_close=0 send_mr_hot=0 send_mr_hits=0 recv_mr_reg=2 recv_mr_close=0 recv_mr_hot=0 recv_mr_hits=1 read_mr_reg=0 read_mr_close=0 read_mr_hot=0 read_mr_hits=0 write_mr_reg=0 write_mr_close=0 write_mr_hot=0 write_mr_hits=0 target_mr_reg=1 target_mr_close=0 target_mr_hot=0 inject_posts=0 fatal_rc=0 efa_write_high_pps_available=0 efa_write_high_pps_effective=0 efa_write_high_pps_verified=0 efa_write_high_pps_fallbacks=0 rma_write_delivery_complete=1 rma_write_more=0 rma_write_more_burst=64 rma_write_more_posts=0 rma_write_flush_posts=0 rma_write_forced_flush_posts=0 rma_write_more_followup_eagain=0 rma_write_force_flush=0 tx_cq_avg_cqes_per_nonempty=1.00 rx_cq_avg_cqes_per_nonempty=1.00
zcofi-endpoint-stats: send_depth=64 send_active=0 send_inflight=0 send_peak=1 send_posts=1 send_completions=1 send_eagain=0 send_retries=0 send_errors=0 recv_depth=64 recv_active=0 recv_inflight=0 recv_peak=1 recv_posts=2 recv_completions=2 recv_eagain=0 recv_retries=0 recv_errors=0 read_depth=256 read_active=0 read_inflight=0 read_peak=0 read_posts=0 read_completions=0 read_eagain=0 read_retries=0 read_errors=0 write_depth=256 write_active=0 write_inflight=0 write_peak=0 write_posts=0 write_completions=0 write_eagain=0 write_retries=0 write_errors=0 tx_cq_polls=609 tx_cq_empty=608 tx_cq_nonempty=1 tx_cq_entries=1 tx_cq_errors=0 tx_cq_sleeps=0 rx_cq_polls=135280122 rx_cq_empty=135280120 rx_cq_nonempty=2 rx_cq_entries=2 rx_cq_errors=0 rx_cq_sleeps=0 send_mr_reg=1 send_mr_close=0 send_mr_hot=0 send_mr_hits=0 recv_mr_reg=2 recv_mr_close=0 recv_mr_hot=0 recv_mr_hits=1 read_mr_reg=0 read_mr_close=0 read_mr_hot=0 read_mr_hits=0 write_mr_reg=0 write_mr_close=0 write_mr_hot=0 write_mr_hits=0 target_mr_reg=1 target_mr_close=0 target_mr_hot=0 inject_posts=0 fatal_rc=0 efa_write_high_pps_available=0 efa_write_high_pps_effective=0 efa_write_high_pps_verified=0 efa_write_high_pps_fallbacks=0 rma_write_delivery_complete=1 rma_write_more=0 rma_write_more_burst=64 rma_write_more_posts=0 rma_write_flush_posts=0 rma_write_forced_flush_posts=0 rma_write_more_followup_eagain=0 rma_write_force_flush=0 tx_cq_avg_cqes_per_nonempty=1.00 rx_cq_avg_cqes_per_nonempty=1.00
zcofi-endpoint-stats: send_depth=64 send_active=0 send_inflight=0 send_peak=1 send_posts=1 send_completions=1 send_eagain=0 send_retries=0 send_errors=0 recv_depth=64 recv_active=0 recv_inflight=0 recv_peak=1 recv_posts=2 recv_completions=2 recv_eagain=0 recv_retries=0 recv_errors=0 read_depth=256 read_active=0 read_inflight=0 read_peak=0 read_posts=0 read_completions=0 read_eagain=0 read_retries=0 read_errors=0 write_depth=256 write_active=0 write_inflight=0 write_peak=0 write_posts=0 write_completions=0 write_eagain=0 write_retries=0 write_errors=0 tx_cq_polls=2212 tx_cq_empty=2211 tx_cq_nonempty=1 tx_cq_entries=1 tx_cq_errors=0 tx_cq_sleeps=0 rx_cq_polls=697861071 rx_cq_empty=697861069 rx_cq_nonempty=2 rx_cq_entries=2 rx_cq_errors=0 rx_cq_sleeps=0 send_mr_reg=1 send_mr_close=0 send_mr_hot=0 send_mr_hits=0 recv_mr_reg=2 recv_mr_close=0 recv_mr_hot=0 recv_mr_hits=1 read_mr_reg=0 read_mr_close=0 read_mr_hot=0 read_mr_hits=0 write_mr_reg=0 write_mr_close=0 write_mr_hot=0 write_mr_hits=0 target_mr_reg=1 target_mr_close=0 target_mr_hot=0 inject_posts=0 fatal_rc=0 efa_write_high_pps_available=0 efa_write_high_pps_effective=0 efa_write_high_pps_verified=0 efa_write_high_pps_fallbacks=0 rma_write_delivery_complete=1 rma_write_more=0 rma_write_more_burst=64 rma_write_more_posts=0 rma_write_flush_posts=0 rma_write_forced_flush_posts=0 rma_write_more_followup_eagain=0 rma_write_force_flush=0 tx_cq_avg_cqes_per_nonempty=1.00 rx_cq_avg_cqes_per_nonempty=1.00
zcofi-endpoint-stats: send_depth=64 send_active=0 send_inflight=0 send_peak=1 send_posts=1 send_completions=1 send_eagain=0 send_retries=0 send_errors=0 recv_depth=64 recv_active=0 recv_inflight=0 recv_peak=1 recv_posts=2 recv_completions=2 recv_eagain=0 recv_retries=0 recv_errors=0 read_depth=256 read_active=0 read_inflight=0 read_peak=0 read_posts=0 read_completions=0 read_eagain=0 read_retries=0 read_errors=0 write_depth=256 write_active=0 write_inflight=0 write_peak=0 write_posts=0 write_completions=0 write_eagain=0 write_retries=0 write_errors=0 tx_cq_polls=2129 tx_cq_empty=2128 tx_cq_nonempty=1 tx_cq_entries=1 tx_cq_errors=0 tx_cq_sleeps=0 rx_cq_polls=469535542 rx_cq_empty=469535540 rx_cq_nonempty=2 rx_cq_entries=2 rx_cq_errors=0 rx_cq_sleeps=0 send_mr_reg=1 send_mr_close=0 send_mr_hot=0 send_mr_hits=0 recv_mr_reg=2 recv_mr_close=0 recv_mr_hot=0 recv_mr_hits=1 read_mr_reg=0 read_mr_close=0 read_mr_hot=0 read_mr_hits=0 write_mr_reg=0 write_mr_close=0 write_mr_hot=0 write_mr_hits=0 target_mr_reg=1 target_mr_close=0 target_mr_hot=0 inject_posts=0 fatal_rc=0 efa_write_high_pps_available=0 efa_write_high_pps_effective=0 efa_write_high_pps_verified=0 efa_write_high_pps_fallbacks=0 rma_write_delivery_complete=1 rma_write_more=0 rma_write_more_burst=64 rma_write_more_posts=0 rma_write_flush_posts=0 rma_write_forced_flush_posts=0 rma_write_more_followup_eagain=0 rma_write_force_flush=0 tx_cq_avg_cqes_per_nonempty=1.00 rx_cq_avg_cqes_per_nonempty=1.00
zcofi-endpoint-stats: send_depth=64 send_active=0 send_inflight=0 send_peak=1 send_posts=1 send_completions=1 send_eagain=0 send_retries=0 send_errors=0 recv_depth=64 recv_active=0 recv_inflight=0 recv_peak=1 recv_posts=2 recv_completions=2 recv_eagain=0 recv_retries=0 recv_errors=0 read_depth=256 read_active=0 read_inflight=0 read_peak=0 read_posts=0 read_completions=0 read_eagain=0 read_retries=0 read_errors=0 write_depth=256 write_active=0 write_inflight=0 write_peak=0 write_posts=0 write_completions=0 write_eagain=0 write_retries=0 write_errors=0 tx_cq_polls=2254 tx_cq_empty=2253 tx_cq_nonempty=1 tx_cq_entries=1 tx_cq_errors=0 tx_cq_sleeps=0 rx_cq_polls=677897783 rx_cq_empty=677897781 rx_cq_nonempty=2 rx_cq_entries=2 rx_cq_errors=0 rx_cq_sleeps=0 send_mr_reg=1 send_mr_close=0 send_mr_hot=0 send_mr_hits=0 recv_mr_reg=2 recv_mr_close=0 recv_mr_hot=0 recv_mr_hits=1 read_mr_reg=0 read_mr_close=0 read_mr_hot=0 read_mr_hits=0 write_mr_reg=0 write_mr_close=0 write_mr_hot=0 write_mr_hits=0 target_mr_reg=1 target_mr_close=0 target_mr_hot=0 inject_posts=0 fatal_rc=0 efa_write_high_pps_available=0 efa_write_high_pps_effective=0 efa_write_high_pps_verified=0 efa_write_high_pps_fallbacks=0 rma_write_delivery_complete=1 rma_write_more=0 rma_write_more_burst=64 rma_write_more_posts=0 rma_write_flush_posts=0 rma_write_forced_flush_posts=0 rma_write_more_followup_eagain=0 rma_write_force_flush=0 tx_cq_avg_cqes_per_nonempty=1.00 rx_cq_avg_cqes_per_nonempty=1.00
zcofi-endpoint-stats: send_depth=64 send_active=0 send_inflight=0 send_peak=1 send_posts=1 send_completions=1 send_eagain=0 send_retries=0 send_errors=0 recv_depth=64 recv_active=0 recv_inflight=0 recv_peak=1 recv_posts=2 recv_completions=2 recv_eagain=0 recv_retries=0 recv_errors=0 read_depth=256 read_active=0 read_inflight=0 read_peak=0 read_posts=0 read_completions=0 read_eagain=0 read_retries=0 read_errors=0 write_depth=256 write_active=0 write_inflight=0 write_peak=0 write_posts=0 write_completions=0 write_eagain=0 write_retries=0 write_errors=0 tx_cq_polls=655 tx_cq_empty=654 tx_cq_nonempty=1 tx_cq_entries=1 tx_cq_errors=0 tx_cq_sleeps=0 rx_cq_polls=455398048 rx_cq_empty=455398046 rx_cq_nonempty=2 rx_cq_entries=2 rx_cq_errors=0 rx_cq_sleeps=0 send_mr_reg=1 send_mr_close=0 send_mr_hot=0 send_mr_hits=0 recv_mr_reg=2 recv_mr_close=0 recv_mr_hot=0 recv_mr_hits=1 read_mr_reg=0 read_mr_close=0 read_mr_hot=0 read_mr_hits=0 write_mr_reg=0 write_mr_close=0 write_mr_hot=0 write_mr_hits=0 target_mr_reg=1 target_mr_close=0 target_mr_hot=0 inject_posts=0 fatal_rc=0 efa_write_high_pps_available=0 efa_write_high_pps_effective=0 efa_write_high_pps_verified=0 efa_write_high_pps_fallbacks=0 rma_write_delivery_complete=1 rma_write_more=0 rma_write_more_burst=64 rma_write_more_posts=0 rma_write_flush_posts=0 rma_write_forced_flush_posts=0 rma_write_more_followup_eagain=0 rma_write_force_flush=0 tx_cq_avg_cqes_per_nonempty=1.00 rx_cq_avg_cqes_per_nonempty=1.00
zcofi-endpoint-stats: send_depth=64 send_active=0 send_inflight=0 send_peak=1 send_posts=1 send_completions=1 send_eagain=0 send_retries=0 send_errors=0 recv_depth=64 recv_active=0 recv_inflight=0 recv_peak=1 recv_posts=2 recv_completions=2 recv_eagain=0 recv_retries=0 recv_errors=0 read_depth=256 read_active=0 read_inflight=0 read_peak=0 read_posts=0 read_completions=0 read_eagain=0 read_retries=0 read_errors=0 write_depth=256 write_active=0 write_inflight=0 write_peak=0 write_posts=0 write_completions=0 write_eagain=0 write_retries=0 write_errors=0 tx_cq_polls=2223 tx_cq_empty=2222 tx_cq_nonempty=1 tx_cq_entries=1 tx_cq_errors=0 tx_cq_sleeps=0 rx_cq_polls=533876421 rx_cq_empty=533876419 rx_cq_nonempty=2 rx_cq_entries=2 rx_cq_errors=0 rx_cq_sleeps=0 send_mr_reg=1 send_mr_close=0 send_mr_hot=0 send_mr_hits=0 recv_mr_reg=2 recv_mr_close=0 recv_mr_hot=0 recv_mr_hits=1 read_mr_reg=0 read_mr_close=0 read_mr_hot=0 read_mr_hits=0 write_mr_reg=0 write_mr_close=0 write_mr_hot=0 write_mr_hits=0 target_mr_reg=1 target_mr_close=0 target_mr_hot=0 inject_posts=0 fatal_rc=0 efa_write_high_pps_available=0 efa_write_high_pps_effective=0 efa_write_high_pps_verified=0 efa_write_high_pps_fallbacks=0 rma_write_delivery_complete=1 rma_write_more=0 rma_write_more_burst=64 rma_write_more_posts=0 rma_write_flush_posts=0 rma_write_forced_flush_posts=0 rma_write_more_followup_eagain=0 rma_write_force_flush=0 tx_cq_avg_cqes_per_nonempty=1.00 rx_cq_avg_cqes_per_nonempty=1.00
zcofi-endpoint-stats: send_depth=64 send_active=0 send_inflight=0 send_peak=1 send_posts=1 send_completions=1 send_eagain=0 send_retries=0 send_errors=0 recv_depth=64 recv_active=0 recv_inflight=0 recv_peak=1 recv_posts=2 recv_completions=2 recv_eagain=0 recv_retries=0 recv_errors=0 read_depth=256 read_active=0 read_inflight=0 read_peak=0 read_posts=0 read_completions=0 read_eagain=0 read_retries=0 read_errors=0 write_depth=256 write_active=0 write_inflight=0 write_peak=0 write_posts=0 write_completions=0 write_eagain=0 write_retries=0 write_errors=0 tx_cq_polls=2185 tx_cq_empty=2184 tx_cq_nonempty=1 tx_cq_entries=1 tx_cq_errors=0 tx_cq_sleeps=0 rx_cq_polls=543782369 rx_cq_empty=543782367 rx_cq_nonempty=2 rx_cq_entries=2 rx_cq_errors=0 rx_cq_sleeps=0 send_mr_reg=1 send_mr_close=0 send_mr_hot=0 send_mr_hits=0 recv_mr_reg=2 recv_mr_close=0 recv_mr_hot=0 recv_mr_hits=1 read_mr_reg=0 read_mr_close=0 read_mr_hot=0 read_mr_hits=0 write_mr_reg=0 write_mr_close=0 write_mr_hot=0 write_mr_hits=0 target_mr_reg=1 target_mr_close=0 target_mr_hot=0 inject_posts=0 fatal_rc=0 efa_write_high_pps_available=0 efa_write_high_pps_effective=0 efa_write_high_pps_verified=0 efa_write_high_pps_fallbacks=0 rma_write_delivery_complete=1 rma_write_more=0 rma_write_more_burst=64 rma_write_more_posts=0 rma_write_flush_posts=0 rma_write_forced_flush_posts=0 rma_write_more_followup_eagain=0 rma_write_force_flush=0 tx_cq_avg_cqes_per_nonempty=1.00 rx_cq_avg_cqes_per_nonempty=1.00
zcofi-endpoint-stats: send_depth=64 send_active=0 send_inflight=0 send_peak=1 send_posts=1 send_completions=1 send_eagain=0 send_retries=0 send_errors=0 recv_depth=64 recv_active=0 recv_inflight=0 recv_peak=1 recv_posts=2 recv_completions=2 recv_eagain=0 recv_retries=0 recv_errors=0 read_depth=256 read_active=0 read_inflight=0 read_peak=0 read_posts=0 read_completions=0 read_eagain=0 read_retries=0 read_errors=0 write_depth=256 write_active=0 write_inflight=0 write_peak=0 write_posts=0 write_completions=0 write_eagain=0 write_retries=0 write_errors=0 tx_cq_polls=631 tx_cq_empty=630 tx_cq_nonempty=1 tx_cq_entries=1 tx_cq_errors=0 tx_cq_sleeps=0 rx_cq_polls=294424700 rx_cq_empty=294424698 rx_cq_nonempty=2 rx_cq_entries=2 rx_cq_errors=0 rx_cq_sleeps=0 send_mr_reg=1 send_mr_close=0 send_mr_hot=0 send_mr_hits=0 recv_mr_reg=2 recv_mr_close=0 recv_mr_hot=0 recv_mr_hits=1 read_mr_reg=0 read_mr_close=0 read_mr_hot=0 read_mr_hits=0 write_mr_reg=0 write_mr_close=0 write_mr_hot=0 write_mr_hits=0 target_mr_reg=1 target_mr_close=0 target_mr_hot=0 inject_posts=0 fatal_rc=0 efa_write_high_pps_available=0 efa_write_high_pps_effective=0 efa_write_high_pps_verified=0 efa_write_high_pps_fallbacks=0 rma_write_delivery_complete=1 rma_write_more=0 rma_write_more_burst=64 rma_write_more_posts=0 rma_write_flush_posts=0 rma_write_forced_flush_posts=0 rma_write_more_followup_eagain=0 rma_write_force_flush=0 tx_cq_avg_cqes_per_nonempty=1.00 rx_cq_avg_cqes_per_nonempty=1.00
zcofi-endpoint-stats: send_depth=64 send_active=0 send_inflight=0 send_peak=1 send_posts=1 send_completions=1 send_eagain=0 send_retries=0 send_errors=0 recv_depth=64 recv_active=0 recv_inflight=0 recv_peak=1 recv_posts=2 recv_completions=2 recv_eagain=0 recv_retries=0 recv_errors=0 read_depth=256 read_active=0 read_inflight=0 read_peak=0 read_posts=0 read_completions=0 read_eagain=0 read_retries=0 read_errors=0 write_depth=256 write_active=0 write_inflight=0 write_peak=0 write_posts=0 write_completions=0 write_eagain=0 write_retries=0 write_errors=0 tx_cq_polls=647 tx_cq_empty=646 tx_cq_nonempty=1 tx_cq_entries=1 tx_cq_errors=0 tx_cq_sleeps=0 rx_cq_polls=312469555 rx_cq_empty=312469553 rx_cq_nonempty=2 rx_cq_entries=2 rx_cq_errors=0 rx_cq_sleeps=0 send_mr_reg=1 send_mr_close=0 send_mr_hot=0 send_mr_hits=0 recv_mr_reg=2 recv_mr_close=0 recv_mr_hot=0 recv_mr_hits=1 read_mr_reg=0 read_mr_close=0 read_mr_hot=0 read_mr_hits=0 write_mr_reg=0 write_mr_close=0 write_mr_hot=0 write_mr_hits=0 target_mr_reg=1 target_mr_close=0 target_mr_hot=0 inject_posts=0 fatal_rc=0 efa_write_high_pps_available=0 efa_write_high_pps_effective=0 efa_write_high_pps_verified=0 efa_write_high_pps_fallbacks=0 rma_write_delivery_complete=1 rma_write_more=0 rma_write_more_burst=64 rma_write_more_posts=0 rma_write_flush_posts=0 rma_write_forced_flush_posts=0 rma_write_more_followup_eagain=0 rma_write_force_flush=0 tx_cq_avg_cqes_per_nonempty=1.00 rx_cq_avg_cqes_per_nonempty=1.00
zcofi-endpoint-stats: send_depth=64 send_active=0 send_inflight=0 send_peak=1 send_posts=1 send_completions=1 send_eagain=0 send_retries=0 send_errors=0 recv_depth=64 recv_active=0 recv_inflight=0 recv_peak=1 recv_posts=2 recv_completions=2 recv_eagain=0 recv_retries=0 recv_errors=0 read_depth=256 read_active=0 read_inflight=0 read_peak=0 read_posts=0 read_completions=0 read_eagain=0 read_retries=0 read_errors=0 write_depth=256 write_active=0 write_inflight=0 write_peak=0 write_posts=0 write_completions=0 write_eagain=0 write_retries=0 write_errors=0 tx_cq_polls=608 tx_cq_empty=607 tx_cq_nonempty=1 tx_cq_entries=1 tx_cq_errors=0 tx_cq_sleeps=0 rx_cq_polls=192699493 rx_cq_empty=192699491 rx_cq_nonempty=2 rx_cq_entries=2 rx_cq_errors=0 rx_cq_sleeps=0 send_mr_reg=1 send_mr_close=0 send_mr_hot=0 send_mr_hits=0 recv_mr_reg=2 recv_mr_close=0 recv_mr_hot=0 recv_mr_hits=1 read_mr_reg=0 read_mr_close=0 read_mr_hot=0 read_mr_hits=0 write_mr_reg=0 write_mr_close=0 write_mr_hot=0 write_mr_hits=0 target_mr_reg=1 target_mr_close=0 target_mr_hot=0 inject_posts=0 fatal_rc=0 efa_write_high_pps_available=0 efa_write_high_pps_effective=0 efa_write_high_pps_verified=0 efa_write_high_pps_fallbacks=0 rma_write_delivery_complete=1 rma_write_more=0 rma_write_more_burst=64 rma_write_more_posts=0 rma_write_flush_posts=0 rma_write_forced_flush_posts=0 rma_write_more_followup_eagain=0 rma_write_force_flush=0 tx_cq_avg_cqes_per_nonempty=1.00 rx_cq_avg_cqes_per_nonempty=1.00
zcofi-endpoint-stats: send_depth=64 send_active=0 send_inflight=0 send_peak=1 send_posts=1 send_completions=1 send_eagain=0 send_retries=0 send_errors=0 recv_depth=64 recv_active=0 recv_inflight=0 recv_peak=1 recv_posts=2 recv_completions=2 recv_eagain=0 recv_retries=0 recv_errors=0 read_depth=256 read_active=0 read_inflight=0 read_peak=0 read_posts=0 read_completions=0 read_eagain=0 read_retries=0 read_errors=0 write_depth=256 write_active=0 write_inflight=0 write_peak=0 write_posts=0 write_completions=0 write_eagain=0 write_retries=0 write_errors=0 tx_cq_polls=2207 tx_cq_empty=2206 tx_cq_nonempty=1 tx_cq_entries=1 tx_cq_errors=0 tx_cq_sleeps=0 rx_cq_polls=563394406 rx_cq_empty=563394404 rx_cq_nonempty=2 rx_cq_entries=2 rx_cq_errors=0 rx_cq_sleeps=0 send_mr_reg=1 send_mr_close=0 send_mr_hot=0 send_mr_hits=0 recv_mr_reg=2 recv_mr_close=0 recv_mr_hot=0 recv_mr_hits=1 read_mr_reg=0 read_mr_close=0 read_mr_hot=0 read_mr_hits=0 write_mr_reg=0 write_mr_close=0 write_mr_hot=0 write_mr_hits=0 target_mr_reg=1 target_mr_close=0 target_mr_hot=0 inject_posts=0 fatal_rc=0 efa_write_high_pps_available=0 efa_write_high_pps_effective=0 efa_write_high_pps_verified=0 efa_write_high_pps_fallbacks=0 rma_write_delivery_complete=1 rma_write_more=0 rma_write_more_burst=64 rma_write_more_posts=0 rma_write_flush_posts=0 rma_write_forced_flush_posts=0 rma_write_more_followup_eagain=0 rma_write_force_flush=0 tx_cq_avg_cqes_per_nonempty=1.00 rx_cq_avg_cqes_per_nonempty=1.00
zcofi-endpoint-stats: send_depth=64 send_active=0 send_inflight=0 send_peak=1 send_posts=1 send_completions=1 send_eagain=0 send_retries=0 send_errors=0 recv_depth=64 recv_active=0 recv_inflight=0 recv_peak=1 recv_posts=2 recv_completions=2 recv_eagain=0 recv_retries=0 recv_errors=0 read_depth=256 read_active=0 read_inflight=0 read_peak=0 read_posts=0 read_completions=0 read_eagain=0 read_retries=0 read_errors=0 write_depth=256 write_active=0 write_inflight=0 write_peak=0 write_posts=0 write_completions=0 write_eagain=0 write_retries=0 write_errors=0 tx_cq_polls=589 tx_cq_empty=588 tx_cq_nonempty=1 tx_cq_entries=1 tx_cq_errors=0 tx_cq_sleeps=0 rx_cq_polls=163155998 rx_cq_empty=163155996 rx_cq_nonempty=2 rx_cq_entries=2 rx_cq_errors=0 rx_cq_sleeps=0 send_mr_reg=1 send_mr_close=0 send_mr_hot=0 send_mr_hits=0 recv_mr_reg=2 recv_mr_close=0 recv_mr_hot=0 recv_mr_hits=1 read_mr_reg=0 read_mr_close=0 read_mr_hot=0 read_mr_hits=0 write_mr_reg=0 write_mr_close=0 write_mr_hot=0 write_mr_hits=0 target_mr_reg=1 target_mr_close=0 target_mr_hot=0 inject_posts=0 fatal_rc=0 efa_write_high_pps_available=0 efa_write_high_pps_effective=0 efa_write_high_pps_verified=0 efa_write_high_pps_fallbacks=0 rma_write_delivery_complete=1 rma_write_more=0 rma_write_more_burst=64 rma_write_more_posts=0 rma_write_flush_posts=0 rma_write_forced_flush_posts=0 rma_write_more_followup_eagain=0 rma_write_force_flush=0 tx_cq_avg_cqes_per_nonempty=1.00 rx_cq_avg_cqes_per_nonempty=1.00
zcofi-endpoint-stats: send_depth=64 send_active=0 send_inflight=0 send_peak=1 send_posts=1 send_completions=1 send_eagain=0 send_retries=0 send_errors=0 recv_depth=64 recv_active=0 recv_inflight=0 recv_peak=1 recv_posts=2 recv_completions=2 recv_eagain=0 recv_retries=0 recv_errors=0 read_depth=256 read_active=0 read_inflight=0 read_peak=0 read_posts=0 read_completions=0 read_eagain=0 read_retries=0 read_errors=0 write_depth=256 write_active=0 write_inflight=0 write_peak=0 write_posts=0 write_completions=0 write_eagain=0 write_retries=0 write_errors=0 tx_cq_polls=612 tx_cq_empty=611 tx_cq_nonempty=1 tx_cq_entries=1 tx_cq_errors=0 tx_cq_sleeps=0 rx_cq_polls=31294654 rx_cq_empty=31294652 rx_cq_nonempty=2 rx_cq_entries=2 rx_cq_errors=0 rx_cq_sleeps=0 send_mr_reg=1 send_mr_close=0 send_mr_hot=0 send_mr_hits=0 recv_mr_reg=2 recv_mr_close=0 recv_mr_hot=0 recv_mr_hits=1 read_mr_reg=0 read_mr_close=0 read_mr_hot=0 read_mr_hits=0 write_mr_reg=0 write_mr_close=0 write_mr_hot=0 write_mr_hits=0 target_mr_reg=1 target_mr_close=0 target_mr_hot=0 inject_posts=0 fatal_rc=0 efa_write_high_pps_available=0 efa_write_high_pps_effective=0 efa_write_high_pps_verified=0 efa_write_high_pps_fallbacks=0 rma_write_delivery_complete=1 rma_write_more=0 rma_write_more_burst=64 rma_write_more_posts=0 rma_write_flush_posts=0 rma_write_forced_flush_posts=0 rma_write_more_followup_eagain=0 rma_write_force_flush=0 tx_cq_avg_cqes_per_nonempty=1.00 rx_cq_avg_cqes_per_nonempty=1.00
zcofi-endpoint-stats: send_depth=64 send_active=0 send_inflight=0 send_peak=1 send_posts=1 send_completions=1 send_eagain=0 send_retries=0 send_errors=0 recv_depth=64 recv_active=0 recv_inflight=0 recv_peak=1 recv_posts=2 recv_completions=2 recv_eagain=0 recv_retries=0 recv_errors=0 read_depth=256 read_active=0 read_inflight=0 read_peak=0 read_posts=0 read_completions=0 read_eagain=0 read_retries=0 read_errors=0 write_depth=256 write_active=0 write_inflight=0 write_peak=0 write_posts=0 write_completions=0 write_eagain=0 write_retries=0 write_errors=0 tx_cq_polls=588 tx_cq_empty=587 tx_cq_nonempty=1 tx_cq_entries=1 tx_cq_errors=0 tx_cq_sleeps=0 rx_cq_polls=89694812 rx_cq_empty=89694810 rx_cq_nonempty=2 rx_cq_entries=2 rx_cq_errors=0 rx_cq_sleeps=0 send_mr_reg=1 send_mr_close=0 send_mr_hot=0 send_mr_hits=0 recv_mr_reg=2 recv_mr_close=0 recv_mr_hot=0 recv_mr_hits=1 read_mr_reg=0 read_mr_close=0 read_mr_hot=0 read_mr_hits=0 write_mr_reg=0 write_mr_close=0 write_mr_hot=0 write_mr_hits=0 target_mr_reg=1 target_mr_close=0 target_mr_hot=0 inject_posts=0 fatal_rc=0 efa_write_high_pps_available=0 efa_write_high_pps_effective=0 efa_write_high_pps_verified=0 efa_write_high_pps_fallbacks=0 rma_write_delivery_complete=1 rma_write_more=0 rma_write_more_burst=64 rma_write_more_posts=0 rma_write_flush_posts=0 rma_write_forced_flush_posts=0 rma_write_more_followup_eagain=0 rma_write_force_flush=0 tx_cq_avg_cqes_per_nonempty=1.00 rx_cq_avg_cqes_per_nonempty=1.00
zcofi-endpoint-stats: send_depth=64 send_active=0 send_inflight=0 send_peak=1 send_posts=1 send_completions=1 send_eagain=0 send_retries=0 send_errors=0 recv_depth=64 recv_active=0 recv_inflight=0 recv_peak=1 recv_posts=2 recv_completions=2 recv_eagain=0 recv_retries=0 recv_errors=0 read_depth=256 read_active=0 read_inflight=0 read_peak=0 read_posts=0 read_completions=0 read_eagain=0 read_retries=0 read_errors=0 write_depth=256 write_active=0 write_inflight=0 write_peak=0 write_posts=0 write_completions=0 write_eagain=0 write_retries=0 write_errors=0 tx_cq_polls=666 tx_cq_empty=665 tx_cq_nonempty=1 tx_cq_entries=1 tx_cq_errors=0 tx_cq_sleeps=0 rx_cq_polls=280625216 rx_cq_empty=280625214 rx_cq_nonempty=2 rx_cq_entries=2 rx_cq_errors=0 rx_cq_sleeps=0 send_mr_reg=1 send_mr_close=0 send_mr_hot=0 send_mr_hits=0 recv_mr_reg=2 recv_mr_close=0 recv_mr_hot=0 recv_mr_hits=1 read_mr_reg=0 read_mr_close=0 read_mr_hot=0 read_mr_hits=0 write_mr_reg=0 write_mr_close=0 write_mr_hot=0 write_mr_hits=0 target_mr_reg=1 target_mr_close=0 target_mr_hot=0 inject_posts=0 fatal_rc=0 efa_write_high_pps_available=0 efa_write_high_pps_effective=0 efa_write_high_pps_verified=0 efa_write_high_pps_fallbacks=0 rma_write_delivery_complete=1 rma_write_more=0 rma_write_more_burst=64 rma_write_more_posts=0 rma_write_flush_posts=0 rma_write_forced_flush_posts=0 rma_write_more_followup_eagain=0 rma_write_force_flush=0 tx_cq_avg_cqes_per_nonempty=1.00 rx_cq_avg_cqes_per_nonempty=1.00
zcofi-endpoint-stats: send_depth=64 send_active=0 send_inflight=0 send_peak=1 send_posts=1 send_completions=1 send_eagain=0 send_retries=0 send_errors=0 recv_depth=64 recv_active=0 recv_inflight=0 recv_peak=1 recv_posts=2 recv_completions=2 recv_eagain=0 recv_retries=0 recv_errors=0 read_depth=256 read_active=0 read_inflight=0 read_peak=0 read_posts=0 read_completions=0 read_eagain=0 read_retries=0 read_errors=0 write_depth=256 write_active=0 write_inflight=0 write_peak=0 write_posts=0 write_completions=0 write_eagain=0 write_retries=0 write_errors=0 tx_cq_polls=2103 tx_cq_empty=2102 tx_cq_nonempty=1 tx_cq_entries=1 tx_cq_errors=0 tx_cq_sleeps=0 rx_cq_polls=639987241 rx_cq_empty=639987239 rx_cq_nonempty=2 rx_cq_entries=2 rx_cq_errors=0 rx_cq_sleeps=0 send_mr_reg=1 send_mr_close=0 send_mr_hot=0 send_mr_hits=0 recv_mr_reg=2 recv_mr_close=0 recv_mr_hot=0 recv_mr_hits=1 read_mr_reg=0 read_mr_close=0 read_mr_hot=0 read_mr_hits=0 write_mr_reg=0 write_mr_close=0 write_mr_hot=0 write_mr_hits=0 target_mr_reg=1 target_mr_close=0 target_mr_hot=0 inject_posts=0 fatal_rc=0 efa_write_high_pps_available=0 efa_write_high_pps_effective=0 efa_write_high_pps_verified=0 efa_write_high_pps_fallbacks=0 rma_write_delivery_complete=1 rma_write_more=0 rma_write_more_burst=64 rma_write_more_posts=0 rma_write_flush_posts=0 rma_write_forced_flush_posts=0 rma_write_more_followup_eagain=0 rma_write_force_flush=0 tx_cq_avg_cqes_per_nonempty=1.00 rx_cq_avg_cqes_per_nonempty=1.00
zcofi-endpoint-stats: send_depth=64 send_active=0 send_inflight=0 send_peak=1 send_posts=1 send_completions=1 send_eagain=0 send_retries=0 send_errors=0 recv_depth=64 recv_active=0 recv_inflight=0 recv_peak=1 recv_posts=2 recv_completions=2 recv_eagain=0 recv_retries=0 recv_errors=0 read_depth=256 read_active=0 read_inflight=0 read_peak=0 read_posts=0 read_completions=0 read_eagain=0 read_retries=0 read_errors=0 write_depth=256 write_active=0 write_inflight=0 write_peak=0 write_posts=0 write_completions=0 write_eagain=0 write_retries=0 write_errors=0 tx_cq_polls=618 tx_cq_empty=617 tx_cq_nonempty=1 tx_cq_entries=1 tx_cq_errors=0 tx_cq_sleeps=0 rx_cq_polls=117743449 rx_cq_empty=117743447 rx_cq_nonempty=2 rx_cq_entries=2 rx_cq_errors=0 rx_cq_sleeps=0 send_mr_reg=1 send_mr_close=0 send_mr_hot=0 send_mr_hits=0 recv_mr_reg=2 recv_mr_close=0 recv_mr_hot=0 recv_mr_hits=1 read_mr_reg=0 read_mr_close=0 read_mr_hot=0 read_mr_hits=0 write_mr_reg=0 write_mr_close=0 write_mr_hot=0 write_mr_hits=0 target_mr_reg=1 target_mr_close=0 target_mr_hot=0 inject_posts=0 fatal_rc=0 efa_write_high_pps_available=0 efa_write_high_pps_effective=0 efa_write_high_pps_verified=0 efa_write_high_pps_fallbacks=0 rma_write_delivery_complete=1 rma_write_more=0 rma_write_more_burst=64 rma_write_more_posts=0 rma_write_flush_posts=0 rma_write_forced_flush_posts=0 rma_write_more_followup_eagain=0 rma_write_force_flush=0 tx_cq_avg_cqes_per_nonempty=1.00 rx_cq_avg_cqes_per_nonempty=1.00
zcofi-endpoint-stats: send_depth=64 send_active=0 send_inflight=0 send_peak=1 send_posts=1 send_completions=1 send_eagain=0 send_retries=0 send_errors=0 recv_depth=64 recv_active=0 recv_inflight=0 recv_peak=1 recv_posts=2 recv_completions=2 recv_eagain=0 recv_retries=0 recv_errors=0 read_depth=256 read_active=0 read_inflight=0 read_peak=0 read_posts=0 read_completions=0 read_eagain=0 read_retries=0 read_errors=0 write_depth=256 write_active=0 write_inflight=0 write_peak=0 write_posts=0 write_completions=0 write_eagain=0 write_retries=0 write_errors=0 tx_cq_polls=589 tx_cq_empty=588 tx_cq_nonempty=1 tx_cq_entries=1 tx_cq_errors=0 tx_cq_sleeps=0 rx_cq_polls=76153439 rx_cq_empty=76153437 rx_cq_nonempty=2 rx_cq_entries=2 rx_cq_errors=0 rx_cq_sleeps=0 send_mr_reg=1 send_mr_close=0 send_mr_hot=0 send_mr_hits=0 recv_mr_reg=2 recv_mr_close=0 recv_mr_hot=0 recv_mr_hits=1 read_mr_reg=0 read_mr_close=0 read_mr_hot=0 read_mr_hits=0 write_mr_reg=0 write_mr_close=0 write_mr_hot=0 write_mr_hits=0 target_mr_reg=1 target_mr_close=0 target_mr_hot=0 inject_posts=0 fatal_rc=0 efa_write_high_pps_available=0 efa_write_high_pps_effective=0 efa_write_high_pps_verified=0 efa_write_high_pps_fallbacks=0 rma_write_delivery_complete=1 rma_write_more=0 rma_write_more_burst=64 rma_write_more_posts=0 rma_write_flush_posts=0 rma_write_forced_flush_posts=0 rma_write_more_followup_eagain=0 rma_write_force_flush=0 tx_cq_avg_cqes_per_nonempty=1.00 rx_cq_avg_cqes_per_nonempty=1.00
zcofi-endpoint-stats: send_depth=64 send_active=0 send_inflight=0 send_peak=1 send_posts=1 send_completions=1 send_eagain=0 send_retries=0 send_errors=0 recv_depth=64 recv_active=0 recv_inflight=0 recv_peak=1 recv_posts=2 recv_completions=2 recv_eagain=0 recv_retries=0 recv_errors=0 read_depth=256 read_active=0 read_inflight=0 read_peak=0 read_posts=0 read_completions=0 read_eagain=0 read_retries=0 read_errors=0 write_depth=256 write_active=0 write_inflight=0 write_peak=0 write_posts=0 write_completions=0 write_eagain=0 write_retries=0 write_errors=0 tx_cq_polls=2176 tx_cq_empty=2175 tx_cq_nonempty=1 tx_cq_entries=1 tx_cq_errors=0 tx_cq_sleeps=0 rx_cq_polls=573151153 rx_cq_empty=573151151 rx_cq_nonempty=2 rx_cq_entries=2 rx_cq_errors=0 rx_cq_sleeps=0 send_mr_reg=1 send_mr_close=0 send_mr_hot=0 send_mr_hits=0 recv_mr_reg=2 recv_mr_close=0 recv_mr_hot=0 recv_mr_hits=1 read_mr_reg=0 read_mr_close=0 read_mr_hot=0 read_mr_hits=0 write_mr_reg=0 write_mr_close=0 write_mr_hot=0 write_mr_hits=0 target_mr_reg=1 target_mr_close=0 target_mr_hot=0 inject_posts=0 fatal_rc=0 efa_write_high_pps_available=0 efa_write_high_pps_effective=0 efa_write_high_pps_verified=0 efa_write_high_pps_fallbacks=0 rma_write_delivery_complete=1 rma_write_more=0 rma_write_more_burst=64 rma_write_more_posts=0 rma_write_flush_posts=0 rma_write_forced_flush_posts=0 rma_write_more_followup_eagain=0 rma_write_force_flush=0 tx_cq_avg_cqes_per_nonempty=1.00 rx_cq_avg_cqes_per_nonempty=1.00
zcofi-endpoint-stats: send_depth=64 send_active=0 send_inflight=0 send_peak=1 send_posts=1 send_completions=1 send_eagain=0 send_retries=0 send_errors=0 recv_depth=64 recv_active=0 recv_inflight=0 recv_peak=1 recv_posts=2 recv_completions=2 recv_eagain=0 recv_retries=0 recv_errors=0 read_depth=256 read_active=0 read_inflight=0 read_peak=0 read_posts=0 read_completions=0 read_eagain=0 read_retries=0 read_errors=0 write_depth=256 write_active=0 write_inflight=0 write_peak=0 write_posts=0 write_completions=0 write_eagain=0 write_retries=0 write_errors=0 tx_cq_polls=624 tx_cq_empty=623 tx_cq_nonempty=1 tx_cq_entries=1 tx_cq_errors=0 tx_cq_sleeps=0 rx_cq_polls=46372974 rx_cq_empty=46372972 rx_cq_nonempty=2 rx_cq_entries=2 rx_cq_errors=0 rx_cq_sleeps=0 send_mr_reg=1 send_mr_close=0 send_mr_hot=0 send_mr_hits=0 recv_mr_reg=2 recv_mr_close=0 recv_mr_hot=0 recv_mr_hits=1 read_mr_reg=0 read_mr_close=0 read_mr_hot=0 read_mr_hits=0 write_mr_reg=0 write_mr_close=0 write_mr_hot=0 write_mr_hits=0 target_mr_reg=1 target_mr_close=0 target_mr_hot=0 inject_posts=0 fatal_rc=0 efa_write_high_pps_available=0 efa_write_high_pps_effective=0 efa_write_high_pps_verified=0 efa_write_high_pps_fallbacks=0 rma_write_delivery_complete=1 rma_write_more=0 rma_write_more_burst=64 rma_write_more_posts=0 rma_write_flush_posts=0 rma_write_forced_flush_posts=0 rma_write_more_followup_eagain=0 rma_write_force_flush=0 tx_cq_avg_cqes_per_nonempty=1.00 rx_cq_avg_cqes_per_nonempty=1.00
zcofi-endpoint-stats: send_depth=64 send_active=0 send_inflight=0 send_peak=1 send_posts=1 send_completions=1 send_eagain=0 send_retries=0 send_errors=0 recv_depth=64 recv_active=0 recv_inflight=0 recv_peak=1 recv_posts=2 recv_completions=2 recv_eagain=0 recv_retries=0 recv_errors=0 read_depth=256 read_active=0 read_inflight=0 read_peak=0 read_posts=0 read_completions=0 read_eagain=0 read_retries=0 read_errors=0 write_depth=256 write_active=0 write_inflight=0 write_peak=0 write_posts=0 write_completions=0 write_eagain=0 write_retries=0 write_errors=0 tx_cq_polls=2125 tx_cq_empty=2124 tx_cq_nonempty=1 tx_cq_entries=1 tx_cq_errors=0 tx_cq_sleeps=0 rx_cq_polls=729834034 rx_cq_empty=729834032 rx_cq_nonempty=2 rx_cq_entries=2 rx_cq_errors=0 rx_cq_sleeps=0 send_mr_reg=1 send_mr_close=0 send_mr_hot=0 send_mr_hits=0 recv_mr_reg=2 recv_mr_close=0 recv_mr_hot=0 recv_mr_hits=1 read_mr_reg=0 read_mr_close=0 read_mr_hot=0 read_mr_hits=0 write_mr_reg=0 write_mr_close=0 write_mr_hot=0 write_mr_hits=0 target_mr_reg=1 target_mr_close=0 target_mr_hot=0 inject_posts=0 fatal_rc=0 efa_write_high_pps_available=0 efa_write_high_pps_effective=0 efa_write_high_pps_verified=0 efa_write_high_pps_fallbacks=0 rma_write_delivery_complete=1 rma_write_more=0 rma_write_more_burst=64 rma_write_more_posts=0 rma_write_flush_posts=0 rma_write_forced_flush_posts=0 rma_write_more_followup_eagain=0 rma_write_force_flush=0 tx_cq_avg_cqes_per_nonempty=1.00 rx_cq_avg_cqes_per_nonempty=1.00
zcofi-endpoint-stats: send_depth=64 send_active=0 send_inflight=0 send_peak=1 send_posts=1 send_completions=1 send_eagain=0 send_retries=0 send_errors=0 recv_depth=64 recv_active=0 recv_inflight=0 recv_peak=1 recv_posts=2 recv_completions=2 recv_eagain=0 recv_retries=0 recv_errors=0 read_depth=256 read_active=0 read_inflight=0 read_peak=0 read_posts=0 read_completions=0 read_eagain=0 read_retries=0 read_errors=0 write_depth=256 write_active=0 write_inflight=0 write_peak=0 write_posts=0 write_completions=0 write_eagain=0 write_retries=0 write_errors=0 tx_cq_polls=599 tx_cq_empty=598 tx_cq_nonempty=1 tx_cq_entries=1 tx_cq_errors=0 tx_cq_sleeps=0 rx_cq_polls=61218789 rx_cq_empty=61218787 rx_cq_nonempty=2 rx_cq_entries=2 rx_cq_errors=0 rx_cq_sleeps=0 send_mr_reg=1 send_mr_close=0 send_mr_hot=0 send_mr_hits=0 recv_mr_reg=2 recv_mr_close=0 recv_mr_hot=0 recv_mr_hits=1 read_mr_reg=0 read_mr_close=0 read_mr_hot=0 read_mr_hits=0 write_mr_reg=0 write_mr_close=0 write_mr_hot=0 write_mr_hits=0 target_mr_reg=1 target_mr_close=0 target_mr_hot=0 inject_posts=0 fatal_rc=0 efa_write_high_pps_available=0 efa_write_high_pps_effective=0 efa_write_high_pps_verified=0 efa_write_high_pps_fallbacks=0 rma_write_delivery_complete=1 rma_write_more=0 rma_write_more_burst=64 rma_write_more_posts=0 rma_write_flush_posts=0 rma_write_forced_flush_posts=0 rma_write_more_followup_eagain=0 rma_write_force_flush=0 tx_cq_avg_cqes_per_nonempty=1.00 rx_cq_avg_cqes_per_nonempty=1.00
zcofi-rma-target-worker: worker=0 streams=1 payload_bytes=671088640 wire_bytes=64 extents=163840 logical_records=163840 acks=1 seconds=47.471022 payload_Gbitps=0.113 logical_iops=3451 thread_cpu_seconds=47.839906 cpu_wall_pct=100.8 target_cpu=96 affinity_applied=true start_cpu=96 end_cpu=96 voluntary_ctxt_switches=32 involuntary_ctxt_switches=165 migrations=0
zcofi-rma-target-worker: worker=1 streams=1 payload_bytes=671088640 wire_bytes=64 extents=163840 logical_records=163840 acks=1 seconds=46.546892 payload_Gbitps=0.115 logical_iops=3520 thread_cpu_seconds=46.928512 cpu_wall_pct=100.8 target_cpu=97 affinity_applied=true start_cpu=97 end_cpu=97 voluntary_ctxt_switches=34 involuntary_ctxt_switches=52 migrations=0
zcofi-rma-target-worker: worker=2 streams=1 payload_bytes=671088640 wire_bytes=64 extents=163840 logical_records=163840 acks=1 seconds=45.651711 payload_Gbitps=0.118 logical_iops=3589 thread_cpu_seconds=46.010648 cpu_wall_pct=100.8 target_cpu=98 affinity_applied=true start_cpu=98 end_cpu=98 voluntary_ctxt_switches=34 involuntary_ctxt_switches=51 migrations=0
zcofi-rma-target-worker: worker=3 streams=1 payload_bytes=671088640 wire_bytes=64 extents=163840 logical_records=163840 acks=1 seconds=44.741186 payload_Gbitps=0.120 logical_iops=3662 thread_cpu_seconds=45.112178 cpu_wall_pct=100.8 target_cpu=99 affinity_applied=true start_cpu=99 end_cpu=99 voluntary_ctxt_switches=33 involuntary_ctxt_switches=50 migrations=0
zcofi-rma-target-worker: worker=4 streams=1 payload_bytes=671088640 wire_bytes=64 extents=163840 logical_records=163840 acks=1 seconds=43.855121 payload_Gbitps=0.122 logical_iops=3736 thread_cpu_seconds=44.201957 cpu_wall_pct=100.8 target_cpu=100 affinity_applied=true start_cpu=100 end_cpu=100 voluntary_ctxt_switches=36 involuntary_ctxt_switches=48 migrations=0
zcofi-rma-target-worker: worker=5 streams=1 payload_bytes=671088640 wire_bytes=64 extents=163840 logical_records=163840 acks=1 seconds=42.873688 payload_Gbitps=0.125 logical_iops=3821 thread_cpu_seconds=43.265406 cpu_wall_pct=100.9 target_cpu=101 affinity_applied=true start_cpu=101 end_cpu=101 voluntary_ctxt_switches=36 involuntary_ctxt_switches=51 migrations=0
zcofi-rma-target-worker: worker=6 streams=1 payload_bytes=671088640 wire_bytes=64 extents=163840 logical_records=163840 acks=1 seconds=42.018625 payload_Gbitps=0.128 logical_iops=3899 thread_cpu_seconds=42.396689 cpu_wall_pct=100.9 target_cpu=102 affinity_applied=true start_cpu=102 end_cpu=102 voluntary_ctxt_switches=38 involuntary_ctxt_switches=52 migrations=0
zcofi-rma-target-worker: worker=7 streams=1 payload_bytes=671088640 wire_bytes=64 extents=163840 logical_records=163840 acks=1 seconds=41.097810 payload_Gbitps=0.131 logical_iops=3987 thread_cpu_seconds=41.480522 cpu_wall_pct=100.9 target_cpu=103 affinity_applied=true start_cpu=103 end_cpu=103 voluntary_ctxt_switches=40 involuntary_ctxt_switches=49 migrations=0
zcofi-rma-target-worker: worker=8 streams=1 payload_bytes=671088640 wire_bytes=64 extents=163840 logical_records=163840 acks=1 seconds=40.178838 payload_Gbitps=0.134 logical_iops=4078 thread_cpu_seconds=40.564677 cpu_wall_pct=101.0 target_cpu=104 affinity_applied=true start_cpu=104 end_cpu=104 voluntary_ctxt_switches=42 involuntary_ctxt_switches=48 migrations=0
zcofi-rma-target-worker: worker=9 streams=1 payload_bytes=671088640 wire_bytes=64 extents=163840 logical_records=163840 acks=1 seconds=39.340279 payload_Gbitps=0.136 logical_iops=4165 thread_cpu_seconds=39.691684 cpu_wall_pct=100.9 target_cpu=105 affinity_applied=true start_cpu=105 end_cpu=105 voluntary_ctxt_switches=44 involuntary_ctxt_switches=49 migrations=0
zcofi-rma-target-worker: worker=10 streams=1 payload_bytes=671088640 wire_bytes=64 extents=163840 logical_records=163840 acks=1 seconds=38.434085 payload_Gbitps=0.140 logical_iops=4263 thread_cpu_seconds=38.791892 cpu_wall_pct=100.9 target_cpu=106 affinity_applied=true start_cpu=106 end_cpu=106 voluntary_ctxt_switches=53 involuntary_ctxt_switches=47 migrations=0
zcofi-rma-target-worker: worker=11 streams=1 payload_bytes=671088640 wire_bytes=64 extents=163840 logical_records=163840 acks=1 seconds=37.525898 payload_Gbitps=0.143 logical_iops=4366 thread_cpu_seconds=37.888399 cpu_wall_pct=101.0 target_cpu=107 affinity_applied=true start_cpu=107 end_cpu=107 voluntary_ctxt_switches=53 involuntary_ctxt_switches=47 migrations=0
zcofi-rma-target-worker: worker=12 streams=1 payload_bytes=671088640 wire_bytes=64 extents=163840 logical_records=163840 acks=1 seconds=36.622333 payload_Gbitps=0.147 logical_iops=4474 thread_cpu_seconds=36.984098 cpu_wall_pct=101.0 target_cpu=108 affinity_applied=true start_cpu=108 end_cpu=108 voluntary_ctxt_switches=54 involuntary_ctxt_switches=50 migrations=0
zcofi-rma-target-worker: worker=13 streams=1 payload_bytes=671088640 wire_bytes=64 extents=163840 logical_records=163840 acks=1 seconds=35.702338 payload_Gbitps=0.150 logical_iops=4589 thread_cpu_seconds=36.076238 cpu_wall_pct=101.0 target_cpu=109 affinity_applied=true start_cpu=109 end_cpu=109 voluntary_ctxt_switches=53 involuntary_ctxt_switches=55 migrations=0
zcofi-rma-target-worker: worker=14 streams=1 payload_bytes=671088640 wire_bytes=64 extents=163840 logical_records=163840 acks=1 seconds=34.804269 payload_Gbitps=0.154 logical_iops=4707 thread_cpu_seconds=35.178692 cpu_wall_pct=101.1 target_cpu=110 affinity_applied=true start_cpu=110 end_cpu=110 voluntary_ctxt_switches=55 involuntary_ctxt_switches=45 migrations=0
zcofi-rma-target-worker: worker=15 streams=1 payload_bytes=671088640 wire_bytes=64 extents=163840 logical_records=163840 acks=1 seconds=33.885092 payload_Gbitps=0.158 logical_iops=4835 thread_cpu_seconds=34.264248 cpu_wall_pct=101.1 target_cpu=111 affinity_applied=true start_cpu=111 end_cpu=111 voluntary_ctxt_switches=56 involuntary_ctxt_switches=43 migrations=0
zcofi-rma-target-worker: worker=16 streams=1 payload_bytes=671088640 wire_bytes=64 extents=163840 logical_records=163840 acks=1 seconds=33.013532 payload_Gbitps=0.163 logical_iops=4963 thread_cpu_seconds=33.376042 cpu_wall_pct=101.1 target_cpu=112 affinity_applied=true start_cpu=112 end_cpu=112 voluntary_ctxt_switches=60 involuntary_ctxt_switches=42 migrations=0
zcofi-rma-target-worker: worker=17 streams=1 payload_bytes=671088640 wire_bytes=64 extents=163840 logical_records=163840 acks=1 seconds=32.119398 payload_Gbitps=0.167 logical_iops=5101 thread_cpu_seconds=32.478173 cpu_wall_pct=101.1 target_cpu=113 affinity_applied=true start_cpu=113 end_cpu=113 voluntary_ctxt_switches=62 involuntary_ctxt_switches=41 migrations=0
zcofi-rma-target-worker: worker=18 streams=1 payload_bytes=671088640 wire_bytes=64 extents=163840 logical_records=163840 acks=1 seconds=31.210171 payload_Gbitps=0.172 logical_iops=5250 thread_cpu_seconds=31.582003 cpu_wall_pct=101.2 target_cpu=114 affinity_applied=true start_cpu=114 end_cpu=114 voluntary_ctxt_switches=61 involuntary_ctxt_switches=39 migrations=0
zcofi-rma-target-worker: worker=19 streams=1 payload_bytes=671088640 wire_bytes=64 extents=163840 logical_records=163840 acks=1 seconds=30.312921 payload_Gbitps=0.177 logical_iops=5405 thread_cpu_seconds=30.680970 cpu_wall_pct=101.2 target_cpu=115 affinity_applied=true start_cpu=115 end_cpu=115 voluntary_ctxt_switches=65 involuntary_ctxt_switches=39 migrations=0
zcofi-rma-target-worker: worker=20 streams=1 payload_bytes=671088640 wire_bytes=64 extents=163840 logical_records=163840 acks=1 seconds=29.385307 payload_Gbitps=0.183 logical_iops=5576 thread_cpu_seconds=29.761011 cpu_wall_pct=101.3 target_cpu=116 affinity_applied=true start_cpu=116 end_cpu=116 voluntary_ctxt_switches=67 involuntary_ctxt_switches=38 migrations=0
zcofi-rma-target-worker: worker=21 streams=1 payload_bytes=671088640 wire_bytes=64 extents=163840 logical_records=163840 acks=1 seconds=28.502698 payload_Gbitps=0.188 logical_iops=5748 thread_cpu_seconds=28.878025 cpu_wall_pct=101.3 target_cpu=117 affinity_applied=true start_cpu=117 end_cpu=117 voluntary_ctxt_switches=68 involuntary_ctxt_switches=37 migrations=0
zcofi-rma-target-worker: worker=22 streams=1 payload_bytes=671088640 wire_bytes=64 extents=163840 logical_records=163840 acks=1 seconds=27.507401 payload_Gbitps=0.195 logical_iops=5956 thread_cpu_seconds=27.895769 cpu_wall_pct=101.4 target_cpu=118 affinity_applied=true start_cpu=118 end_cpu=118 voluntary_ctxt_switches=70 involuntary_ctxt_switches=35 migrations=0
zcofi-rma-target-worker: worker=23 streams=1 payload_bytes=671088640 wire_bytes=64 extents=163840 logical_records=163840 acks=1 seconds=26.713563 payload_Gbitps=0.201 logical_iops=6133 thread_cpu_seconds=27.083112 cpu_wall_pct=101.4 target_cpu=119 affinity_applied=true start_cpu=119 end_cpu=119 voluntary_ctxt_switches=73 involuntary_ctxt_switches=35 migrations=0
zcofi-rma-target-worker: worker=24 streams=1 payload_bytes=671088640 wire_bytes=64 extents=163840 logical_records=163840 acks=1 seconds=25.751096 payload_Gbitps=0.208 logical_iops=6362 thread_cpu_seconds=26.136651 cpu_wall_pct=101.5 target_cpu=120 affinity_applied=true start_cpu=120 end_cpu=120 voluntary_ctxt_switches=74 involuntary_ctxt_switches=33 migrations=0
zcofi-rma-target-worker: worker=25 streams=1 payload_bytes=671088640 wire_bytes=64 extents=163840 logical_records=163840 acks=1 seconds=24.905724 payload_Gbitps=0.216 logical_iops=6578 thread_cpu_seconds=25.277774 cpu_wall_pct=101.5 target_cpu=121 affinity_applied=true start_cpu=121 end_cpu=121 voluntary_ctxt_switches=75 involuntary_ctxt_switches=32 migrations=0
zcofi-rma-target-worker: worker=26 streams=1 payload_bytes=671088640 wire_bytes=64 extents=163840 logical_records=163840 acks=1 seconds=23.900404 payload_Gbitps=0.225 logical_iops=6855 thread_cpu_seconds=24.282713 cpu_wall_pct=101.6 target_cpu=122 affinity_applied=true start_cpu=122 end_cpu=122 voluntary_ctxt_switches=76 involuntary_ctxt_switches=31 migrations=0
zcofi-rma-target-worker: worker=27 streams=1 payload_bytes=671088640 wire_bytes=64 extents=163840 logical_records=163840 acks=1 seconds=23.133526 payload_Gbitps=0.232 logical_iops=7082 thread_cpu_seconds=23.485206 cpu_wall_pct=101.5 target_cpu=123 affinity_applied=true start_cpu=123 end_cpu=123 voluntary_ctxt_switches=82 involuntary_ctxt_switches=29 migrations=0
zcofi-rma-target-worker: worker=28 streams=1 payload_bytes=671088640 wire_bytes=64 extents=163840 logical_records=163840 acks=1 seconds=22.239642 payload_Gbitps=0.241 logical_iops=7367 thread_cpu_seconds=22.591843 cpu_wall_pct=101.6 target_cpu=124 affinity_applied=true start_cpu=124 end_cpu=124 voluntary_ctxt_switches=85 involuntary_ctxt_switches=28 migrations=0
zcofi-rma-target-worker: worker=29 streams=1 payload_bytes=671088640 wire_bytes=64 extents=163840 logical_records=163840 acks=1 seconds=21.344575 payload_Gbitps=0.252 logical_iops=7676 thread_cpu_seconds=21.692553 cpu_wall_pct=101.6 target_cpu=125 affinity_applied=true start_cpu=125 end_cpu=125 voluntary_ctxt_switches=85 involuntary_ctxt_switches=28 migrations=0
zcofi-rma-target-worker: worker=30 streams=1 payload_bytes=671088640 wire_bytes=64 extents=163840 logical_records=163840 acks=1 seconds=20.414040 payload_Gbitps=0.263 logical_iops=8026 thread_cpu_seconds=20.793216 cpu_wall_pct=101.9 target_cpu=126 affinity_applied=true start_cpu=126 end_cpu=126 voluntary_ctxt_switches=84 involuntary_ctxt_switches=27 migrations=0
zcofi-rma-target-worker: worker=31 streams=1 payload_bytes=671088640 wire_bytes=64 extents=163840 logical_records=163840 acks=1 seconds=19.483942 payload_Gbitps=0.276 logical_iops=8409 thread_cpu_seconds=19.865756 cpu_wall_pct=102.0 target_cpu=127 affinity_applied=true start_cpu=127 end_cpu=127 voluntary_ctxt_switches=86 involuntary_ctxt_switches=25 migrations=0
zcofi-rma-target-worker: worker=32 streams=1 payload_bytes=671088640 wire_bytes=64 extents=163840 logical_records=163840 acks=1 seconds=18.621230 payload_Gbitps=0.288 logical_iops=8799 thread_cpu_seconds=18.996512 cpu_wall_pct=102.0 target_cpu=128 affinity_applied=true start_cpu=128 end_cpu=128 voluntary_ctxt_switches=90 involuntary_ctxt_switches=24 migrations=0
zcofi-rma-target-worker: worker=33 streams=1 payload_bytes=671088640 wire_bytes=64 extents=163840 logical_records=163840 acks=1 seconds=17.698827 payload_Gbitps=0.303 logical_iops=9257 thread_cpu_seconds=18.080420 cpu_wall_pct=102.2 target_cpu=129 affinity_applied=true start_cpu=129 end_cpu=129 voluntary_ctxt_switches=90 involuntary_ctxt_switches=23 migrations=0
zcofi-rma-target-worker: worker=34 streams=1 payload_bytes=671088640 wire_bytes=64 extents=163840 logical_records=163840 acks=1 seconds=16.817326 payload_Gbitps=0.319 logical_iops=9742 thread_cpu_seconds=17.191889 cpu_wall_pct=102.2 target_cpu=130 affinity_applied=true start_cpu=130 end_cpu=130 voluntary_ctxt_switches=92 involuntary_ctxt_switches=22 migrations=0
zcofi-rma-target-worker: worker=35 streams=1 payload_bytes=671088640 wire_bytes=64 extents=163840 logical_records=163840 acks=1 seconds=15.936191 payload_Gbitps=0.337 logical_iops=10281 thread_cpu_seconds=16.293324 cpu_wall_pct=102.2 target_cpu=131 affinity_applied=true start_cpu=131 end_cpu=131 voluntary_ctxt_switches=98 involuntary_ctxt_switches=21 migrations=0
zcofi-rma-target-worker: worker=36 streams=1 payload_bytes=671088640 wire_bytes=64 extents=163840 logical_records=163840 acks=1 seconds=15.018625 payload_Gbitps=0.357 logical_iops=10909 thread_cpu_seconds=15.392567 cpu_wall_pct=102.5 target_cpu=132 affinity_applied=true start_cpu=132 end_cpu=132 voluntary_ctxt_switches=97 involuntary_ctxt_switches=19 migrations=0
zcofi-rma-target-worker: worker=37 streams=1 payload_bytes=671088640 wire_bytes=64 extents=163840 logical_records=163840 acks=1 seconds=14.130458 payload_Gbitps=0.380 logical_iops=11595 thread_cpu_seconds=14.487329 cpu_wall_pct=102.5 target_cpu=133 affinity_applied=true start_cpu=133 end_cpu=133 voluntary_ctxt_switches=97 involuntary_ctxt_switches=18 migrations=0
zcofi-rma-target-worker: worker=38 streams=1 payload_bytes=671088640 wire_bytes=64 extents=163840 logical_records=163840 acks=1 seconds=13.197745 payload_Gbitps=0.407 logical_iops=12414 thread_cpu_seconds=13.576329 cpu_wall_pct=102.9 target_cpu=134 affinity_applied=true start_cpu=134 end_cpu=134 voluntary_ctxt_switches=99 involuntary_ctxt_switches=18 migrations=0
zcofi-rma-target-worker: worker=39 streams=1 payload_bytes=671088640 wire_bytes=64 extents=163840 logical_records=163840 acks=1 seconds=12.318262 payload_Gbitps=0.436 logical_iops=13301 thread_cpu_seconds=12.686865 cpu_wall_pct=103.0 target_cpu=135 affinity_applied=true start_cpu=135 end_cpu=135 voluntary_ctxt_switches=104 involuntary_ctxt_switches=17 migrations=0
zcofi-rma-target-worker: worker=40 streams=1 payload_bytes=671088640 wire_bytes=64 extents=163840 logical_records=163840 acks=1 seconds=11.426936 payload_Gbitps=0.470 logical_iops=14338 thread_cpu_seconds=11.775779 cpu_wall_pct=103.1 target_cpu=136 affinity_applied=true start_cpu=136 end_cpu=136 voluntary_ctxt_switches=103 involuntary_ctxt_switches=15 migrations=0
zcofi-rma-target-worker: worker=41 streams=1 payload_bytes=671088640 wire_bytes=64 extents=163840 logical_records=163840 acks=1 seconds=10.517810 payload_Gbitps=0.510 logical_iops=15577 thread_cpu_seconds=10.883336 cpu_wall_pct=103.5 target_cpu=137 affinity_applied=true start_cpu=137 end_cpu=137 voluntary_ctxt_switches=109 involuntary_ctxt_switches=16 migrations=0
zcofi-rma-target-worker: worker=42 streams=1 payload_bytes=671088640 wire_bytes=64 extents=163840 logical_records=163840 acks=1 seconds=9.623642 payload_Gbitps=0.558 logical_iops=17025 thread_cpu_seconds=9.976205 cpu_wall_pct=103.7 target_cpu=138 affinity_applied=true start_cpu=138 end_cpu=138 voluntary_ctxt_switches=106 involuntary_ctxt_switches=13 migrations=0
zcofi-rma-target-worker: worker=43 streams=1 payload_bytes=671088640 wire_bytes=64 extents=163840 logical_records=163840 acks=1 seconds=8.723954 payload_Gbitps=0.615 logical_iops=18780 thread_cpu_seconds=9.072580 cpu_wall_pct=104.0 target_cpu=139 affinity_applied=true start_cpu=139 end_cpu=139 voluntary_ctxt_switches=111 involuntary_ctxt_switches=12 migrations=0
zcofi-rma-target-worker: worker=44 streams=1 payload_bytes=671088640 wire_bytes=64 extents=163840 logical_records=163840 acks=1 seconds=7.821393 payload_Gbitps=0.686 logical_iops=20948 thread_cpu_seconds=8.172363 cpu_wall_pct=104.5 target_cpu=140 affinity_applied=true start_cpu=140 end_cpu=140 voluntary_ctxt_switches=110 involuntary_ctxt_switches=10 migrations=0
zcofi-rma-target-worker: worker=45 streams=1 payload_bytes=671088640 wire_bytes=64 extents=163840 logical_records=163840 acks=1 seconds=6.918332 payload_Gbitps=0.776 logical_iops=23682 thread_cpu_seconds=7.269707 cpu_wall_pct=105.1 target_cpu=141 affinity_applied=true start_cpu=141 end_cpu=141 voluntary_ctxt_switches=111 involuntary_ctxt_switches=10 migrations=0
zcofi-rma-target-worker: worker=46 streams=1 payload_bytes=671088640 wire_bytes=64 extents=163840 logical_records=163840 acks=1 seconds=6.015885 payload_Gbitps=0.892 logical_iops=27235 thread_cpu_seconds=6.369972 cpu_wall_pct=105.9 target_cpu=142 affinity_applied=true start_cpu=142 end_cpu=142 voluntary_ctxt_switches=113 involuntary_ctxt_switches=9 migrations=0
zcofi-rma-target-worker: worker=47 streams=1 payload_bytes=671088640 wire_bytes=64 extents=163840 logical_records=163840 acks=1 seconds=5.097576 payload_Gbitps=1.053 logical_iops=32141 thread_cpu_seconds=5.471660 cpu_wall_pct=107.3 target_cpu=143 affinity_applied=true start_cpu=143 end_cpu=143 voluntary_ctxt_switches=115 involuntary_ctxt_switches=7 migrations=0
zcofi-rma-target-summary: payload_bytes=32212254720 wire_bytes=3072 extents=7864320 logical_records=7864320 doorbells=48 seconds=47.471022 payload_Gbitps=5.429 logical_iops=165666 voluntary_ctxt_switches=3511 involuntary_ctxt_switches=1695 migrations=0
