remote-pair-start: utc=2026-08-13T01:20:20Z card=1 mode=read repeat=1 lanes=48 workers=48 per_worker_qd=256 aggregate_outstanding_depth=12288 bytes_per_lane=640M access_pattern=random-permutation completion=initiator-local-cq-data-visible domain=efa_1-rdm fabric=efa-direct iface=efa_1 target_ip=172.31.47.13 lane_to_worker_cpu_domain=lane0:worker0:cpu96:efa_1-rdm;lane1:worker1:cpu97:efa_1-rdm;lane2:worker2:cpu98:efa_1-rdm;lane3:worker3:cpu99:efa_1-rdm;lane4:worker4:cpu100:efa_1-rdm;lane5:worker5:cpu101:efa_1-rdm;lane6:worker6:cpu102:efa_1-rdm;lane7:worker7:cpu103:efa_1-rdm;lane8:worker8:cpu104:efa_1-rdm;lane9:worker9:cpu105:efa_1-rdm;lane10:worker10:cpu106:efa_1-rdm;lane11:worker11:cpu107:efa_1-rdm;lane12:worker12:cpu108:efa_1-rdm;lane13:worker13:cpu109:efa_1-rdm;lane14:worker14:cpu110:efa_1-rdm;lane15:worker15:cpu111:efa_1-rdm;lane16:worker16:cpu112:efa_1-rdm;lane17:worker17:cpu113:efa_1-rdm;lane18:worker18:cpu114:efa_1-rdm;lane19:worker19:cpu115:efa_1-rdm;lane20:worker20:cpu116:efa_1-rdm;lane21:worker21:cpu117:efa_1-rdm;lane22:worker22:cpu118:efa_1-rdm;lane23:worker23:cpu119:efa_1-rdm;lane24:worker24:cpu120:efa_1-rdm;lane25:worker25:cpu121:efa_1-rdm;lane26:worker26:cpu122:efa_1-rdm;lane27:worker27:cpu123:efa_1-rdm;lane28:worker28:cpu124:efa_1-rdm;lane29:worker29:cpu125:efa_1-rdm;lane30:worker30:cpu126:efa_1-rdm;lane31:worker31:cpu127:efa_1-rdm;lane32:worker32:cpu128:efa_1-rdm;lane33:worker33:cpu129:efa_1-rdm;lane34:worker34:cpu130:efa_1-rdm;lane35:worker35:cpu131:efa_1-rdm;lane36:worker36:cpu132:efa_1-rdm;lane37:worker37:cpu133:efa_1-rdm;lane38:worker38:cpu134:efa_1-rdm;lane39:worker39:cpu135:efa_1-rdm;lane40:worker40:cpu136:efa_1-rdm;lane41:worker41:cpu137:efa_1-rdm;lane42:worker42:cpu138:efa_1-rdm;lane43:worker43:cpu139:efa_1-rdm;lane44:worker44:cpu140:efa_1-rdm;lane45:worker45:cpu141:efa_1-rdm;lane46:worker46:cpu142:efa_1-rdm;lane47:worker47:cpu143:efa_1-rdm shared_system=yes
zcofi-rma-read-memory-preflight: queue_registered_estimate_bytes=125829120 minimum_working_set_registered_bytes=50331648 conservative_registered_bytes=125829120 hugepages_total=32768 hugepages_free=32768 hugepage_size_bytes=2097152 needed_hugepages=60 memlock_bytes=unlimited
zcofi-rma-read-lane-map: lane=0 worker=0 cpu=96 domain=efa_1-rdm scheduling=one-worker-per-lane aggregate_mapping_declared=yes
zcofi-rma-read-lane-map: lane=1 worker=1 cpu=97 domain=efa_1-rdm scheduling=one-worker-per-lane aggregate_mapping_declared=yes
zcofi-rma-read-lane-map: lane=2 worker=2 cpu=98 domain=efa_1-rdm scheduling=one-worker-per-lane aggregate_mapping_declared=yes
zcofi-rma-read-lane-map: lane=3 worker=3 cpu=99 domain=efa_1-rdm scheduling=one-worker-per-lane aggregate_mapping_declared=yes
zcofi-rma-read-lane-map: lane=4 worker=4 cpu=100 domain=efa_1-rdm scheduling=one-worker-per-lane aggregate_mapping_declared=yes
zcofi-rma-read-lane-map: lane=5 worker=5 cpu=101 domain=efa_1-rdm scheduling=one-worker-per-lane aggregate_mapping_declared=yes
zcofi-rma-read-lane-map: lane=6 worker=6 cpu=102 domain=efa_1-rdm scheduling=one-worker-per-lane aggregate_mapping_declared=yes
zcofi-rma-read-lane-map: lane=7 worker=7 cpu=103 domain=efa_1-rdm scheduling=one-worker-per-lane aggregate_mapping_declared=yes
zcofi-rma-read-lane-map: lane=8 worker=8 cpu=104 domain=efa_1-rdm scheduling=one-worker-per-lane aggregate_mapping_declared=yes
zcofi-rma-read-lane-map: lane=9 worker=9 cpu=105 domain=efa_1-rdm scheduling=one-worker-per-lane aggregate_mapping_declared=yes
zcofi-rma-read-lane-map: lane=10 worker=10 cpu=106 domain=efa_1-rdm scheduling=one-worker-per-lane aggregate_mapping_declared=yes
zcofi-rma-read-lane-map: lane=11 worker=11 cpu=107 domain=efa_1-rdm scheduling=one-worker-per-lane aggregate_mapping_declared=yes
zcofi-rma-read-lane-map: lane=12 worker=12 cpu=108 domain=efa_1-rdm scheduling=one-worker-per-lane aggregate_mapping_declared=yes
zcofi-rma-read-lane-map: lane=13 worker=13 cpu=109 domain=efa_1-rdm scheduling=one-worker-per-lane aggregate_mapping_declared=yes
zcofi-rma-read-lane-map: lane=14 worker=14 cpu=110 domain=efa_1-rdm scheduling=one-worker-per-lane aggregate_mapping_declared=yes
zcofi-rma-read-lane-map: lane=15 worker=15 cpu=111 domain=efa_1-rdm scheduling=one-worker-per-lane aggregate_mapping_declared=yes
zcofi-rma-read-lane-map: lane=16 worker=16 cpu=112 domain=efa_1-rdm scheduling=one-worker-per-lane aggregate_mapping_declared=yes
zcofi-rma-read-lane-map: lane=17 worker=17 cpu=113 domain=efa_1-rdm scheduling=one-worker-per-lane aggregate_mapping_declared=yes
zcofi-rma-read-lane-map: lane=18 worker=18 cpu=114 domain=efa_1-rdm scheduling=one-worker-per-lane aggregate_mapping_declared=yes
zcofi-rma-read-lane-map: lane=19 worker=19 cpu=115 domain=efa_1-rdm scheduling=one-worker-per-lane aggregate_mapping_declared=yes
zcofi-rma-read-lane-map: lane=20 worker=20 cpu=116 domain=efa_1-rdm scheduling=one-worker-per-lane aggregate_mapping_declared=yes
zcofi-rma-read-lane-map: lane=21 worker=21 cpu=117 domain=efa_1-rdm scheduling=one-worker-per-lane aggregate_mapping_declared=yes
zcofi-rma-read-lane-map: lane=22 worker=22 cpu=118 domain=efa_1-rdm scheduling=one-worker-per-lane aggregate_mapping_declared=yes
zcofi-rma-read-lane-map: lane=23 worker=23 cpu=119 domain=efa_1-rdm scheduling=one-worker-per-lane aggregate_mapping_declared=yes
zcofi-rma-read-lane-map: lane=24 worker=24 cpu=120 domain=efa_1-rdm scheduling=one-worker-per-lane aggregate_mapping_declared=yes
zcofi-rma-read-lane-map: lane=25 worker=25 cpu=121 domain=efa_1-rdm scheduling=one-worker-per-lane aggregate_mapping_declared=yes
zcofi-rma-read-lane-map: lane=26 worker=26 cpu=122 domain=efa_1-rdm scheduling=one-worker-per-lane aggregate_mapping_declared=yes
zcofi-rma-read-lane-map: lane=27 worker=27 cpu=123 domain=efa_1-rdm scheduling=one-worker-per-lane aggregate_mapping_declared=yes
zcofi-rma-read-lane-map: lane=28 worker=28 cpu=124 domain=efa_1-rdm scheduling=one-worker-per-lane aggregate_mapping_declared=yes
zcofi-rma-read-lane-map: lane=29 worker=29 cpu=125 domain=efa_1-rdm scheduling=one-worker-per-lane aggregate_mapping_declared=yes
zcofi-rma-read-lane-map: lane=30 worker=30 cpu=126 domain=efa_1-rdm scheduling=one-worker-per-lane aggregate_mapping_declared=yes
zcofi-rma-read-lane-map: lane=31 worker=31 cpu=127 domain=efa_1-rdm scheduling=one-worker-per-lane aggregate_mapping_declared=yes
zcofi-rma-read-lane-map: lane=32 worker=32 cpu=128 domain=efa_1-rdm scheduling=one-worker-per-lane aggregate_mapping_declared=yes
zcofi-rma-read-lane-map: lane=33 worker=33 cpu=129 domain=efa_1-rdm scheduling=one-worker-per-lane aggregate_mapping_declared=yes
zcofi-rma-read-lane-map: lane=34 worker=34 cpu=130 domain=efa_1-rdm scheduling=one-worker-per-lane aggregate_mapping_declared=yes
zcofi-rma-read-lane-map: lane=35 worker=35 cpu=131 domain=efa_1-rdm scheduling=one-worker-per-lane aggregate_mapping_declared=yes
zcofi-rma-read-lane-map: lane=36 worker=36 cpu=132 domain=efa_1-rdm scheduling=one-worker-per-lane aggregate_mapping_declared=yes
zcofi-rma-read-lane-map: lane=37 worker=37 cpu=133 domain=efa_1-rdm scheduling=one-worker-per-lane aggregate_mapping_declared=yes
zcofi-rma-read-lane-map: lane=38 worker=38 cpu=134 domain=efa_1-rdm scheduling=one-worker-per-lane aggregate_mapping_declared=yes
zcofi-rma-read-lane-map: lane=39 worker=39 cpu=135 domain=efa_1-rdm scheduling=one-worker-per-lane aggregate_mapping_declared=yes
zcofi-rma-read-lane-map: lane=40 worker=40 cpu=136 domain=efa_1-rdm scheduling=one-worker-per-lane aggregate_mapping_declared=yes
zcofi-rma-read-lane-map: lane=41 worker=41 cpu=137 domain=efa_1-rdm scheduling=one-worker-per-lane aggregate_mapping_declared=yes
zcofi-rma-read-lane-map: lane=42 worker=42 cpu=138 domain=efa_1-rdm scheduling=one-worker-per-lane aggregate_mapping_declared=yes
zcofi-rma-read-lane-map: lane=43 worker=43 cpu=139 domain=efa_1-rdm scheduling=one-worker-per-lane aggregate_mapping_declared=yes
zcofi-rma-read-lane-map: lane=44 worker=44 cpu=140 domain=efa_1-rdm scheduling=one-worker-per-lane aggregate_mapping_declared=yes
zcofi-rma-read-lane-map: lane=45 worker=45 cpu=141 domain=efa_1-rdm scheduling=one-worker-per-lane aggregate_mapping_declared=yes
zcofi-rma-read-lane-map: lane=46 worker=46 cpu=142 domain=efa_1-rdm scheduling=one-worker-per-lane aggregate_mapping_declared=yes
zcofi-rma-read-lane-map: lane=47 worker=47 cpu=143 domain=efa_1-rdm scheduling=one-worker-per-lane aggregate_mapping_declared=yes
zcofi-rma-read: provider=efa endpoint=rdm addr=172.31.47.13 base_service=49020 lanes=48 workers=48 per_lane_qd=256 per_worker_qd_min=256 per_worker_qd_max=256 aggregate_outstanding_depth=12288 endpoint_count=48 cq_owner_count=48 endpoint_to_owner_map=w0:[0];w1:[1];w2:[2];w3:[3];w4:[4];w5:[5];w6:[6];w7:[7];w8:[8];w9:[9];w10:[10];w11:[11];w12:[12];w13:[13];w14:[14];w15:[15];w16:[16];w17:[17];w18:[18];w19:[19];w20:[20];w21:[21];w22:[22];w23:[23];w24:[24];w25:[25];w26:[26];w27:[27];w28:[28];w29:[29];w30:[30];w31:[31];w32:[32];w33:[33];w34:[34];w35:[35];w36:[36];w37:[37];w38:[38];w39:[39];w40:[40];w41:[41];w42:[42];w43:[43];w44:[44];w45:[45];w46:[46];w47:[47] lane_to_worker_mapping=w0:[0];w1:[1];w2:[2];w3:[3];w4:[4];w5:[5];w6:[6];w7:[7];w8:[8];w9:[9];w10:[10];w11:[11];w12:[12];w13:[13];w14:[14];w15:[15];w16:[16];w17:[17];w18:[18];w19:[19];w20:[20];w21:[21];w22:[22];w23:[23];w24:[24];w25:[25];w26:[26];w27:[27];w28:[28];w29:[29];w30:[30];w31:[31];w32:[32];w33:[33];w34:[34];w35:[35];w36:[36];w37:[37];w38:[38];w39:[39];w40:[40];w41:[41];w42:[42];w43:[43];w44:[44];w45:[45];w46:[46];w47:[47] bytes_per_lane=671088640 extent_bytes=4096 direct_rma_read=yes completion=initiator-local-cq-data-visible access_pattern=random-permutation local_registration_scope=fixed-buffer-per-outstanding-operation local_registered_bytes_per_lane=1048576 target_payload_pattern=fill:0xa5 records_per_extent=1 timeout_ms=60000 busy_poll_iters=1000000 cq_sleep_ns=0 ofi_domain=efa_1-rdm ofi_fabric=efa-direct setup_admission=lane-ascending-serial start_barrier=all-client-workers-after-endpoint-mr-setup
zcofi-rma-read-worker: affinity_index=0 target_cpu=96 status=ok
zcofi-rma-read-worker: affinity_index=1 target_cpu=97 status=ok
zcofi-rma-setup-admission: role=client-read lane=0 order=lane-ascending parallelism=1 phase=endpoint-control-warmup-mr status=admitted
zcofi-rma-read-worker: affinity_index=2 target_cpu=98 status=ok
zcofi-rma-read-worker: affinity_index=3 target_cpu=99 status=ok
zcofi-rma-read-worker: affinity_index=13 target_cpu=109 status=ok
zcofi-rma-read-worker: affinity_index=15 target_cpu=111 status=ok
zcofi-rma-read-worker: affinity_index=17 target_cpu=113 status=ok
zcofi-rma-read-worker: affinity_index=5 target_cpu=101 status=ok
zcofi-rma-read-worker: affinity_index=12 target_cpu=108 status=ok
zcofi-rma-read-worker: affinity_index=7 target_cpu=103 status=ok
zcofi-rma-read-worker: affinity_index=9 target_cpu=105 status=ok
zcofi-rma-read-worker: affinity_index=14 target_cpu=110 status=ok
zcofi-rma-read-worker: affinity_index=18 target_cpu=114 status=ok
zcofi-rma-read-worker: affinity_index=4 target_cpu=100 status=ok
zcofi-rma-read-worker: affinity_index=10 target_cpu=106 status=ok
zcofi-rma-read-worker: affinity_index=19 target_cpu=115 status=ok
zcofi-rma-read-worker: affinity_index=8 target_cpu=104 status=ok
zcofi-rma-read-worker: affinity_index=11 target_cpu=107 status=ok
zcofi-rma-read-worker: affinity_index=16 target_cpu=112 status=ok
zcofi-rma-read-worker: affinity_index=6 target_cpu=102 status=ok
zcofi-rma-read-worker: affinity_index=20 target_cpu=116 status=ok
zcofi-rma-read-worker: affinity_index=21 target_cpu=117 status=ok
zcofi-rma-read-worker: affinity_index=22 target_cpu=118 status=ok
zcofi-rma-read-worker: affinity_index=23 target_cpu=119 status=ok
zcofi-rma-read-worker: affinity_index=24 target_cpu=120 status=ok
zcofi-rma-read-worker: affinity_index=25 target_cpu=121 status=ok
zcofi-rma-read-worker: affinity_index=26 target_cpu=122 status=ok
zcofi-rma-read-worker: affinity_index=27 target_cpu=123 status=ok
zcofi-rma-read-worker: affinity_index=28 target_cpu=124 status=ok
zcofi-rma-read-worker: affinity_index=29 target_cpu=125 status=ok
zcofi-rma-read-worker: affinity_index=30 target_cpu=126 status=ok
zcofi-rma-read-worker: affinity_index=31 target_cpu=127 status=ok
zcofi-rma-read-worker: affinity_index=32 target_cpu=128 status=ok
zcofi-rma-read-worker: affinity_index=33 target_cpu=129 status=ok
zcofi-rma-read-worker: affinity_index=34 target_cpu=130 status=ok
zcofi-rma-read-worker: affinity_index=35 target_cpu=131 status=ok
zcofi-rma-read-worker: affinity_index=36 target_cpu=132 status=ok
zcofi-rma-read-worker: affinity_index=37 target_cpu=133 status=ok
zcofi-rma-read-worker: affinity_index=38 target_cpu=134 status=ok
zcofi-rma-read-worker: affinity_index=39 target_cpu=135 status=ok
zcofi-rma-read-worker: affinity_index=40 target_cpu=136 status=ok
zcofi-rma-read-worker: affinity_index=41 target_cpu=137 status=ok
zcofi-rma-read-worker: affinity_index=42 target_cpu=138 status=ok
zcofi-rma-read-worker: affinity_index=44 target_cpu=140 status=ok
zcofi-rma-read-worker: affinity_index=43 target_cpu=139 status=ok
zcofi-rma-read-worker: affinity_index=45 target_cpu=141 status=ok
zcofi-rma-read-worker: affinity_index=46 target_cpu=142 status=ok
zcofi-rma-read-worker: affinity_index=47 target_cpu=143 status=ok
zcofi-endpoint-profile: provider=efa fabric=efa-direct domain=efa_1-rdm device=efa_1 endpoint_type=3 api_requested=2.0 api_query=2.0 api_returned=2.0 caps=6755399441071878 mode=4503599627370496 mr_mode=116 mr_local=1 mr_virt_addr=1 control_progress=1 data_progress=1 max_msg_size=8928 max_msg_size_query_rc=0 max_rma_size=1073741824 max_rma_size_query_rc=0 inject_size=32 rma_iov_limit=1 efa=1 efa_direct=1 efa_emulated_read=0 efa_emulated_read_query_rc=0 efa_emulated_write=0 efa_emulated_write_query_rc=0 efa_write_high_pps_available=0 efa_write_high_pps_requested=0 efa_write_high_pps_effective=0 efa_write_high_pps_verified=0 provider_tx_queue_requested=576 provider_tx_queue_size=576 provider_rx_queue_requested=64 provider_rx_queue_size=64 tx_cq_size=640 tx_cq_required=640 rx_cq_size=128 rx_cq_required=128 tx_cq_batch=64 rx_cq_batch=64 cq_headroom=64 cq_sleep_ns=0 strict_topology=1 selective_completion=0 rma_write_delivery_complete=1 rma_write_more=0 rma_write_more_burst=64
zcofi-control-client: addr=172.31.47.13:50020 local_addr_bytes=32 remote_addr_bytes=32 peer_profile_validated=yes wire_contract=zcofi-rma-window-v4;lanes=48;bytes_per_lane=671088640;extent=4096;cm_warmup=client-send-server-recv;done=operation-plus-payload-digest
zcofi-control-client-peer-profile: provider=efa fabric=efa-direct domain=efa_1-rdm device=efa_1 endpoint_type=3 api_requested=2.0 api_query=2.0 api_returned=2.0 caps=6755399441071878 mode=4503599627370496 mr_mode=116 mr_local=1 mr_virt_addr=1 control_progress=1 data_progress=1 max_msg_size=8928 max_msg_size_query_rc=0 max_rma_size=1073741824 max_rma_size_query_rc=0 inject_size=32 rma_iov_limit=1 efa=1 efa_direct=1 efa_emulated_read=0 efa_emulated_read_query_rc=0 efa_emulated_write=0 efa_emulated_write_query_rc=0 efa_write_high_pps_available=0 efa_write_high_pps_requested=0 efa_write_high_pps_effective=0 efa_write_high_pps_verified=0 provider_tx_queue_requested=576 provider_tx_queue_size=576 provider_rx_queue_requested=64 provider_rx_queue_size=64 tx_cq_size=640 tx_cq_required=640 rx_cq_size=128 rx_cq_required=128 tx_cq_batch=64 rx_cq_batch=64 cq_headroom=64 cq_sleep_ns=0 strict_topology=1 selective_completion=0 rma_write_delivery_complete=1 rma_write_more=0 rma_write_more_burst=64
zcofi-rma-connection-warmup: role=client lane=0 provider=efa direction=client-send-server-recv bytes=16 status=sent
tcp-bench-connect-route-probe: peer=172.31.47.13:50020 local_socket=172.31.36.232:52696 probe_src=172.31.36.232 route_dev=ens68 route_src=172.31.36.232 route="172.31.47.13 from 172.31.36.232 dev ens68 uid 1000 \ cache"
zcofi-rma-read-lane: worker=0 lane=0 provider=efa endpoint=rdm addr=172.31.47.13 service=49020 control_port=50020 remote_addr=0x0000fb24d3fff010 remote_key=0x00000000001000c6 extent_bytes=4096 queue_depth=256 registered_buffer_bytes=1048576 max_msg_size=8928 max_rma_size=1073741824 inject_size=32 completion=initiator-local-cq-data-visible local_registration_scope=fixed-buffer-per-outstanding-operation cq_processing=batched access_pattern=random-permutation permutation_start=104876 permutation_stride=92123
zcofi-rma-setup-admission: role=client-read lane=0 order=lane-ascending parallelism=1 phase=endpoint-control-warmup-mr status=complete
zcofi-rma-start-barrier: role=client-read worker=0 streams=1 ready_workers=1 worker_count=48 failure_aware=yes status=ready
zcofi-rma-setup-admission: role=client-read lane=1 order=lane-ascending parallelism=1 phase=endpoint-control-warmup-mr status=admitted
zcofi-endpoint-profile: provider=efa fabric=efa-direct domain=efa_1-rdm device=efa_1 endpoint_type=3 api_requested=2.0 api_query=2.0 api_returned=2.0 caps=6755399441071878 mode=4503599627370496 mr_mode=116 mr_local=1 mr_virt_addr=1 control_progress=1 data_progress=1 max_msg_size=8928 max_msg_size_query_rc=0 max_rma_size=1073741824 max_rma_size_query_rc=0 inject_size=32 rma_iov_limit=1 efa=1 efa_direct=1 efa_emulated_read=0 efa_emulated_read_query_rc=0 efa_emulated_write=0 efa_emulated_write_query_rc=0 efa_write_high_pps_available=0 efa_write_high_pps_requested=0 efa_write_high_pps_effective=0 efa_write_high_pps_verified=0 provider_tx_queue_requested=576 provider_tx_queue_size=576 provider_rx_queue_requested=64 provider_rx_queue_size=64 tx_cq_size=640 tx_cq_required=640 rx_cq_size=128 rx_cq_required=128 tx_cq_batch=64 rx_cq_batch=64 cq_headroom=64 cq_sleep_ns=0 strict_topology=1 selective_completion=0 rma_write_delivery_complete=1 rma_write_more=0 rma_write_more_burst=64
zcofi-control-client: addr=172.31.47.13:50021 local_addr_bytes=32 remote_addr_bytes=32 peer_profile_validated=yes wire_contract=zcofi-rma-window-v4;lanes=48;bytes_per_lane=671088640;extent=4096;cm_warmup=client-send-server-recv;done=operation-plus-payload-digest
zcofi-control-client-peer-profile: provider=efa fabric=efa-direct domain=efa_1-rdm device=efa_1 endpoint_type=3 api_requested=2.0 api_query=2.0 api_returned=2.0 caps=6755399441071878 mode=4503599627370496 mr_mode=116 mr_local=1 mr_virt_addr=1 control_progress=1 data_progress=1 max_msg_size=8928 max_msg_size_query_rc=0 max_rma_size=1073741824 max_rma_size_query_rc=0 inject_size=32 rma_iov_limit=1 efa=1 efa_direct=1 efa_emulated_read=0 efa_emulated_read_query_rc=0 efa_emulated_write=0 efa_emulated_write_query_rc=0 efa_write_high_pps_available=0 efa_write_high_pps_requested=0 efa_write_high_pps_effective=0 efa_write_high_pps_verified=0 provider_tx_queue_requested=576 provider_tx_queue_size=576 provider_rx_queue_requested=64 provider_rx_queue_size=64 tx_cq_size=640 tx_cq_required=640 rx_cq_size=128 rx_cq_required=128 tx_cq_batch=64 rx_cq_batch=64 cq_headroom=64 cq_sleep_ns=0 strict_topology=1 selective_completion=0 rma_write_delivery_complete=1 rma_write_more=0 rma_write_more_burst=64
zcofi-rma-connection-warmup: role=client lane=1 provider=efa direction=client-send-server-recv bytes=16 status=sent
zcofi-rma-read-lane: worker=1 lane=1 provider=efa endpoint=rdm addr=172.31.47.13 service=49021 control_port=50021 remote_addr=0x0000fb24abffe010 remote_key=0x000000000040000d extent_bytes=4096 queue_depth=256 registered_buffer_bytes=1048576 max_msg_size=8928 max_rma_size=1073741824 inject_size=32 completion=initiator-local-cq-data-visible local_registration_scope=fixed-buffer-per-outstanding-operation cq_processing=batched access_pattern=random-permutation permutation_start=112487 permutation_stride=163567
zcofi-rma-setup-admission: role=client-read lane=1 order=lane-ascending parallelism=1 phase=endpoint-control-warmup-mr status=complete
zcofi-rma-start-barrier: role=client-read worker=1 streams=1 ready_workers=2 worker_count=48 failure_aware=yes status=ready
zcofi-rma-setup-admission: role=client-read lane=2 order=lane-ascending parallelism=1 phase=endpoint-control-warmup-mr status=admitted
zcofi-endpoint-profile: provider=efa fabric=efa-direct domain=efa_1-rdm device=efa_1 endpoint_type=3 api_requested=2.0 api_query=2.0 api_returned=2.0 caps=6755399441071878 mode=4503599627370496 mr_mode=116 mr_local=1 mr_virt_addr=1 control_progress=1 data_progress=1 max_msg_size=8928 max_msg_size_query_rc=0 max_rma_size=1073741824 max_rma_size_query_rc=0 inject_size=32 rma_iov_limit=1 efa=1 efa_direct=1 efa_emulated_read=0 efa_emulated_read_query_rc=0 efa_emulated_write=0 efa_emulated_write_query_rc=0 efa_write_high_pps_available=0 efa_write_high_pps_requested=0 efa_write_high_pps_effective=0 efa_write_high_pps_verified=0 provider_tx_queue_requested=576 provider_tx_queue_size=576 provider_rx_queue_requested=64 provider_rx_queue_size=64 tx_cq_size=640 tx_cq_required=640 rx_cq_size=128 rx_cq_required=128 tx_cq_batch=64 rx_cq_batch=64 cq_headroom=64 cq_sleep_ns=0 strict_topology=1 selective_completion=0 rma_write_delivery_complete=1 rma_write_more=0 rma_write_more_burst=64
zcofi-control-client: addr=172.31.47.13:50022 local_addr_bytes=32 remote_addr_bytes=32 peer_profile_validated=yes wire_contract=zcofi-rma-window-v4;lanes=48;bytes_per_lane=671088640;extent=4096;cm_warmup=client-send-server-recv;done=operation-plus-payload-digest
zcofi-control-client-peer-profile: provider=efa fabric=efa-direct domain=efa_1-rdm device=efa_1 endpoint_type=3 api_requested=2.0 api_query=2.0 api_returned=2.0 caps=6755399441071878 mode=4503599627370496 mr_mode=116 mr_local=1 mr_virt_addr=1 control_progress=1 data_progress=1 max_msg_size=8928 max_msg_size_query_rc=0 max_rma_size=1073741824 max_rma_size_query_rc=0 inject_size=32 rma_iov_limit=1 efa=1 efa_direct=1 efa_emulated_read=0 efa_emulated_read_query_rc=0 efa_emulated_write=0 efa_emulated_write_query_rc=0 efa_write_high_pps_available=0 efa_write_high_pps_requested=0 efa_write_high_pps_effective=0 efa_write_high_pps_verified=0 provider_tx_queue_requested=576 provider_tx_queue_size=576 provider_rx_queue_requested=64 provider_rx_queue_size=64 tx_cq_size=640 tx_cq_required=640 rx_cq_size=128 rx_cq_required=128 tx_cq_batch=64 rx_cq_batch=64 cq_headroom=64 cq_sleep_ns=0 strict_topology=1 selective_completion=0 rma_write_delivery_complete=1 rma_write_more=0 rma_write_more_burst=64
zcofi-rma-connection-warmup: role=client lane=2 provider=efa direction=client-send-server-recv bytes=16 status=sent
zcofi-rma-read-lane: worker=2 lane=2 provider=efa endpoint=rdm addr=172.31.47.13 service=49022 control_port=50022 remote_addr=0x0000fb2483ffd010 remote_key=0x00000000001000c7 extent_bytes=4096 queue_depth=256 registered_buffer_bytes=1048576 max_msg_size=8928 max_rma_size=1073741824 inject_size=32 completion=initiator-local-cq-data-visible local_registration_scope=fixed-buffer-per-outstanding-operation cq_processing=batched access_pattern=random-permutation permutation_start=118078 permutation_stride=128511
zcofi-rma-setup-admission: role=client-read lane=2 order=lane-ascending parallelism=1 phase=endpoint-control-warmup-mr status=complete
zcofi-rma-start-barrier: role=client-read worker=2 streams=1 ready_workers=3 worker_count=48 failure_aware=yes status=ready
zcofi-rma-setup-admission: role=client-read lane=3 order=lane-ascending parallelism=1 phase=endpoint-control-warmup-mr status=admitted
zcofi-endpoint-profile: provider=efa fabric=efa-direct domain=efa_1-rdm device=efa_1 endpoint_type=3 api_requested=2.0 api_query=2.0 api_returned=2.0 caps=6755399441071878 mode=4503599627370496 mr_mode=116 mr_local=1 mr_virt_addr=1 control_progress=1 data_progress=1 max_msg_size=8928 max_msg_size_query_rc=0 max_rma_size=1073741824 max_rma_size_query_rc=0 inject_size=32 rma_iov_limit=1 efa=1 efa_direct=1 efa_emulated_read=0 efa_emulated_read_query_rc=0 efa_emulated_write=0 efa_emulated_write_query_rc=0 efa_write_high_pps_available=0 efa_write_high_pps_requested=0 efa_write_high_pps_effective=0 efa_write_high_pps_verified=0 provider_tx_queue_requested=576 provider_tx_queue_size=576 provider_rx_queue_requested=64 provider_rx_queue_size=64 tx_cq_size=640 tx_cq_required=640 rx_cq_size=128 rx_cq_required=128 tx_cq_batch=64 rx_cq_batch=64 cq_headroom=64 cq_sleep_ns=0 strict_topology=1 selective_completion=0 rma_write_delivery_complete=1 rma_write_more=0 rma_write_more_burst=64
zcofi-control-client: addr=172.31.47.13:50023 local_addr_bytes=32 remote_addr_bytes=32 peer_profile_validated=yes wire_contract=zcofi-rma-window-v4;lanes=48;bytes_per_lane=671088640;extent=4096;cm_warmup=client-send-server-recv;done=operation-plus-payload-digest
zcofi-control-client-peer-profile: provider=efa fabric=efa-direct domain=efa_1-rdm device=efa_1 endpoint_type=3 api_requested=2.0 api_query=2.0 api_returned=2.0 caps=6755399441071878 mode=4503599627370496 mr_mode=116 mr_local=1 mr_virt_addr=1 control_progress=1 data_progress=1 max_msg_size=8928 max_msg_size_query_rc=0 max_rma_size=1073741824 max_rma_size_query_rc=0 inject_size=32 rma_iov_limit=1 efa=1 efa_direct=1 efa_emulated_read=0 efa_emulated_read_query_rc=0 efa_emulated_write=0 efa_emulated_write_query_rc=0 efa_write_high_pps_available=0 efa_write_high_pps_requested=0 efa_write_high_pps_effective=0 efa_write_high_pps_verified=0 provider_tx_queue_requested=576 provider_tx_queue_size=576 provider_rx_queue_requested=64 provider_rx_queue_size=64 tx_cq_size=640 tx_cq_required=640 rx_cq_size=128 rx_cq_required=128 tx_cq_batch=64 rx_cq_batch=64 cq_headroom=64 cq_sleep_ns=0 strict_topology=1 selective_completion=0 rma_write_delivery_complete=1 rma_write_more=0 rma_write_more_burst=64
zcofi-rma-connection-warmup: role=client lane=3 provider=efa direction=client-send-server-recv bytes=16 status=sent
zcofi-rma-read-lane: worker=3 lane=3 provider=efa endpoint=rdm addr=172.31.47.13 service=49023 control_port=50023 remote_addr=0x0000fb245bffc010 remote_key=0x00000000001000fb extent_bytes=4096 queue_depth=256 registered_buffer_bytes=1048576 max_msg_size=8928 max_rma_size=1073741824 inject_size=32 completion=initiator-local-cq-data-visible local_registration_scope=fixed-buffer-per-outstanding-operation cq_processing=batched access_pattern=random-permutation permutation_start=27377 permutation_stride=117889
zcofi-rma-setup-admission: role=client-read lane=3 order=lane-ascending parallelism=1 phase=endpoint-control-warmup-mr status=complete
zcofi-rma-start-barrier: role=client-read worker=3 streams=1 ready_workers=4 worker_count=48 failure_aware=yes status=ready
zcofi-rma-setup-admission: role=client-read lane=4 order=lane-ascending parallelism=1 phase=endpoint-control-warmup-mr status=admitted
zcofi-endpoint-profile: provider=efa fabric=efa-direct domain=efa_1-rdm device=efa_1 endpoint_type=3 api_requested=2.0 api_query=2.0 api_returned=2.0 caps=6755399441071878 mode=4503599627370496 mr_mode=116 mr_local=1 mr_virt_addr=1 control_progress=1 data_progress=1 max_msg_size=8928 max_msg_size_query_rc=0 max_rma_size=1073741824 max_rma_size_query_rc=0 inject_size=32 rma_iov_limit=1 efa=1 efa_direct=1 efa_emulated_read=0 efa_emulated_read_query_rc=0 efa_emulated_write=0 efa_emulated_write_query_rc=0 efa_write_high_pps_available=0 efa_write_high_pps_requested=0 efa_write_high_pps_effective=0 efa_write_high_pps_verified=0 provider_tx_queue_requested=576 provider_tx_queue_size=576 provider_rx_queue_requested=64 provider_rx_queue_size=64 tx_cq_size=640 tx_cq_required=640 rx_cq_size=128 rx_cq_required=128 tx_cq_batch=64 rx_cq_batch=64 cq_headroom=64 cq_sleep_ns=0 strict_topology=1 selective_completion=0 rma_write_delivery_complete=1 rma_write_more=0 rma_write_more_burst=64
zcofi-control-client: addr=172.31.47.13:50024 local_addr_bytes=32 remote_addr_bytes=32 peer_profile_validated=yes wire_contract=zcofi-rma-window-v4;lanes=48;bytes_per_lane=671088640;extent=4096;cm_warmup=client-send-server-recv;done=operation-plus-payload-digest
zcofi-control-client-peer-profile: provider=efa fabric=efa-direct domain=efa_1-rdm device=efa_1 endpoint_type=3 api_requested=2.0 api_query=2.0 api_returned=2.0 caps=6755399441071878 mode=4503599627370496 mr_mode=116 mr_local=1 mr_virt_addr=1 control_progress=1 data_progress=1 max_msg_size=8928 max_msg_size_query_rc=0 max_rma_size=1073741824 max_rma_size_query_rc=0 inject_size=32 rma_iov_limit=1 efa=1 efa_direct=1 efa_emulated_read=0 efa_emulated_read_query_rc=0 efa_emulated_write=0 efa_emulated_write_query_rc=0 efa_write_high_pps_available=0 efa_write_high_pps_requested=0 efa_write_high_pps_effective=0 efa_write_high_pps_verified=0 provider_tx_queue_requested=576 provider_tx_queue_size=576 provider_rx_queue_requested=64 provider_rx_queue_size=64 tx_cq_size=640 tx_cq_required=640 rx_cq_size=128 rx_cq_required=128 tx_cq_batch=64 rx_cq_batch=64 cq_headroom=64 cq_sleep_ns=0 strict_topology=1 selective_completion=0 rma_write_delivery_complete=1 rma_write_more=0 rma_write_more_burst=64
zcofi-rma-connection-warmup: role=client lane=4 provider=efa direction=client-send-server-recv bytes=16 status=sent
zcofi-rma-read-lane: worker=4 lane=4 provider=efa endpoint=rdm addr=172.31.47.13 service=49024 control_port=50024 remote_addr=0x0000fb2433ffb010 remote_key=0x0000000000100097 extent_bytes=4096 queue_depth=256 registered_buffer_bytes=1048576 max_msg_size=8928 max_rma_size=1073741824 inject_size=32 completion=initiator-local-cq-data-visible local_registration_scope=fixed-buffer-per-outstanding-operation cq_processing=batched access_pattern=random-permutation permutation_start=136 permutation_stride=50067
zcofi-rma-setup-admission: role=client-read lane=4 order=lane-ascending parallelism=1 phase=endpoint-control-warmup-mr status=complete
zcofi-rma-start-barrier: role=client-read worker=4 streams=1 ready_workers=5 worker_count=48 failure_aware=yes status=ready
zcofi-rma-setup-admission: role=client-read lane=5 order=lane-ascending parallelism=1 phase=endpoint-control-warmup-mr status=admitted
zcofi-endpoint-profile: provider=efa fabric=efa-direct domain=efa_1-rdm device=efa_1 endpoint_type=3 api_requested=2.0 api_query=2.0 api_returned=2.0 caps=6755399441071878 mode=4503599627370496 mr_mode=116 mr_local=1 mr_virt_addr=1 control_progress=1 data_progress=1 max_msg_size=8928 max_msg_size_query_rc=0 max_rma_size=1073741824 max_rma_size_query_rc=0 inject_size=32 rma_iov_limit=1 efa=1 efa_direct=1 efa_emulated_read=0 efa_emulated_read_query_rc=0 efa_emulated_write=0 efa_emulated_write_query_rc=0 efa_write_high_pps_available=0 efa_write_high_pps_requested=0 efa_write_high_pps_effective=0 efa_write_high_pps_verified=0 provider_tx_queue_requested=576 provider_tx_queue_size=576 provider_rx_queue_requested=64 provider_rx_queue_size=64 tx_cq_size=640 tx_cq_required=640 rx_cq_size=128 rx_cq_required=128 tx_cq_batch=64 rx_cq_batch=64 cq_headroom=64 cq_sleep_ns=0 strict_topology=1 selective_completion=0 rma_write_delivery_complete=1 rma_write_more=0 rma_write_more_burst=64
zcofi-control-client: addr=172.31.47.13:50025 local_addr_bytes=32 remote_addr_bytes=32 peer_profile_validated=yes wire_contract=zcofi-rma-window-v4;lanes=48;bytes_per_lane=671088640;extent=4096;cm_warmup=client-send-server-recv;done=operation-plus-payload-digest
zcofi-control-client-peer-profile: provider=efa fabric=efa-direct domain=efa_1-rdm device=efa_1 endpoint_type=3 api_requested=2.0 api_query=2.0 api_returned=2.0 caps=6755399441071878 mode=4503599627370496 mr_mode=116 mr_local=1 mr_virt_addr=1 control_progress=1 data_progress=1 max_msg_size=8928 max_msg_size_query_rc=0 max_rma_size=1073741824 max_rma_size_query_rc=0 inject_size=32 rma_iov_limit=1 efa=1 efa_direct=1 efa_emulated_read=0 efa_emulated_read_query_rc=0 efa_emulated_write=0 efa_emulated_write_query_rc=0 efa_write_high_pps_available=0 efa_write_high_pps_requested=0 efa_write_high_pps_effective=0 efa_write_high_pps_verified=0 provider_tx_queue_requested=576 provider_tx_queue_size=576 provider_rx_queue_requested=64 provider_rx_queue_size=64 tx_cq_size=640 tx_cq_required=640 rx_cq_size=128 rx_cq_required=128 tx_cq_batch=64 rx_cq_batch=64 cq_headroom=64 cq_sleep_ns=0 strict_topology=1 selective_completion=0 rma_write_delivery_complete=1 rma_write_more=0 rma_write_more_burst=64
zcofi-rma-connection-warmup: role=client lane=5 provider=efa direction=client-send-server-recv bytes=16 status=sent
zcofi-rma-read-lane: worker=5 lane=5 provider=efa endpoint=rdm addr=172.31.47.13 service=49025 control_port=50025 remote_addr=0x0000fb240bffa010 remote_key=0x00000000001000cf extent_bytes=4096 queue_depth=256 registered_buffer_bytes=1048576 max_msg_size=8928 max_rma_size=1073741824 inject_size=32 completion=initiator-local-cq-data-visible local_registration_scope=fixed-buffer-per-outstanding-operation cq_processing=batched access_pattern=random-permutation permutation_start=7747 permutation_stride=55977
zcofi-rma-setup-admission: role=client-read lane=5 order=lane-ascending parallelism=1 phase=endpoint-control-warmup-mr status=complete
zcofi-rma-start-barrier: role=client-read worker=5 streams=1 ready_workers=6 worker_count=48 failure_aware=yes status=ready
zcofi-rma-setup-admission: role=client-read lane=6 order=lane-ascending parallelism=1 phase=endpoint-control-warmup-mr status=admitted
zcofi-endpoint-profile: provider=efa fabric=efa-direct domain=efa_1-rdm device=efa_1 endpoint_type=3 api_requested=2.0 api_query=2.0 api_returned=2.0 caps=6755399441071878 mode=4503599627370496 mr_mode=116 mr_local=1 mr_virt_addr=1 control_progress=1 data_progress=1 max_msg_size=8928 max_msg_size_query_rc=0 max_rma_size=1073741824 max_rma_size_query_rc=0 inject_size=32 rma_iov_limit=1 efa=1 efa_direct=1 efa_emulated_read=0 efa_emulated_read_query_rc=0 efa_emulated_write=0 efa_emulated_write_query_rc=0 efa_write_high_pps_available=0 efa_write_high_pps_requested=0 efa_write_high_pps_effective=0 efa_write_high_pps_verified=0 provider_tx_queue_requested=576 provider_tx_queue_size=576 provider_rx_queue_requested=64 provider_rx_queue_size=64 tx_cq_size=640 tx_cq_required=640 rx_cq_size=128 rx_cq_required=128 tx_cq_batch=64 rx_cq_batch=64 cq_headroom=64 cq_sleep_ns=0 strict_topology=1 selective_completion=0 rma_write_delivery_complete=1 rma_write_more=0 rma_write_more_burst=64
zcofi-control-client: addr=172.31.47.13:50026 local_addr_bytes=32 remote_addr_bytes=32 peer_profile_validated=yes wire_contract=zcofi-rma-window-v4;lanes=48;bytes_per_lane=671088640;extent=4096;cm_warmup=client-send-server-recv;done=operation-plus-payload-digest
zcofi-control-client-peer-profile: provider=efa fabric=efa-direct domain=efa_1-rdm device=efa_1 endpoint_type=3 api_requested=2.0 api_query=2.0 api_returned=2.0 caps=6755399441071878 mode=4503599627370496 mr_mode=116 mr_local=1 mr_virt_addr=1 control_progress=1 data_progress=1 max_msg_size=8928 max_msg_size_query_rc=0 max_rma_size=1073741824 max_rma_size_query_rc=0 inject_size=32 rma_iov_limit=1 efa=1 efa_direct=1 efa_emulated_read=0 efa_emulated_read_query_rc=0 efa_emulated_write=0 efa_emulated_write_query_rc=0 efa_write_high_pps_available=0 efa_write_high_pps_requested=0 efa_write_high_pps_effective=0 efa_write_high_pps_verified=0 provider_tx_queue_requested=576 provider_tx_queue_size=576 provider_rx_queue_requested=64 provider_rx_queue_size=64 tx_cq_size=640 tx_cq_required=640 rx_cq_size=128 rx_cq_required=128 tx_cq_batch=64 rx_cq_batch=64 cq_headroom=64 cq_sleep_ns=0 strict_topology=1 selective_completion=0 rma_write_delivery_complete=1 rma_write_more=0 rma_write_more_burst=64
zcofi-rma-connection-warmup: role=client lane=6 provider=efa direction=client-send-server-recv bytes=16 status=sent
zcofi-rma-read-lane: worker=6 lane=6 provider=efa endpoint=rdm addr=172.31.47.13 service=49026 control_port=50026 remote_addr=0x0000fb23e3ff9010 remote_key=0x00000000001000f7 extent_bytes=4096 queue_depth=256 registered_buffer_bytes=1048576 max_msg_size=8928 max_rma_size=1073741824 inject_size=32 completion=initiator-local-cq-data-visible local_registration_scope=fixed-buffer-per-outstanding-operation cq_processing=batched access_pattern=random-permutation permutation_start=144410 permutation_stride=151881
zcofi-rma-setup-admission: role=client-read lane=6 order=lane-ascending parallelism=1 phase=endpoint-control-warmup-mr status=complete
zcofi-rma-start-barrier: role=client-read worker=6 streams=1 ready_workers=7 worker_count=48 failure_aware=yes status=ready
zcofi-rma-setup-admission: role=client-read lane=7 order=lane-ascending parallelism=1 phase=endpoint-control-warmup-mr status=admitted
zcofi-endpoint-profile: provider=efa fabric=efa-direct domain=efa_1-rdm device=efa_1 endpoint_type=3 api_requested=2.0 api_query=2.0 api_returned=2.0 caps=6755399441071878 mode=4503599627370496 mr_mode=116 mr_local=1 mr_virt_addr=1 control_progress=1 data_progress=1 max_msg_size=8928 max_msg_size_query_rc=0 max_rma_size=1073741824 max_rma_size_query_rc=0 inject_size=32 rma_iov_limit=1 efa=1 efa_direct=1 efa_emulated_read=0 efa_emulated_read_query_rc=0 efa_emulated_write=0 efa_emulated_write_query_rc=0 efa_write_high_pps_available=0 efa_write_high_pps_requested=0 efa_write_high_pps_effective=0 efa_write_high_pps_verified=0 provider_tx_queue_requested=576 provider_tx_queue_size=576 provider_rx_queue_requested=64 provider_rx_queue_size=64 tx_cq_size=640 tx_cq_required=640 rx_cq_size=128 rx_cq_required=128 tx_cq_batch=64 rx_cq_batch=64 cq_headroom=64 cq_sleep_ns=0 strict_topology=1 selective_completion=0 rma_write_delivery_complete=1 rma_write_more=0 rma_write_more_burst=64
zcofi-control-client: addr=172.31.47.13:50027 local_addr_bytes=32 remote_addr_bytes=32 peer_profile_validated=yes wire_contract=zcofi-rma-window-v4;lanes=48;bytes_per_lane=671088640;extent=4096;cm_warmup=client-send-server-recv;done=operation-plus-payload-digest
zcofi-control-client-peer-profile: provider=efa fabric=efa-direct domain=efa_1-rdm device=efa_1 endpoint_type=3 api_requested=2.0 api_query=2.0 api_returned=2.0 caps=6755399441071878 mode=4503599627370496 mr_mode=116 mr_local=1 mr_virt_addr=1 control_progress=1 data_progress=1 max_msg_size=8928 max_msg_size_query_rc=0 max_rma_size=1073741824 max_rma_size_query_rc=0 inject_size=32 rma_iov_limit=1 efa=1 efa_direct=1 efa_emulated_read=0 efa_emulated_read_query_rc=0 efa_emulated_write=0 efa_emulated_write_query_rc=0 efa_write_high_pps_available=0 efa_write_high_pps_requested=0 efa_write_high_pps_effective=0 efa_write_high_pps_verified=0 provider_tx_queue_requested=576 provider_tx_queue_size=576 provider_rx_queue_requested=64 provider_rx_queue_size=64 tx_cq_size=640 tx_cq_required=640 rx_cq_size=128 rx_cq_required=128 tx_cq_batch=64 rx_cq_batch=64 cq_headroom=64 cq_sleep_ns=0 strict_topology=1 selective_completion=0 rma_write_delivery_complete=1 rma_write_more=0 rma_write_more_burst=64
zcofi-rma-connection-warmup: role=client lane=7 provider=efa direction=client-send-server-recv bytes=16 status=sent
zcofi-rma-read-lane: worker=7 lane=7 provider=efa endpoint=rdm addr=172.31.47.13 service=49027 control_port=50027 remote_addr=0x0000fb23bbff8010 remote_key=0x0000000000400003 extent_bytes=4096 queue_depth=256 registered_buffer_bytes=1048576 max_msg_size=8928 max_rma_size=1073741824 inject_size=32 completion=initiator-local-cq-data-visible local_registration_scope=fixed-buffer-per-outstanding-operation cq_processing=batched access_pattern=random-permutation permutation_start=86493 permutation_stride=75867
zcofi-rma-setup-admission: role=client-read lane=7 order=lane-ascending parallelism=1 phase=endpoint-control-warmup-mr status=complete
zcofi-rma-start-barrier: role=client-read worker=7 streams=1 ready_workers=8 worker_count=48 failure_aware=yes status=ready
zcofi-rma-setup-admission: role=client-read lane=8 order=lane-ascending parallelism=1 phase=endpoint-control-warmup-mr status=admitted
zcofi-endpoint-profile: provider=efa fabric=efa-direct domain=efa_1-rdm device=efa_1 endpoint_type=3 api_requested=2.0 api_query=2.0 api_returned=2.0 caps=6755399441071878 mode=4503599627370496 mr_mode=116 mr_local=1 mr_virt_addr=1 control_progress=1 data_progress=1 max_msg_size=8928 max_msg_size_query_rc=0 max_rma_size=1073741824 max_rma_size_query_rc=0 inject_size=32 rma_iov_limit=1 efa=1 efa_direct=1 efa_emulated_read=0 efa_emulated_read_query_rc=0 efa_emulated_write=0 efa_emulated_write_query_rc=0 efa_write_high_pps_available=0 efa_write_high_pps_requested=0 efa_write_high_pps_effective=0 efa_write_high_pps_verified=0 provider_tx_queue_requested=576 provider_tx_queue_size=576 provider_rx_queue_requested=64 provider_rx_queue_size=64 tx_cq_size=640 tx_cq_required=640 rx_cq_size=128 rx_cq_required=128 tx_cq_batch=64 rx_cq_batch=64 cq_headroom=64 cq_sleep_ns=0 strict_topology=1 selective_completion=0 rma_write_delivery_complete=1 rma_write_more=0 rma_write_more_burst=64
zcofi-control-client: addr=172.31.47.13:50028 local_addr_bytes=32 remote_addr_bytes=32 peer_profile_validated=yes wire_contract=zcofi-rma-window-v4;lanes=48;bytes_per_lane=671088640;extent=4096;cm_warmup=client-send-server-recv;done=operation-plus-payload-digest
zcofi-control-client-peer-profile: provider=efa fabric=efa-direct domain=efa_1-rdm device=efa_1 endpoint_type=3 api_requested=2.0 api_query=2.0 api_returned=2.0 caps=6755399441071878 mode=4503599627370496 mr_mode=116 mr_local=1 mr_virt_addr=1 control_progress=1 data_progress=1 max_msg_size=8928 max_msg_size_query_rc=0 max_rma_size=1073741824 max_rma_size_query_rc=0 inject_size=32 rma_iov_limit=1 efa=1 efa_direct=1 efa_emulated_read=0 efa_emulated_read_query_rc=0 efa_emulated_write=0 efa_emulated_write_query_rc=0 efa_write_high_pps_available=0 efa_write_high_pps_requested=0 efa_write_high_pps_effective=0 efa_write_high_pps_verified=0 provider_tx_queue_requested=576 provider_tx_queue_size=576 provider_rx_queue_requested=64 provider_rx_queue_size=64 tx_cq_size=640 tx_cq_required=640 rx_cq_size=128 rx_cq_required=128 tx_cq_batch=64 rx_cq_batch=64 cq_headroom=64 cq_sleep_ns=0 strict_topology=1 selective_completion=0 rma_write_delivery_complete=1 rma_write_more=0 rma_write_more_burst=64
zcofi-rma-connection-warmup: role=client lane=8 provider=efa direction=client-send-server-recv bytes=16 status=sent
zcofi-rma-read-lane: worker=8 lane=8 provider=efa endpoint=rdm addr=172.31.47.13 service=49028 control_port=50028 remote_addr=0x0000fb2393ff7010 remote_key=0x00000000001000f3 extent_bytes=4096 queue_depth=256 registered_buffer_bytes=1048576 max_msg_size=8928 max_rma_size=1073741824 inject_size=32 completion=initiator-local-cq-data-visible local_registration_scope=fixed-buffer-per-outstanding-operation cq_processing=batched access_pattern=random-permutation permutation_start=94100 permutation_stride=49007
zcofi-rma-setup-admission: role=client-read lane=8 order=lane-ascending parallelism=1 phase=endpoint-control-warmup-mr status=complete
zcofi-rma-start-barrier: role=client-read worker=8 streams=1 ready_workers=9 worker_count=48 failure_aware=yes status=ready
zcofi-rma-setup-admission: role=client-read lane=9 order=lane-ascending parallelism=1 phase=endpoint-control-warmup-mr status=admitted
zcofi-endpoint-profile: provider=efa fabric=efa-direct domain=efa_1-rdm device=efa_1 endpoint_type=3 api_requested=2.0 api_query=2.0 api_returned=2.0 caps=6755399441071878 mode=4503599627370496 mr_mode=116 mr_local=1 mr_virt_addr=1 control_progress=1 data_progress=1 max_msg_size=8928 max_msg_size_query_rc=0 max_rma_size=1073741824 max_rma_size_query_rc=0 inject_size=32 rma_iov_limit=1 efa=1 efa_direct=1 efa_emulated_read=0 efa_emulated_read_query_rc=0 efa_emulated_write=0 efa_emulated_write_query_rc=0 efa_write_high_pps_available=0 efa_write_high_pps_requested=0 efa_write_high_pps_effective=0 efa_write_high_pps_verified=0 provider_tx_queue_requested=576 provider_tx_queue_size=576 provider_rx_queue_requested=64 provider_rx_queue_size=64 tx_cq_size=640 tx_cq_required=640 rx_cq_size=128 rx_cq_required=128 tx_cq_batch=64 rx_cq_batch=64 cq_headroom=64 cq_sleep_ns=0 strict_topology=1 selective_completion=0 rma_write_delivery_complete=1 rma_write_more=0 rma_write_more_burst=64
zcofi-control-client: addr=172.31.47.13:50029 local_addr_bytes=32 remote_addr_bytes=32 peer_profile_validated=yes wire_contract=zcofi-rma-window-v4;lanes=48;bytes_per_lane=671088640;extent=4096;cm_warmup=client-send-server-recv;done=operation-plus-payload-digest
zcofi-control-client-peer-profile: provider=efa fabric=efa-direct domain=efa_1-rdm device=efa_1 endpoint_type=3 api_requested=2.0 api_query=2.0 api_returned=2.0 caps=6755399441071878 mode=4503599627370496 mr_mode=116 mr_local=1 mr_virt_addr=1 control_progress=1 data_progress=1 max_msg_size=8928 max_msg_size_query_rc=0 max_rma_size=1073741824 max_rma_size_query_rc=0 inject_size=32 rma_iov_limit=1 efa=1 efa_direct=1 efa_emulated_read=0 efa_emulated_read_query_rc=0 efa_emulated_write=0 efa_emulated_write_query_rc=0 efa_write_high_pps_available=0 efa_write_high_pps_requested=0 efa_write_high_pps_effective=0 efa_write_high_pps_verified=0 provider_tx_queue_requested=576 provider_tx_queue_size=576 provider_rx_queue_requested=64 provider_rx_queue_size=64 tx_cq_size=640 tx_cq_required=640 rx_cq_size=128 rx_cq_required=128 tx_cq_batch=64 rx_cq_batch=64 cq_headroom=64 cq_sleep_ns=0 strict_topology=1 selective_completion=0 rma_write_delivery_complete=1 rma_write_more=0 rma_write_more_burst=64
zcofi-rma-connection-warmup: role=client lane=9 provider=efa direction=client-send-server-recv bytes=16 status=sent
zcofi-rma-read-lane: worker=9 lane=9 provider=efa endpoint=rdm addr=172.31.47.13 service=49029 control_port=50029 remote_addr=0x0000fb236bff6010 remote_key=0x000000000010009b extent_bytes=4096 queue_depth=256 registered_buffer_bytes=1048576 max_msg_size=8928 max_rma_size=1073741824 inject_size=32 completion=initiator-local-cq-data-visible local_registration_scope=fixed-buffer-per-outstanding-operation cq_processing=batched access_pattern=random-permutation permutation_start=34095 permutation_stride=112257
zcofi-rma-setup-admission: role=client-read lane=9 order=lane-ascending parallelism=1 phase=endpoint-control-warmup-mr status=complete
zcofi-rma-start-barrier: role=client-read worker=9 streams=1 ready_workers=10 worker_count=48 failure_aware=yes status=ready
zcofi-rma-setup-admission: role=client-read lane=10 order=lane-ascending parallelism=1 phase=endpoint-control-warmup-mr status=admitted
zcofi-endpoint-profile: provider=efa fabric=efa-direct domain=efa_1-rdm device=efa_1 endpoint_type=3 api_requested=2.0 api_query=2.0 api_returned=2.0 caps=6755399441071878 mode=4503599627370496 mr_mode=116 mr_local=1 mr_virt_addr=1 control_progress=1 data_progress=1 max_msg_size=8928 max_msg_size_query_rc=0 max_rma_size=1073741824 max_rma_size_query_rc=0 inject_size=32 rma_iov_limit=1 efa=1 efa_direct=1 efa_emulated_read=0 efa_emulated_read_query_rc=0 efa_emulated_write=0 efa_emulated_write_query_rc=0 efa_write_high_pps_available=0 efa_write_high_pps_requested=0 efa_write_high_pps_effective=0 efa_write_high_pps_verified=0 provider_tx_queue_requested=576 provider_tx_queue_size=576 provider_rx_queue_requested=64 provider_rx_queue_size=64 tx_cq_size=640 tx_cq_required=640 rx_cq_size=128 rx_cq_required=128 tx_cq_batch=64 rx_cq_batch=64 cq_headroom=64 cq_sleep_ns=0 strict_topology=1 selective_completion=0 rma_write_delivery_complete=1 rma_write_more=0 rma_write_more_burst=64
zcofi-control-client: addr=172.31.47.13:50030 local_addr_bytes=32 remote_addr_bytes=32 peer_profile_validated=yes wire_contract=zcofi-rma-window-v4;lanes=48;bytes_per_lane=671088640;extent=4096;cm_warmup=client-send-server-recv;done=operation-plus-payload-digest
zcofi-control-client-peer-profile: provider=efa fabric=efa-direct domain=efa_1-rdm device=efa_1 endpoint_type=3 api_requested=2.0 api_query=2.0 api_returned=2.0 caps=6755399441071878 mode=4503599627370496 mr_mode=116 mr_local=1 mr_virt_addr=1 control_progress=1 data_progress=1 max_msg_size=8928 max_msg_size_query_rc=0 max_rma_size=1073741824 max_rma_size_query_rc=0 inject_size=32 rma_iov_limit=1 efa=1 efa_direct=1 efa_emulated_read=0 efa_emulated_read_query_rc=0 efa_emulated_write=0 efa_emulated_write_query_rc=0 efa_write_high_pps_available=0 efa_write_high_pps_requested=0 efa_write_high_pps_effective=0 efa_write_high_pps_verified=0 provider_tx_queue_requested=576 provider_tx_queue_size=576 provider_rx_queue_requested=64 provider_rx_queue_size=64 tx_cq_size=640 tx_cq_required=640 rx_cq_size=128 rx_cq_required=128 tx_cq_batch=64 rx_cq_batch=64 cq_headroom=64 cq_sleep_ns=0 strict_topology=1 selective_completion=0 rma_write_delivery_complete=1 rma_write_more=0 rma_write_more_burst=64
zcofi-rma-connection-warmup: role=client lane=10 provider=efa direction=client-send-server-recv bytes=16 status=sent
zcofi-rma-read-lane: worker=10 lane=10 provider=efa endpoint=rdm addr=172.31.47.13 service=49030 control_port=50030 remote_addr=0x0000fb2343ff5010 remote_key=0x000000000020006d extent_bytes=4096 queue_depth=256 registered_buffer_bytes=1048576 max_msg_size=8928 max_rma_size=1073741824 inject_size=32 completion=initiator-local-cq-data-visible local_registration_scope=fixed-buffer-per-outstanding-operation cq_processing=batched access_pattern=random-permutation permutation_start=107238 permutation_stride=134401
zcofi-rma-setup-admission: role=client-read lane=10 order=lane-ascending parallelism=1 phase=endpoint-control-warmup-mr status=complete
zcofi-rma-start-barrier: role=client-read worker=10 streams=1 ready_workers=11 worker_count=48 failure_aware=yes status=ready
zcofi-rma-setup-admission: role=client-read lane=11 order=lane-ascending parallelism=1 phase=endpoint-control-warmup-mr status=admitted
zcofi-endpoint-profile: provider=efa fabric=efa-direct domain=efa_1-rdm device=efa_1 endpoint_type=3 api_requested=2.0 api_query=2.0 api_returned=2.0 caps=6755399441071878 mode=4503599627370496 mr_mode=116 mr_local=1 mr_virt_addr=1 control_progress=1 data_progress=1 max_msg_size=8928 max_msg_size_query_rc=0 max_rma_size=1073741824 max_rma_size_query_rc=0 inject_size=32 rma_iov_limit=1 efa=1 efa_direct=1 efa_emulated_read=0 efa_emulated_read_query_rc=0 efa_emulated_write=0 efa_emulated_write_query_rc=0 efa_write_high_pps_available=0 efa_write_high_pps_requested=0 efa_write_high_pps_effective=0 efa_write_high_pps_verified=0 provider_tx_queue_requested=576 provider_tx_queue_size=576 provider_rx_queue_requested=64 provider_rx_queue_size=64 tx_cq_size=640 tx_cq_required=640 rx_cq_size=128 rx_cq_required=128 tx_cq_batch=64 rx_cq_batch=64 cq_headroom=64 cq_sleep_ns=0 strict_topology=1 selective_completion=0 rma_write_delivery_complete=1 rma_write_more=0 rma_write_more_burst=64
zcofi-control-client: addr=172.31.47.13:50031 local_addr_bytes=32 remote_addr_bytes=32 peer_profile_validated=yes wire_contract=zcofi-rma-window-v4;lanes=48;bytes_per_lane=671088640;extent=4096;cm_warmup=client-send-server-recv;done=operation-plus-payload-digest
zcofi-control-client-peer-profile: provider=efa fabric=efa-direct domain=efa_1-rdm device=efa_1 endpoint_type=3 api_requested=2.0 api_query=2.0 api_returned=2.0 caps=6755399441071878 mode=4503599627370496 mr_mode=116 mr_local=1 mr_virt_addr=1 control_progress=1 data_progress=1 max_msg_size=8928 max_msg_size_query_rc=0 max_rma_size=1073741824 max_rma_size_query_rc=0 inject_size=32 rma_iov_limit=1 efa=1 efa_direct=1 efa_emulated_read=0 efa_emulated_read_query_rc=0 efa_emulated_write=0 efa_emulated_write_query_rc=0 efa_write_high_pps_available=0 efa_write_high_pps_requested=0 efa_write_high_pps_effective=0 efa_write_high_pps_verified=0 provider_tx_queue_requested=576 provider_tx_queue_size=576 provider_rx_queue_requested=64 provider_rx_queue_size=64 tx_cq_size=640 tx_cq_required=640 rx_cq_size=128 rx_cq_required=128 tx_cq_batch=64 rx_cq_batch=64 cq_headroom=64 cq_sleep_ns=0 strict_topology=1 selective_completion=0 rma_write_delivery_complete=1 rma_write_more=0 rma_write_more_burst=64
zcofi-rma-connection-warmup: role=client lane=11 provider=efa direction=client-send-server-recv bytes=16 status=sent
zcofi-rma-read-lane: worker=11 lane=11 provider=efa endpoint=rdm addr=172.31.47.13 service=49031 control_port=50031 remote_addr=0x0000fb231bff4010 remote_key=0x0000000000400039 extent_bytes=4096 queue_depth=256 registered_buffer_bytes=1048576 max_msg_size=8928 max_rma_size=1073741824 inject_size=32 completion=initiator-local-cq-data-visible local_registration_scope=fixed-buffer-per-outstanding-operation cq_processing=batched access_pattern=random-permutation permutation_start=47289 permutation_stride=99349
zcofi-rma-setup-admission: role=client-read lane=11 order=lane-ascending parallelism=1 phase=endpoint-control-warmup-mr status=complete
zcofi-rma-start-barrier: role=client-read worker=11 streams=1 ready_workers=12 worker_count=48 failure_aware=yes status=ready
zcofi-rma-setup-admission: role=client-read lane=12 order=lane-ascending parallelism=1 phase=endpoint-control-warmup-mr status=admitted
zcofi-endpoint-profile: provider=efa fabric=efa-direct domain=efa_1-rdm device=efa_1 endpoint_type=3 api_requested=2.0 api_query=2.0 api_returned=2.0 caps=6755399441071878 mode=4503599627370496 mr_mode=116 mr_local=1 mr_virt_addr=1 control_progress=1 data_progress=1 max_msg_size=8928 max_msg_size_query_rc=0 max_rma_size=1073741824 max_rma_size_query_rc=0 inject_size=32 rma_iov_limit=1 efa=1 efa_direct=1 efa_emulated_read=0 efa_emulated_read_query_rc=0 efa_emulated_write=0 efa_emulated_write_query_rc=0 efa_write_high_pps_available=0 efa_write_high_pps_requested=0 efa_write_high_pps_effective=0 efa_write_high_pps_verified=0 provider_tx_queue_requested=576 provider_tx_queue_size=576 provider_rx_queue_requested=64 provider_rx_queue_size=64 tx_cq_size=640 tx_cq_required=640 rx_cq_size=128 rx_cq_required=128 tx_cq_batch=64 rx_cq_batch=64 cq_headroom=64 cq_sleep_ns=0 strict_topology=1 selective_completion=0 rma_write_delivery_complete=1 rma_write_more=0 rma_write_more_burst=64
zcofi-control-client: addr=172.31.47.13:50032 local_addr_bytes=32 remote_addr_bytes=32 peer_profile_validated=yes wire_contract=zcofi-rma-window-v4;lanes=48;bytes_per_lane=671088640;extent=4096;cm_warmup=client-send-server-recv;done=operation-plus-payload-digest
zcofi-control-client-peer-profile: provider=efa fabric=efa-direct domain=efa_1-rdm device=efa_1 endpoint_type=3 api_requested=2.0 api_query=2.0 api_returned=2.0 caps=6755399441071878 mode=4503599627370496 mr_mode=116 mr_local=1 mr_virt_addr=1 control_progress=1 data_progress=1 max_msg_size=8928 max_msg_size_query_rc=0 max_rma_size=1073741824 max_rma_size_query_rc=0 inject_size=32 rma_iov_limit=1 efa=1 efa_direct=1 efa_emulated_read=0 efa_emulated_read_query_rc=0 efa_emulated_write=0 efa_emulated_write_query_rc=0 efa_write_high_pps_available=0 efa_write_high_pps_requested=0 efa_write_high_pps_effective=0 efa_write_high_pps_verified=0 provider_tx_queue_requested=576 provider_tx_queue_size=576 provider_rx_queue_requested=64 provider_rx_queue_size=64 tx_cq_size=640 tx_cq_required=640 rx_cq_size=128 rx_cq_required=128 tx_cq_batch=64 rx_cq_batch=64 cq_headroom=64 cq_sleep_ns=0 strict_topology=1 selective_completion=0 rma_write_delivery_complete=1 rma_write_more=0 rma_write_more_burst=64
zcofi-rma-connection-warmup: role=client lane=12 provider=efa direction=client-send-server-recv bytes=16 status=sent
zcofi-rma-read-lane: worker=12 lane=12 provider=efa endpoint=rdm addr=172.31.47.13 service=49032 control_port=50032 remote_addr=0x0000fb22f3ff3010 remote_key=0x00000000001000a7 extent_bytes=4096 queue_depth=256 registered_buffer_bytes=1048576 max_msg_size=8928 max_rma_size=1073741824 inject_size=32 completion=initiator-local-cq-data-visible local_registration_scope=fixed-buffer-per-outstanding-operation cq_processing=batched access_pattern=random-permutation permutation_start=120432 permutation_stride=105257
zcofi-rma-setup-admission: role=client-read lane=12 order=lane-ascending parallelism=1 phase=endpoint-control-warmup-mr status=complete
zcofi-rma-start-barrier: role=client-read worker=12 streams=1 ready_workers=13 worker_count=48 failure_aware=yes status=ready
zcofi-rma-setup-admission: role=client-read lane=13 order=lane-ascending parallelism=1 phase=endpoint-control-warmup-mr status=admitted
zcofi-endpoint-profile: provider=efa fabric=efa-direct domain=efa_1-rdm device=efa_1 endpoint_type=3 api_requested=2.0 api_query=2.0 api_returned=2.0 caps=6755399441071878 mode=4503599627370496 mr_mode=116 mr_local=1 mr_virt_addr=1 control_progress=1 data_progress=1 max_msg_size=8928 max_msg_size_query_rc=0 max_rma_size=1073741824 max_rma_size_query_rc=0 inject_size=32 rma_iov_limit=1 efa=1 efa_direct=1 efa_emulated_read=0 efa_emulated_read_query_rc=0 efa_emulated_write=0 efa_emulated_write_query_rc=0 efa_write_high_pps_available=0 efa_write_high_pps_requested=0 efa_write_high_pps_effective=0 efa_write_high_pps_verified=0 provider_tx_queue_requested=576 provider_tx_queue_size=576 provider_rx_queue_requested=64 provider_rx_queue_size=64 tx_cq_size=640 tx_cq_required=640 rx_cq_size=128 rx_cq_required=128 tx_cq_batch=64 rx_cq_batch=64 cq_headroom=64 cq_sleep_ns=0 strict_topology=1 selective_completion=0 rma_write_delivery_complete=1 rma_write_more=0 rma_write_more_burst=64
zcofi-control-client: addr=172.31.47.13:50033 local_addr_bytes=32 remote_addr_bytes=32 peer_profile_validated=yes wire_contract=zcofi-rma-window-v4;lanes=48;bytes_per_lane=671088640;extent=4096;cm_warmup=client-send-server-recv;done=operation-plus-payload-digest
zcofi-control-client-peer-profile: provider=efa fabric=efa-direct domain=efa_1-rdm device=efa_1 endpoint_type=3 api_requested=2.0 api_query=2.0 api_returned=2.0 caps=6755399441071878 mode=4503599627370496 mr_mode=116 mr_local=1 mr_virt_addr=1 control_progress=1 data_progress=1 max_msg_size=8928 max_msg_size_query_rc=0 max_rma_size=1073741824 max_rma_size_query_rc=0 inject_size=32 rma_iov_limit=1 efa=1 efa_direct=1 efa_emulated_read=0 efa_emulated_read_query_rc=0 efa_emulated_write=0 efa_emulated_write_query_rc=0 efa_write_high_pps_available=0 efa_write_high_pps_requested=0 efa_write_high_pps_effective=0 efa_write_high_pps_verified=0 provider_tx_queue_requested=576 provider_tx_queue_size=576 provider_rx_queue_requested=64 provider_rx_queue_size=64 tx_cq_size=640 tx_cq_required=640 rx_cq_size=128 rx_cq_required=128 tx_cq_batch=64 rx_cq_batch=64 cq_headroom=64 cq_sleep_ns=0 strict_topology=1 selective_completion=0 rma_write_delivery_complete=1 rma_write_more=0 rma_write_more_burst=64
zcofi-rma-connection-warmup: role=client lane=13 provider=efa direction=client-send-server-recv bytes=16 status=sent
zcofi-rma-read-lane: worker=13 lane=13 provider=efa endpoint=rdm addr=172.31.47.13 service=49033 control_port=50033 remote_addr=0x0000fb22cbff2010 remote_key=0x00000000001000c3 extent_bytes=4096 queue_depth=256 registered_buffer_bytes=1048576 max_msg_size=8928 max_rma_size=1073741824 inject_size=32 completion=initiator-local-cq-data-visible local_registration_scope=fixed-buffer-per-outstanding-operation cq_processing=batched access_pattern=random-permutation permutation_start=27659 permutation_stride=37833
zcofi-rma-setup-admission: role=client-read lane=13 order=lane-ascending parallelism=1 phase=endpoint-control-warmup-mr status=complete
zcofi-rma-start-barrier: role=client-read worker=13 streams=1 ready_workers=14 worker_count=48 failure_aware=yes status=ready
zcofi-rma-setup-admission: role=client-read lane=14 order=lane-ascending parallelism=1 phase=endpoint-control-warmup-mr status=admitted
zcofi-endpoint-profile: provider=efa fabric=efa-direct domain=efa_1-rdm device=efa_1 endpoint_type=3 api_requested=2.0 api_query=2.0 api_returned=2.0 caps=6755399441071878 mode=4503599627370496 mr_mode=116 mr_local=1 mr_virt_addr=1 control_progress=1 data_progress=1 max_msg_size=8928 max_msg_size_query_rc=0 max_rma_size=1073741824 max_rma_size_query_rc=0 inject_size=32 rma_iov_limit=1 efa=1 efa_direct=1 efa_emulated_read=0 efa_emulated_read_query_rc=0 efa_emulated_write=0 efa_emulated_write_query_rc=0 efa_write_high_pps_available=0 efa_write_high_pps_requested=0 efa_write_high_pps_effective=0 efa_write_high_pps_verified=0 provider_tx_queue_requested=576 provider_tx_queue_size=576 provider_rx_queue_requested=64 provider_rx_queue_size=64 tx_cq_size=640 tx_cq_required=640 rx_cq_size=128 rx_cq_required=128 tx_cq_batch=64 rx_cq_batch=64 cq_headroom=64 cq_sleep_ns=0 strict_topology=1 selective_completion=0 rma_write_delivery_complete=1 rma_write_more=0 rma_write_more_burst=64
zcofi-control-client: addr=172.31.47.13:50034 local_addr_bytes=32 remote_addr_bytes=32 peer_profile_validated=yes wire_contract=zcofi-rma-window-v4;lanes=48;bytes_per_lane=671088640;extent=4096;cm_warmup=client-send-server-recv;done=operation-plus-payload-digest
zcofi-control-client-peer-profile: provider=efa fabric=efa-direct domain=efa_1-rdm device=efa_1 endpoint_type=3 api_requested=2.0 api_query=2.0 api_returned=2.0 caps=6755399441071878 mode=4503599627370496 mr_mode=116 mr_local=1 mr_virt_addr=1 control_progress=1 data_progress=1 max_msg_size=8928 max_msg_size_query_rc=0 max_rma_size=1073741824 max_rma_size_query_rc=0 inject_size=32 rma_iov_limit=1 efa=1 efa_direct=1 efa_emulated_read=0 efa_emulated_read_query_rc=0 efa_emulated_write=0 efa_emulated_write_query_rc=0 efa_write_high_pps_available=0 efa_write_high_pps_requested=0 efa_write_high_pps_effective=0 efa_write_high_pps_verified=0 provider_tx_queue_requested=576 provider_tx_queue_size=576 provider_rx_queue_requested=64 provider_rx_queue_size=64 tx_cq_size=640 tx_cq_required=640 rx_cq_size=128 rx_cq_required=128 tx_cq_batch=64 rx_cq_batch=64 cq_headroom=64 cq_sleep_ns=0 strict_topology=1 selective_completion=0 rma_write_delivery_complete=1 rma_write_more=0 rma_write_more_burst=64
zcofi-rma-connection-warmup: role=client lane=14 provider=efa direction=client-send-server-recv bytes=16 status=sent
zcofi-rma-read-lane: worker=14 lane=14 provider=efa endpoint=rdm addr=172.31.47.13 service=49034 control_port=50034 remote_addr=0x0000fb22a3ff1010 remote_key=0x000000000010009f extent_bytes=4096 queue_depth=256 registered_buffer_bytes=1048576 max_msg_size=8928 max_rma_size=1073741824 inject_size=32 completion=initiator-local-cq-data-visible local_registration_scope=fixed-buffer-per-outstanding-operation cq_processing=batched access_pattern=random-permutation permutation_start=35266 permutation_stride=158427
zcofi-rma-setup-admission: role=client-read lane=14 order=lane-ascending parallelism=1 phase=endpoint-control-warmup-mr status=complete
zcofi-rma-start-barrier: role=client-read worker=14 streams=1 ready_workers=15 worker_count=48 failure_aware=yes status=ready
zcofi-rma-setup-admission: role=client-read lane=15 order=lane-ascending parallelism=1 phase=endpoint-control-warmup-mr status=admitted
zcofi-endpoint-profile: provider=efa fabric=efa-direct domain=efa_1-rdm device=efa_1 endpoint_type=3 api_requested=2.0 api_query=2.0 api_returned=2.0 caps=6755399441071878 mode=4503599627370496 mr_mode=116 mr_local=1 mr_virt_addr=1 control_progress=1 data_progress=1 max_msg_size=8928 max_msg_size_query_rc=0 max_rma_size=1073741824 max_rma_size_query_rc=0 inject_size=32 rma_iov_limit=1 efa=1 efa_direct=1 efa_emulated_read=0 efa_emulated_read_query_rc=0 efa_emulated_write=0 efa_emulated_write_query_rc=0 efa_write_high_pps_available=0 efa_write_high_pps_requested=0 efa_write_high_pps_effective=0 efa_write_high_pps_verified=0 provider_tx_queue_requested=576 provider_tx_queue_size=576 provider_rx_queue_requested=64 provider_rx_queue_size=64 tx_cq_size=640 tx_cq_required=640 rx_cq_size=128 rx_cq_required=128 tx_cq_batch=64 rx_cq_batch=64 cq_headroom=64 cq_sleep_ns=0 strict_topology=1 selective_completion=0 rma_write_delivery_complete=1 rma_write_more=0 rma_write_more_burst=64
zcofi-control-client: addr=172.31.47.13:50035 local_addr_bytes=32 remote_addr_bytes=32 peer_profile_validated=yes wire_contract=zcofi-rma-window-v4;lanes=48;bytes_per_lane=671088640;extent=4096;cm_warmup=client-send-server-recv;done=operation-plus-payload-digest
zcofi-control-client-peer-profile: provider=efa fabric=efa-direct domain=efa_1-rdm device=efa_1 endpoint_type=3 api_requested=2.0 api_query=2.0 api_returned=2.0 caps=6755399441071878 mode=4503599627370496 mr_mode=116 mr_local=1 mr_virt_addr=1 control_progress=1 data_progress=1 max_msg_size=8928 max_msg_size_query_rc=0 max_rma_size=1073741824 max_rma_size_query_rc=0 inject_size=32 rma_iov_limit=1 efa=1 efa_direct=1 efa_emulated_read=0 efa_emulated_read_query_rc=0 efa_emulated_write=0 efa_emulated_write_query_rc=0 efa_write_high_pps_available=0 efa_write_high_pps_requested=0 efa_write_high_pps_effective=0 efa_write_high_pps_verified=0 provider_tx_queue_requested=576 provider_tx_queue_size=576 provider_rx_queue_requested=64 provider_rx_queue_size=64 tx_cq_size=640 tx_cq_required=640 rx_cq_size=128 rx_cq_required=128 tx_cq_batch=64 rx_cq_batch=64 cq_headroom=64 cq_sleep_ns=0 strict_topology=1 selective_completion=0 rma_write_delivery_complete=1 rma_write_more=0 rma_write_more_burst=64
zcofi-rma-connection-warmup: role=client lane=15 provider=efa direction=client-send-server-recv bytes=16 status=sent
zcofi-rma-read-lane: worker=15 lane=15 provider=efa endpoint=rdm addr=172.31.47.13 service=49035 control_port=50035 remote_addr=0x0000fb227bff0010 remote_key=0x00000000001000cb extent_bytes=4096 queue_depth=256 registered_buffer_bytes=1048576 max_msg_size=8928 max_rma_size=1073741824 inject_size=32 completion=initiator-local-cq-data-visible local_registration_scope=fixed-buffer-per-outstanding-operation cq_processing=batched access_pattern=random-permutation permutation_start=75653 permutation_stride=156141
zcofi-rma-setup-admission: role=client-read lane=15 order=lane-ascending parallelism=1 phase=endpoint-control-warmup-mr status=complete
zcofi-rma-setup-admission: role=client-read lane=16 order=lane-ascending parallelism=1 phase=endpoint-control-warmup-mr status=admitted
zcofi-rma-start-barrier: role=client-read worker=15 streams=1 ready_workers=16 worker_count=48 failure_aware=yes status=ready
zcofi-endpoint-profile: provider=efa fabric=efa-direct domain=efa_1-rdm device=efa_1 endpoint_type=3 api_requested=2.0 api_query=2.0 api_returned=2.0 caps=6755399441071878 mode=4503599627370496 mr_mode=116 mr_local=1 mr_virt_addr=1 control_progress=1 data_progress=1 max_msg_size=8928 max_msg_size_query_rc=0 max_rma_size=1073741824 max_rma_size_query_rc=0 inject_size=32 rma_iov_limit=1 efa=1 efa_direct=1 efa_emulated_read=0 efa_emulated_read_query_rc=0 efa_emulated_write=0 efa_emulated_write_query_rc=0 efa_write_high_pps_available=0 efa_write_high_pps_requested=0 efa_write_high_pps_effective=0 efa_write_high_pps_verified=0 provider_tx_queue_requested=576 provider_tx_queue_size=576 provider_rx_queue_requested=64 provider_rx_queue_size=64 tx_cq_size=640 tx_cq_required=640 rx_cq_size=128 rx_cq_required=128 tx_cq_batch=64 rx_cq_batch=64 cq_headroom=64 cq_sleep_ns=0 strict_topology=1 selective_completion=0 rma_write_delivery_complete=1 rma_write_more=0 rma_write_more_burst=64
zcofi-control-client: addr=172.31.47.13:50036 local_addr_bytes=32 remote_addr_bytes=32 peer_profile_validated=yes wire_contract=zcofi-rma-window-v4;lanes=48;bytes_per_lane=671088640;extent=4096;cm_warmup=client-send-server-recv;done=operation-plus-payload-digest
zcofi-control-client-peer-profile: provider=efa fabric=efa-direct domain=efa_1-rdm device=efa_1 endpoint_type=3 api_requested=2.0 api_query=2.0 api_returned=2.0 caps=6755399441071878 mode=4503599627370496 mr_mode=116 mr_local=1 mr_virt_addr=1 control_progress=1 data_progress=1 max_msg_size=8928 max_msg_size_query_rc=0 max_rma_size=1073741824 max_rma_size_query_rc=0 inject_size=32 rma_iov_limit=1 efa=1 efa_direct=1 efa_emulated_read=0 efa_emulated_read_query_rc=0 efa_emulated_write=0 efa_emulated_write_query_rc=0 efa_write_high_pps_available=0 efa_write_high_pps_requested=0 efa_write_high_pps_effective=0 efa_write_high_pps_verified=0 provider_tx_queue_requested=576 provider_tx_queue_size=576 provider_rx_queue_requested=64 provider_rx_queue_size=64 tx_cq_size=640 tx_cq_required=640 rx_cq_size=128 rx_cq_required=128 tx_cq_batch=64 rx_cq_batch=64 cq_headroom=64 cq_sleep_ns=0 strict_topology=1 selective_completion=0 rma_write_delivery_complete=1 rma_write_more=0 rma_write_more_burst=64
zcofi-rma-connection-warmup: role=client lane=16 provider=efa direction=client-send-server-recv bytes=16 status=sent
zcofi-rma-read-lane: worker=16 lane=16 provider=efa endpoint=rdm addr=172.31.47.13 service=49036 control_port=50036 remote_addr=0x0000fb2253fef010 remote_key=0x0000000000100092 extent_bytes=4096 queue_depth=256 registered_buffer_bytes=1048576 max_msg_size=8928 max_rma_size=1073741824 inject_size=32 completion=initiator-local-cq-data-visible local_registration_scope=fixed-buffer-per-outstanding-operation cq_processing=batched access_pattern=random-permutation permutation_start=15708 permutation_stride=96497
zcofi-rma-setup-admission: role=client-read lane=16 order=lane-ascending parallelism=1 phase=endpoint-control-warmup-mr status=complete
zcofi-rma-setup-admission: role=client-read lane=17 order=lane-ascending parallelism=1 phase=endpoint-control-warmup-mr status=admitted
zcofi-rma-start-barrier: role=client-read worker=16 streams=1 ready_workers=17 worker_count=48 failure_aware=yes status=ready
zcofi-endpoint-profile: provider=efa fabric=efa-direct domain=efa_1-rdm device=efa_1 endpoint_type=3 api_requested=2.0 api_query=2.0 api_returned=2.0 caps=6755399441071878 mode=4503599627370496 mr_mode=116 mr_local=1 mr_virt_addr=1 control_progress=1 data_progress=1 max_msg_size=8928 max_msg_size_query_rc=0 max_rma_size=1073741824 max_rma_size_query_rc=0 inject_size=32 rma_iov_limit=1 efa=1 efa_direct=1 efa_emulated_read=0 efa_emulated_read_query_rc=0 efa_emulated_write=0 efa_emulated_write_query_rc=0 efa_write_high_pps_available=0 efa_write_high_pps_requested=0 efa_write_high_pps_effective=0 efa_write_high_pps_verified=0 provider_tx_queue_requested=576 provider_tx_queue_size=576 provider_rx_queue_requested=64 provider_rx_queue_size=64 tx_cq_size=640 tx_cq_required=640 rx_cq_size=128 rx_cq_required=128 tx_cq_batch=64 rx_cq_batch=64 cq_headroom=64 cq_sleep_ns=0 strict_topology=1 selective_completion=0 rma_write_delivery_complete=1 rma_write_more=0 rma_write_more_burst=64
zcofi-control-client: addr=172.31.47.13:50037 local_addr_bytes=32 remote_addr_bytes=32 peer_profile_validated=yes wire_contract=zcofi-rma-window-v4;lanes=48;bytes_per_lane=671088640;extent=4096;cm_warmup=client-send-server-recv;done=operation-plus-payload-digest
zcofi-control-client-peer-profile: provider=efa fabric=efa-direct domain=efa_1-rdm device=efa_1 endpoint_type=3 api_requested=2.0 api_query=2.0 api_returned=2.0 caps=6755399441071878 mode=4503599627370496 mr_mode=116 mr_local=1 mr_virt_addr=1 control_progress=1 data_progress=1 max_msg_size=8928 max_msg_size_query_rc=0 max_rma_size=1073741824 max_rma_size_query_rc=0 inject_size=32 rma_iov_limit=1 efa=1 efa_direct=1 efa_emulated_read=0 efa_emulated_read_query_rc=0 efa_emulated_write=0 efa_emulated_write_query_rc=0 efa_write_high_pps_available=0 efa_write_high_pps_requested=0 efa_write_high_pps_effective=0 efa_write_high_pps_verified=0 provider_tx_queue_requested=576 provider_tx_queue_size=576 provider_rx_queue_requested=64 provider_rx_queue_size=64 tx_cq_size=640 tx_cq_required=640 rx_cq_size=128 rx_cq_required=128 tx_cq_batch=64 rx_cq_batch=64 cq_headroom=64 cq_sleep_ns=0 strict_topology=1 selective_completion=0 rma_write_delivery_complete=1 rma_write_more=0 rma_write_more_burst=64
zcofi-rma-connection-warmup: role=client lane=17 provider=efa direction=client-send-server-recv bytes=16 status=sent
zcofi-rma-read-lane: worker=17 lane=17 provider=efa endpoint=rdm addr=172.31.47.13 service=49037 control_port=50037 remote_addr=0x0000fb222bfee010 remote_key=0x0000000000100091 extent_bytes=4096 queue_depth=256 registered_buffer_bytes=1048576 max_msg_size=8928 max_rma_size=1073741824 inject_size=32 completion=initiator-local-cq-data-visible local_registration_scope=fixed-buffer-per-outstanding-operation cq_processing=batched access_pattern=random-permutation permutation_start=154391 permutation_stride=53123
zcofi-rma-setup-admission: role=client-read lane=17 order=lane-ascending parallelism=1 phase=endpoint-control-warmup-mr status=complete
zcofi-rma-start-barrier: role=client-read worker=17 streams=1 ready_workers=18 worker_count=48 failure_aware=yes status=ready
zcofi-rma-setup-admission: role=client-read lane=18 order=lane-ascending parallelism=1 phase=endpoint-control-warmup-mr status=admitted
zcofi-endpoint-profile: provider=efa fabric=efa-direct domain=efa_1-rdm device=efa_1 endpoint_type=3 api_requested=2.0 api_query=2.0 api_returned=2.0 caps=6755399441071878 mode=4503599627370496 mr_mode=116 mr_local=1 mr_virt_addr=1 control_progress=1 data_progress=1 max_msg_size=8928 max_msg_size_query_rc=0 max_rma_size=1073741824 max_rma_size_query_rc=0 inject_size=32 rma_iov_limit=1 efa=1 efa_direct=1 efa_emulated_read=0 efa_emulated_read_query_rc=0 efa_emulated_write=0 efa_emulated_write_query_rc=0 efa_write_high_pps_available=0 efa_write_high_pps_requested=0 efa_write_high_pps_effective=0 efa_write_high_pps_verified=0 provider_tx_queue_requested=576 provider_tx_queue_size=576 provider_rx_queue_requested=64 provider_rx_queue_size=64 tx_cq_size=640 tx_cq_required=640 rx_cq_size=128 rx_cq_required=128 tx_cq_batch=64 rx_cq_batch=64 cq_headroom=64 cq_sleep_ns=0 strict_topology=1 selective_completion=0 rma_write_delivery_complete=1 rma_write_more=0 rma_write_more_burst=64
zcofi-control-client: addr=172.31.47.13:50038 local_addr_bytes=32 remote_addr_bytes=32 peer_profile_validated=yes wire_contract=zcofi-rma-window-v4;lanes=48;bytes_per_lane=671088640;extent=4096;cm_warmup=client-send-server-recv;done=operation-plus-payload-digest
zcofi-control-client-peer-profile: provider=efa fabric=efa-direct domain=efa_1-rdm device=efa_1 endpoint_type=3 api_requested=2.0 api_query=2.0 api_returned=2.0 caps=6755399441071878 mode=4503599627370496 mr_mode=116 mr_local=1 mr_virt_addr=1 control_progress=1 data_progress=1 max_msg_size=8928 max_msg_size_query_rc=0 max_rma_size=1073741824 max_rma_size_query_rc=0 inject_size=32 rma_iov_limit=1 efa=1 efa_direct=1 efa_emulated_read=0 efa_emulated_read_query_rc=0 efa_emulated_write=0 efa_emulated_write_query_rc=0 efa_write_high_pps_available=0 efa_write_high_pps_requested=0 efa_write_high_pps_effective=0 efa_write_high_pps_verified=0 provider_tx_queue_requested=576 provider_tx_queue_size=576 provider_rx_queue_requested=64 provider_rx_queue_size=64 tx_cq_size=640 tx_cq_required=640 rx_cq_size=128 rx_cq_required=128 tx_cq_batch=64 rx_cq_batch=64 cq_headroom=64 cq_sleep_ns=0 strict_topology=1 selective_completion=0 rma_write_delivery_complete=1 rma_write_more=0 rma_write_more_burst=64
zcofi-rma-connection-warmup: role=client lane=18 provider=efa direction=client-send-server-recv bytes=16 status=sent
zcofi-rma-read-lane: worker=18 lane=18 provider=efa endpoint=rdm addr=172.31.47.13 service=49038 control_port=50038 remote_addr=0x0000fb2203fed010 remote_key=0x0000000000100090 extent_bytes=4096 queue_depth=256 registered_buffer_bytes=1048576 max_msg_size=8928 max_rma_size=1073741824 inject_size=32 completion=initiator-local-cq-data-visible local_registration_scope=fixed-buffer-per-outstanding-operation cq_processing=batched access_pattern=random-permutation permutation_start=28846 permutation_stride=116373
zcofi-rma-setup-admission: role=client-read lane=18 order=lane-ascending parallelism=1 phase=endpoint-control-warmup-mr status=complete
zcofi-rma-start-barrier: role=client-read worker=18 streams=1 ready_workers=19 worker_count=48 failure_aware=yes status=ready
zcofi-rma-setup-admission: role=client-read lane=19 order=lane-ascending parallelism=1 phase=endpoint-control-warmup-mr status=admitted
zcofi-endpoint-profile: provider=efa fabric=efa-direct domain=efa_1-rdm device=efa_1 endpoint_type=3 api_requested=2.0 api_query=2.0 api_returned=2.0 caps=6755399441071878 mode=4503599627370496 mr_mode=116 mr_local=1 mr_virt_addr=1 control_progress=1 data_progress=1 max_msg_size=8928 max_msg_size_query_rc=0 max_rma_size=1073741824 max_rma_size_query_rc=0 inject_size=32 rma_iov_limit=1 efa=1 efa_direct=1 efa_emulated_read=0 efa_emulated_read_query_rc=0 efa_emulated_write=0 efa_emulated_write_query_rc=0 efa_write_high_pps_available=0 efa_write_high_pps_requested=0 efa_write_high_pps_effective=0 efa_write_high_pps_verified=0 provider_tx_queue_requested=576 provider_tx_queue_size=576 provider_rx_queue_requested=64 provider_rx_queue_size=64 tx_cq_size=640 tx_cq_required=640 rx_cq_size=128 rx_cq_required=128 tx_cq_batch=64 rx_cq_batch=64 cq_headroom=64 cq_sleep_ns=0 strict_topology=1 selective_completion=0 rma_write_delivery_complete=1 rma_write_more=0 rma_write_more_burst=64
zcofi-control-client: addr=172.31.47.13:50039 local_addr_bytes=32 remote_addr_bytes=32 peer_profile_validated=yes wire_contract=zcofi-rma-window-v4;lanes=48;bytes_per_lane=671088640;extent=4096;cm_warmup=client-send-server-recv;done=operation-plus-payload-digest
zcofi-control-client-peer-profile: provider=efa fabric=efa-direct domain=efa_1-rdm device=efa_1 endpoint_type=3 api_requested=2.0 api_query=2.0 api_returned=2.0 caps=6755399441071878 mode=4503599627370496 mr_mode=116 mr_local=1 mr_virt_addr=1 control_progress=1 data_progress=1 max_msg_size=8928 max_msg_size_query_rc=0 max_rma_size=1073741824 max_rma_size_query_rc=0 inject_size=32 rma_iov_limit=1 efa=1 efa_direct=1 efa_emulated_read=0 efa_emulated_read_query_rc=0 efa_emulated_write=0 efa_emulated_write_query_rc=0 efa_write_high_pps_available=0 efa_write_high_pps_requested=0 efa_write_high_pps_effective=0 efa_write_high_pps_verified=0 provider_tx_queue_requested=576 provider_tx_queue_size=576 provider_rx_queue_requested=64 provider_rx_queue_size=64 tx_cq_size=640 tx_cq_required=640 rx_cq_size=128 rx_cq_required=128 tx_cq_batch=64 rx_cq_batch=64 cq_headroom=64 cq_sleep_ns=0 strict_topology=1 selective_completion=0 rma_write_delivery_complete=1 rma_write_more=0 rma_write_more_burst=64
zcofi-rma-connection-warmup: role=client lane=19 provider=efa direction=client-send-server-recv bytes=16 status=sent
zcofi-rma-read-lane: worker=19 lane=19 provider=efa endpoint=rdm addr=172.31.47.13 service=49039 control_port=50039 remote_addr=0x0000fb21dbfec010 remote_key=0x0000000000100093 extent_bytes=4096 queue_depth=256 registered_buffer_bytes=1048576 max_msg_size=8928 max_rma_size=1073741824 inject_size=32 completion=initiator-local-cq-data-visible local_registration_scope=fixed-buffer-per-outstanding-operation cq_processing=batched access_pattern=random-permutation permutation_start=101985 permutation_stride=23977
zcofi-rma-setup-admission: role=client-read lane=19 order=lane-ascending parallelism=1 phase=endpoint-control-warmup-mr status=complete
zcofi-rma-start-barrier: role=client-read worker=19 streams=1 ready_workers=20 worker_count=48 failure_aware=yes status=ready
zcofi-rma-setup-admission: role=client-read lane=20 order=lane-ascending parallelism=1 phase=endpoint-control-warmup-mr status=admitted
zcofi-endpoint-profile: provider=efa fabric=efa-direct domain=efa_1-rdm device=efa_1 endpoint_type=3 api_requested=2.0 api_query=2.0 api_returned=2.0 caps=6755399441071878 mode=4503599627370496 mr_mode=116 mr_local=1 mr_virt_addr=1 control_progress=1 data_progress=1 max_msg_size=8928 max_msg_size_query_rc=0 max_rma_size=1073741824 max_rma_size_query_rc=0 inject_size=32 rma_iov_limit=1 efa=1 efa_direct=1 efa_emulated_read=0 efa_emulated_read_query_rc=0 efa_emulated_write=0 efa_emulated_write_query_rc=0 efa_write_high_pps_available=0 efa_write_high_pps_requested=0 efa_write_high_pps_effective=0 efa_write_high_pps_verified=0 provider_tx_queue_requested=576 provider_tx_queue_size=576 provider_rx_queue_requested=64 provider_rx_queue_size=64 tx_cq_size=640 tx_cq_required=640 rx_cq_size=128 rx_cq_required=128 tx_cq_batch=64 rx_cq_batch=64 cq_headroom=64 cq_sleep_ns=0 strict_topology=1 selective_completion=0 rma_write_delivery_complete=1 rma_write_more=0 rma_write_more_burst=64
zcofi-control-client: addr=172.31.47.13:50040 local_addr_bytes=32 remote_addr_bytes=32 peer_profile_validated=yes wire_contract=zcofi-rma-window-v4;lanes=48;bytes_per_lane=671088640;extent=4096;cm_warmup=client-send-server-recv;done=operation-plus-payload-digest
zcofi-control-client-peer-profile: provider=efa fabric=efa-direct domain=efa_1-rdm device=efa_1 endpoint_type=3 api_requested=2.0 api_query=2.0 api_returned=2.0 caps=6755399441071878 mode=4503599627370496 mr_mode=116 mr_local=1 mr_virt_addr=1 control_progress=1 data_progress=1 max_msg_size=8928 max_msg_size_query_rc=0 max_rma_size=1073741824 max_rma_size_query_rc=0 inject_size=32 rma_iov_limit=1 efa=1 efa_direct=1 efa_emulated_read=0 efa_emulated_read_query_rc=0 efa_emulated_write=0 efa_emulated_write_query_rc=0 efa_write_high_pps_available=0 efa_write_high_pps_requested=0 efa_write_high_pps_effective=0 efa_write_high_pps_verified=0 provider_tx_queue_requested=576 provider_tx_queue_size=576 provider_rx_queue_requested=64 provider_rx_queue_size=64 tx_cq_size=640 tx_cq_required=640 rx_cq_size=128 rx_cq_required=128 tx_cq_batch=64 rx_cq_batch=64 cq_headroom=64 cq_sleep_ns=0 strict_topology=1 selective_completion=0 rma_write_delivery_complete=1 rma_write_more=0 rma_write_more_burst=64
zcofi-rma-connection-warmup: role=client lane=20 provider=efa direction=client-send-server-recv bytes=16 status=sent
zcofi-rma-read-lane: worker=20 lane=20 provider=efa endpoint=rdm addr=172.31.47.13 service=49040 control_port=50040 remote_addr=0x0000fb21b3feb010 remote_key=0x000000000040003e extent_bytes=4096 queue_depth=256 registered_buffer_bytes=1048576 max_msg_size=8928 max_rma_size=1073741824 inject_size=32 completion=initiator-local-cq-data-visible local_registration_scope=fixed-buffer-per-outstanding-operation cq_processing=batched access_pattern=random-permutation permutation_start=74808 permutation_stride=119881
zcofi-rma-setup-admission: role=client-read lane=20 order=lane-ascending parallelism=1 phase=endpoint-control-warmup-mr status=complete
zcofi-rma-start-barrier: role=client-read worker=20 streams=1 ready_workers=21 worker_count=48 failure_aware=yes status=ready
zcofi-rma-setup-admission: role=client-read lane=21 order=lane-ascending parallelism=1 phase=endpoint-control-warmup-mr status=admitted
zcofi-endpoint-profile: provider=efa fabric=efa-direct domain=efa_1-rdm device=efa_1 endpoint_type=3 api_requested=2.0 api_query=2.0 api_returned=2.0 caps=6755399441071878 mode=4503599627370496 mr_mode=116 mr_local=1 mr_virt_addr=1 control_progress=1 data_progress=1 max_msg_size=8928 max_msg_size_query_rc=0 max_rma_size=1073741824 max_rma_size_query_rc=0 inject_size=32 rma_iov_limit=1 efa=1 efa_direct=1 efa_emulated_read=0 efa_emulated_read_query_rc=0 efa_emulated_write=0 efa_emulated_write_query_rc=0 efa_write_high_pps_available=0 efa_write_high_pps_requested=0 efa_write_high_pps_effective=0 efa_write_high_pps_verified=0 provider_tx_queue_requested=576 provider_tx_queue_size=576 provider_rx_queue_requested=64 provider_rx_queue_size=64 tx_cq_size=640 tx_cq_required=640 rx_cq_size=128 rx_cq_required=128 tx_cq_batch=64 rx_cq_batch=64 cq_headroom=64 cq_sleep_ns=0 strict_topology=1 selective_completion=0 rma_write_delivery_complete=1 rma_write_more=0 rma_write_more_burst=64
zcofi-control-client: addr=172.31.47.13:50041 local_addr_bytes=32 remote_addr_bytes=32 peer_profile_validated=yes wire_contract=zcofi-rma-window-v4;lanes=48;bytes_per_lane=671088640;extent=4096;cm_warmup=client-send-server-recv;done=operation-plus-payload-digest
zcofi-control-client-peer-profile: provider=efa fabric=efa-direct domain=efa_1-rdm device=efa_1 endpoint_type=3 api_requested=2.0 api_query=2.0 api_returned=2.0 caps=6755399441071878 mode=4503599627370496 mr_mode=116 mr_local=1 mr_virt_addr=1 control_progress=1 data_progress=1 max_msg_size=8928 max_msg_size_query_rc=0 max_rma_size=1073741824 max_rma_size_query_rc=0 inject_size=32 rma_iov_limit=1 efa=1 efa_direct=1 efa_emulated_read=0 efa_emulated_read_query_rc=0 efa_emulated_write=0 efa_emulated_write_query_rc=0 efa_write_high_pps_available=0 efa_write_high_pps_requested=0 efa_write_high_pps_effective=0 efa_write_high_pps_verified=0 provider_tx_queue_requested=576 provider_tx_queue_size=576 provider_rx_queue_requested=64 provider_rx_queue_size=64 tx_cq_size=640 tx_cq_required=640 rx_cq_size=128 rx_cq_required=128 tx_cq_batch=64 rx_cq_batch=64 cq_headroom=64 cq_sleep_ns=0 strict_topology=1 selective_completion=0 rma_write_delivery_complete=1 rma_write_more=0 rma_write_more_burst=64
zcofi-rma-connection-warmup: role=client lane=21 provider=efa direction=client-send-server-recv bytes=16 status=sent
zcofi-rma-read-lane: worker=21 lane=21 provider=efa endpoint=rdm addr=172.31.47.13 service=49041 control_port=50041 remote_addr=0x0000fb218bfea010 remote_key=0x0000000000200066 extent_bytes=4096 queue_depth=256 registered_buffer_bytes=1048576 max_msg_size=8928 max_rma_size=1073741824 inject_size=32 completion=initiator-local-cq-data-visible local_registration_scope=fixed-buffer-per-outstanding-operation cq_processing=batched access_pattern=random-permutation permutation_start=115187 permutation_stride=11099
zcofi-rma-setup-admission: role=client-read lane=21 order=lane-ascending parallelism=1 phase=endpoint-control-warmup-mr status=complete
zcofi-rma-start-barrier: role=client-read worker=21 streams=1 ready_workers=22 worker_count=48 failure_aware=yes status=ready
zcofi-rma-setup-admission: role=client-read lane=22 order=lane-ascending parallelism=1 phase=endpoint-control-warmup-mr status=admitted
zcofi-endpoint-profile: provider=efa fabric=efa-direct domain=efa_1-rdm device=efa_1 endpoint_type=3 api_requested=2.0 api_query=2.0 api_returned=2.0 caps=6755399441071878 mode=4503599627370496 mr_mode=116 mr_local=1 mr_virt_addr=1 control_progress=1 data_progress=1 max_msg_size=8928 max_msg_size_query_rc=0 max_rma_size=1073741824 max_rma_size_query_rc=0 inject_size=32 rma_iov_limit=1 efa=1 efa_direct=1 efa_emulated_read=0 efa_emulated_read_query_rc=0 efa_emulated_write=0 efa_emulated_write_query_rc=0 efa_write_high_pps_available=0 efa_write_high_pps_requested=0 efa_write_high_pps_effective=0 efa_write_high_pps_verified=0 provider_tx_queue_requested=576 provider_tx_queue_size=576 provider_rx_queue_requested=64 provider_rx_queue_size=64 tx_cq_size=640 tx_cq_required=640 rx_cq_size=128 rx_cq_required=128 tx_cq_batch=64 rx_cq_batch=64 cq_headroom=64 cq_sleep_ns=0 strict_topology=1 selective_completion=0 rma_write_delivery_complete=1 rma_write_more=0 rma_write_more_burst=64
zcofi-control-client: addr=172.31.47.13:50042 local_addr_bytes=32 remote_addr_bytes=32 peer_profile_validated=yes wire_contract=zcofi-rma-window-v4;lanes=48;bytes_per_lane=671088640;extent=4096;cm_warmup=client-send-server-recv;done=operation-plus-payload-digest
zcofi-control-client-peer-profile: provider=efa fabric=efa-direct domain=efa_1-rdm device=efa_1 endpoint_type=3 api_requested=2.0 api_query=2.0 api_returned=2.0 caps=6755399441071878 mode=4503599627370496 mr_mode=116 mr_local=1 mr_virt_addr=1 control_progress=1 data_progress=1 max_msg_size=8928 max_msg_size_query_rc=0 max_rma_size=1073741824 max_rma_size_query_rc=0 inject_size=32 rma_iov_limit=1 efa=1 efa_direct=1 efa_emulated_read=0 efa_emulated_read_query_rc=0 efa_emulated_write=0 efa_emulated_write_query_rc=0 efa_write_high_pps_available=0 efa_write_high_pps_requested=0 efa_write_high_pps_effective=0 efa_write_high_pps_verified=0 provider_tx_queue_requested=576 provider_tx_queue_size=576 provider_rx_queue_requested=64 provider_rx_queue_size=64 tx_cq_size=640 tx_cq_required=640 rx_cq_size=128 rx_cq_required=128 tx_cq_batch=64 rx_cq_batch=64 cq_headroom=64 cq_sleep_ns=0 strict_topology=1 selective_completion=0 rma_write_delivery_complete=1 rma_write_more=0 rma_write_more_burst=64
zcofi-rma-connection-warmup: role=client lane=22 provider=efa direction=client-send-server-recv bytes=16 status=sent
zcofi-rma-read-lane: worker=22 lane=22 provider=efa endpoint=rdm addr=172.31.47.13 service=49042 control_port=50042 remote_addr=0x0000fb2163fe9010 remote_key=0x00000000001000db extent_bytes=4096 queue_depth=256 registered_buffer_bytes=1048576 max_msg_size=8928 max_rma_size=1073741824 inject_size=32 completion=initiator-local-cq-data-visible local_registration_scope=fixed-buffer-per-outstanding-operation cq_processing=batched access_pattern=random-permutation permutation_start=57226 permutation_stride=41583
zcofi-rma-setup-admission: role=client-read lane=22 order=lane-ascending parallelism=1 phase=endpoint-control-warmup-mr status=complete
zcofi-rma-start-barrier: role=client-read worker=22 streams=1 ready_workers=23 worker_count=48 failure_aware=yes status=ready
zcofi-rma-setup-admission: role=client-read lane=23 order=lane-ascending parallelism=1 phase=endpoint-control-warmup-mr status=admitted
zcofi-endpoint-profile: provider=efa fabric=efa-direct domain=efa_1-rdm device=efa_1 endpoint_type=3 api_requested=2.0 api_query=2.0 api_returned=2.0 caps=6755399441071878 mode=4503599627370496 mr_mode=116 mr_local=1 mr_virt_addr=1 control_progress=1 data_progress=1 max_msg_size=8928 max_msg_size_query_rc=0 max_rma_size=1073741824 max_rma_size_query_rc=0 inject_size=32 rma_iov_limit=1 efa=1 efa_direct=1 efa_emulated_read=0 efa_emulated_read_query_rc=0 efa_emulated_write=0 efa_emulated_write_query_rc=0 efa_write_high_pps_available=0 efa_write_high_pps_requested=0 efa_write_high_pps_effective=0 efa_write_high_pps_verified=0 provider_tx_queue_requested=576 provider_tx_queue_size=576 provider_rx_queue_requested=64 provider_rx_queue_size=64 tx_cq_size=640 tx_cq_required=640 rx_cq_size=128 rx_cq_required=128 tx_cq_batch=64 rx_cq_batch=64 cq_headroom=64 cq_sleep_ns=0 strict_topology=1 selective_completion=0 rma_write_delivery_complete=1 rma_write_more=0 rma_write_more_burst=64
zcofi-control-client: addr=172.31.47.13:50043 local_addr_bytes=32 remote_addr_bytes=32 peer_profile_validated=yes wire_contract=zcofi-rma-window-v4;lanes=48;bytes_per_lane=671088640;extent=4096;cm_warmup=client-send-server-recv;done=operation-plus-payload-digest
zcofi-control-client-peer-profile: provider=efa fabric=efa-direct domain=efa_1-rdm device=efa_1 endpoint_type=3 api_requested=2.0 api_query=2.0 api_returned=2.0 caps=6755399441071878 mode=4503599627370496 mr_mode=116 mr_local=1 mr_virt_addr=1 control_progress=1 data_progress=1 max_msg_size=8928 max_msg_size_query_rc=0 max_rma_size=1073741824 max_rma_size_query_rc=0 inject_size=32 rma_iov_limit=1 efa=1 efa_direct=1 efa_emulated_read=0 efa_emulated_read_query_rc=0 efa_emulated_write=0 efa_emulated_write_query_rc=0 efa_write_high_pps_available=0 efa_write_high_pps_requested=0 efa_write_high_pps_effective=0 efa_write_high_pps_verified=0 provider_tx_queue_requested=576 provider_tx_queue_size=576 provider_rx_queue_requested=64 provider_rx_queue_size=64 tx_cq_size=640 tx_cq_required=640 rx_cq_size=128 rx_cq_required=128 tx_cq_batch=64 rx_cq_batch=64 cq_headroom=64 cq_sleep_ns=0 strict_topology=1 selective_completion=0 rma_write_delivery_complete=1 rma_write_more=0 rma_write_more_burst=64
zcofi-rma-connection-warmup: role=client lane=23 provider=efa direction=client-send-server-recv bytes=16 status=sent
zcofi-rma-read-lane: worker=23 lane=23 provider=efa endpoint=rdm addr=172.31.47.13 service=49043 control_port=50043 remote_addr=0x0000fb213bfe8010 remote_key=0x00000000001000ef extent_bytes=4096 queue_depth=256 registered_buffer_bytes=1048576 max_msg_size=8928 max_rma_size=1073741824 inject_size=32 completion=initiator-local-cq-data-visible local_registration_scope=fixed-buffer-per-outstanding-operation cq_processing=batched access_pattern=random-permutation permutation_start=30029 permutation_stride=113009
zcofi-rma-setup-admission: role=client-read lane=23 order=lane-ascending parallelism=1 phase=endpoint-control-warmup-mr status=complete
zcofi-rma-start-barrier: role=client-read worker=23 streams=1 ready_workers=24 worker_count=48 failure_aware=yes status=ready
zcofi-rma-setup-admission: role=client-read lane=24 order=lane-ascending parallelism=1 phase=endpoint-control-warmup-mr status=admitted
zcofi-endpoint-profile: provider=efa fabric=efa-direct domain=efa_1-rdm device=efa_1 endpoint_type=3 api_requested=2.0 api_query=2.0 api_returned=2.0 caps=6755399441071878 mode=4503599627370496 mr_mode=116 mr_local=1 mr_virt_addr=1 control_progress=1 data_progress=1 max_msg_size=8928 max_msg_size_query_rc=0 max_rma_size=1073741824 max_rma_size_query_rc=0 inject_size=32 rma_iov_limit=1 efa=1 efa_direct=1 efa_emulated_read=0 efa_emulated_read_query_rc=0 efa_emulated_write=0 efa_emulated_write_query_rc=0 efa_write_high_pps_available=0 efa_write_high_pps_requested=0 efa_write_high_pps_effective=0 efa_write_high_pps_verified=0 provider_tx_queue_requested=576 provider_tx_queue_size=576 provider_rx_queue_requested=64 provider_rx_queue_size=64 tx_cq_size=640 tx_cq_required=640 rx_cq_size=128 rx_cq_required=128 tx_cq_batch=64 rx_cq_batch=64 cq_headroom=64 cq_sleep_ns=0 strict_topology=1 selective_completion=0 rma_write_delivery_complete=1 rma_write_more=0 rma_write_more_burst=64
zcofi-control-client: addr=172.31.47.13:50044 local_addr_bytes=32 remote_addr_bytes=32 peer_profile_validated=yes wire_contract=zcofi-rma-window-v4;lanes=48;bytes_per_lane=671088640;extent=4096;cm_warmup=client-send-server-recv;done=operation-plus-payload-digest
zcofi-control-client-peer-profile: provider=efa fabric=efa-direct domain=efa_1-rdm device=efa_1 endpoint_type=3 api_requested=2.0 api_query=2.0 api_returned=2.0 caps=6755399441071878 mode=4503599627370496 mr_mode=116 mr_local=1 mr_virt_addr=1 control_progress=1 data_progress=1 max_msg_size=8928 max_msg_size_query_rc=0 max_rma_size=1073741824 max_rma_size_query_rc=0 inject_size=32 rma_iov_limit=1 efa=1 efa_direct=1 efa_emulated_read=0 efa_emulated_read_query_rc=0 efa_emulated_write=0 efa_emulated_write_query_rc=0 efa_write_high_pps_available=0 efa_write_high_pps_requested=0 efa_write_high_pps_effective=0 efa_write_high_pps_verified=0 provider_tx_queue_requested=576 provider_tx_queue_size=576 provider_rx_queue_requested=64 provider_rx_queue_size=64 tx_cq_size=640 tx_cq_required=640 rx_cq_size=128 rx_cq_required=128 tx_cq_batch=64 rx_cq_batch=64 cq_headroom=64 cq_sleep_ns=0 strict_topology=1 selective_completion=0 rma_write_delivery_complete=1 rma_write_more=0 rma_write_more_burst=64
zcofi-rma-connection-warmup: role=client lane=24 provider=efa direction=client-send-server-recv bytes=16 status=sent
zcofi-rma-read-lane: worker=24 lane=24 provider=efa endpoint=rdm addr=172.31.47.13 service=49044 control_port=50044 remote_addr=0x0000fb2113fe7010 remote_key=0x0000000000400021 extent_bytes=4096 queue_depth=256 registered_buffer_bytes=1048576 max_msg_size=8928 max_rma_size=1073741824 inject_size=32 completion=initiator-local-cq-data-visible local_registration_scope=fixed-buffer-per-outstanding-operation cq_processing=batched access_pattern=random-permutation permutation_start=4868 permutation_stride=12291
zcofi-rma-setup-admission: role=client-read lane=24 order=lane-ascending parallelism=1 phase=endpoint-control-warmup-mr status=complete
zcofi-rma-start-barrier: role=client-read worker=24 streams=1 ready_workers=25 worker_count=48 failure_aware=yes status=ready
zcofi-rma-setup-admission: role=client-read lane=25 order=lane-ascending parallelism=1 phase=endpoint-control-warmup-mr status=admitted
zcofi-endpoint-profile: provider=efa fabric=efa-direct domain=efa_1-rdm device=efa_1 endpoint_type=3 api_requested=2.0 api_query=2.0 api_returned=2.0 caps=6755399441071878 mode=4503599627370496 mr_mode=116 mr_local=1 mr_virt_addr=1 control_progress=1 data_progress=1 max_msg_size=8928 max_msg_size_query_rc=0 max_rma_size=1073741824 max_rma_size_query_rc=0 inject_size=32 rma_iov_limit=1 efa=1 efa_direct=1 efa_emulated_read=0 efa_emulated_read_query_rc=0 efa_emulated_write=0 efa_emulated_write_query_rc=0 efa_write_high_pps_available=0 efa_write_high_pps_requested=0 efa_write_high_pps_effective=0 efa_write_high_pps_verified=0 provider_tx_queue_requested=576 provider_tx_queue_size=576 provider_rx_queue_requested=64 provider_rx_queue_size=64 tx_cq_size=640 tx_cq_required=640 rx_cq_size=128 rx_cq_required=128 tx_cq_batch=64 rx_cq_batch=64 cq_headroom=64 cq_sleep_ns=0 strict_topology=1 selective_completion=0 rma_write_delivery_complete=1 rma_write_more=0 rma_write_more_burst=64
zcofi-control-client: addr=172.31.47.13:50045 local_addr_bytes=32 remote_addr_bytes=32 peer_profile_validated=yes wire_contract=zcofi-rma-window-v4;lanes=48;bytes_per_lane=671088640;extent=4096;cm_warmup=client-send-server-recv;done=operation-plus-payload-digest
zcofi-control-client-peer-profile: provider=efa fabric=efa-direct domain=efa_1-rdm device=efa_1 endpoint_type=3 api_requested=2.0 api_query=2.0 api_returned=2.0 caps=6755399441071878 mode=4503599627370496 mr_mode=116 mr_local=1 mr_virt_addr=1 control_progress=1 data_progress=1 max_msg_size=8928 max_msg_size_query_rc=0 max_rma_size=1073741824 max_rma_size_query_rc=0 inject_size=32 rma_iov_limit=1 efa=1 efa_direct=1 efa_emulated_read=0 efa_emulated_read_query_rc=0 efa_emulated_write=0 efa_emulated_write_query_rc=0 efa_write_high_pps_available=0 efa_write_high_pps_requested=0 efa_write_high_pps_effective=0 efa_write_high_pps_verified=0 provider_tx_queue_requested=576 provider_tx_queue_size=576 provider_rx_queue_requested=64 provider_rx_queue_size=64 tx_cq_size=640 tx_cq_required=640 rx_cq_size=128 rx_cq_required=128 tx_cq_batch=64 rx_cq_batch=64 cq_headroom=64 cq_sleep_ns=0 strict_topology=1 selective_completion=0 rma_write_delivery_complete=1 rma_write_more=0 rma_write_more_burst=64
zcofi-rma-connection-warmup: role=client lane=25 provider=efa direction=client-send-server-recv bytes=16 status=sent
zcofi-rma-read-lane: worker=25 lane=25 provider=efa endpoint=rdm addr=172.31.47.13 service=49045 control_port=50045 remote_addr=0x0000fb20ebfe6010 remote_key=0x000000000020007e extent_bytes=4096 queue_depth=256 registered_buffer_bytes=1048576 max_msg_size=8928 max_rma_size=1073741824 inject_size=32 completion=initiator-local-cq-data-visible local_registration_scope=fixed-buffer-per-outstanding-operation cq_processing=batched access_pattern=random-permutation permutation_start=141535 permutation_stride=132887
zcofi-rma-setup-admission: role=client-read lane=25 order=lane-ascending parallelism=1 phase=endpoint-control-warmup-mr status=complete
zcofi-rma-start-barrier: role=client-read worker=25 streams=1 ready_workers=26 worker_count=48 failure_aware=yes status=ready
zcofi-rma-setup-admission: role=client-read lane=26 order=lane-ascending parallelism=1 phase=endpoint-control-warmup-mr status=admitted
zcofi-endpoint-profile: provider=efa fabric=efa-direct domain=efa_1-rdm device=efa_1 endpoint_type=3 api_requested=2.0 api_query=2.0 api_returned=2.0 caps=6755399441071878 mode=4503599627370496 mr_mode=116 mr_local=1 mr_virt_addr=1 control_progress=1 data_progress=1 max_msg_size=8928 max_msg_size_query_rc=0 max_rma_size=1073741824 max_rma_size_query_rc=0 inject_size=32 rma_iov_limit=1 efa=1 efa_direct=1 efa_emulated_read=0 efa_emulated_read_query_rc=0 efa_emulated_write=0 efa_emulated_write_query_rc=0 efa_write_high_pps_available=0 efa_write_high_pps_requested=0 efa_write_high_pps_effective=0 efa_write_high_pps_verified=0 provider_tx_queue_requested=576 provider_tx_queue_size=576 provider_rx_queue_requested=64 provider_rx_queue_size=64 tx_cq_size=640 tx_cq_required=640 rx_cq_size=128 rx_cq_required=128 tx_cq_batch=64 rx_cq_batch=64 cq_headroom=64 cq_sleep_ns=0 strict_topology=1 selective_completion=0 rma_write_delivery_complete=1 rma_write_more=0 rma_write_more_burst=64
zcofi-control-client: addr=172.31.47.13:50046 local_addr_bytes=32 remote_addr_bytes=32 peer_profile_validated=yes wire_contract=zcofi-rma-window-v4;lanes=48;bytes_per_lane=671088640;extent=4096;cm_warmup=client-send-server-recv;done=operation-plus-payload-digest
zcofi-control-client-peer-profile: provider=efa fabric=efa-direct domain=efa_1-rdm device=efa_1 endpoint_type=3 api_requested=2.0 api_query=2.0 api_returned=2.0 caps=6755399441071878 mode=4503599627370496 mr_mode=116 mr_local=1 mr_virt_addr=1 control_progress=1 data_progress=1 max_msg_size=8928 max_msg_size_query_rc=0 max_rma_size=1073741824 max_rma_size_query_rc=0 inject_size=32 rma_iov_limit=1 efa=1 efa_direct=1 efa_emulated_read=0 efa_emulated_read_query_rc=0 efa_emulated_write=0 efa_emulated_write_query_rc=0 efa_write_high_pps_available=0 efa_write_high_pps_requested=0 efa_write_high_pps_effective=0 efa_write_high_pps_verified=0 provider_tx_queue_requested=576 provider_tx_queue_size=576 provider_rx_queue_requested=64 provider_rx_queue_size=64 tx_cq_size=640 tx_cq_required=640 rx_cq_size=128 rx_cq_required=128 tx_cq_batch=64 rx_cq_batch=64 cq_headroom=64 cq_sleep_ns=0 strict_topology=1 selective_completion=0 rma_write_delivery_complete=1 rma_write_more=0 rma_write_more_burst=64
zcofi-rma-connection-warmup: role=client lane=26 provider=efa direction=client-send-server-recv bytes=16 status=sent
zcofi-rma-read-lane: worker=26 lane=26 provider=efa endpoint=rdm addr=172.31.47.13 service=49046 control_port=50046 remote_addr=0x0000fb20c3fe5010 remote_key=0x000000000040000b extent_bytes=4096 queue_depth=256 registered_buffer_bytes=1048576 max_msg_size=8928 max_rma_size=1073741824 inject_size=32 completion=initiator-local-cq-data-visible local_registration_scope=fixed-buffer-per-outstanding-operation cq_processing=batched access_pattern=random-permutation permutation_start=83606 permutation_stride=40487
zcofi-rma-setup-admission: role=client-read lane=26 order=lane-ascending parallelism=1 phase=endpoint-control-warmup-mr status=complete
zcofi-rma-start-barrier: role=client-read worker=26 streams=1 ready_workers=27 worker_count=48 failure_aware=yes status=ready
zcofi-rma-setup-admission: role=client-read lane=27 order=lane-ascending parallelism=1 phase=endpoint-control-warmup-mr status=admitted
zcofi-endpoint-profile: provider=efa fabric=efa-direct domain=efa_1-rdm device=efa_1 endpoint_type=3 api_requested=2.0 api_query=2.0 api_returned=2.0 caps=6755399441071878 mode=4503599627370496 mr_mode=116 mr_local=1 mr_virt_addr=1 control_progress=1 data_progress=1 max_msg_size=8928 max_msg_size_query_rc=0 max_rma_size=1073741824 max_rma_size_query_rc=0 inject_size=32 rma_iov_limit=1 efa=1 efa_direct=1 efa_emulated_read=0 efa_emulated_read_query_rc=0 efa_emulated_write=0 efa_emulated_write_query_rc=0 efa_write_high_pps_available=0 efa_write_high_pps_requested=0 efa_write_high_pps_effective=0 efa_write_high_pps_verified=0 provider_tx_queue_requested=576 provider_tx_queue_size=576 provider_rx_queue_requested=64 provider_rx_queue_size=64 tx_cq_size=640 tx_cq_required=640 rx_cq_size=128 rx_cq_required=128 tx_cq_batch=64 rx_cq_batch=64 cq_headroom=64 cq_sleep_ns=0 strict_topology=1 selective_completion=0 rma_write_delivery_complete=1 rma_write_more=0 rma_write_more_burst=64
zcofi-control-client: addr=172.31.47.13:50047 local_addr_bytes=32 remote_addr_bytes=32 peer_profile_validated=yes wire_contract=zcofi-rma-window-v4;lanes=48;bytes_per_lane=671088640;extent=4096;cm_warmup=client-send-server-recv;done=operation-plus-payload-digest
zcofi-control-client-peer-profile: provider=efa fabric=efa-direct domain=efa_1-rdm device=efa_1 endpoint_type=3 api_requested=2.0 api_query=2.0 api_returned=2.0 caps=6755399441071878 mode=4503599627370496 mr_mode=116 mr_local=1 mr_virt_addr=1 control_progress=1 data_progress=1 max_msg_size=8928 max_msg_size_query_rc=0 max_rma_size=1073741824 max_rma_size_query_rc=0 inject_size=32 rma_iov_limit=1 efa=1 efa_direct=1 efa_emulated_read=0 efa_emulated_read_query_rc=0 efa_emulated_write=0 efa_emulated_write_query_rc=0 efa_write_high_pps_available=0 efa_write_high_pps_requested=0 efa_write_high_pps_effective=0 efa_write_high_pps_verified=0 provider_tx_queue_requested=576 provider_tx_queue_size=576 provider_rx_queue_requested=64 provider_rx_queue_size=64 tx_cq_size=640 tx_cq_required=640 rx_cq_size=128 rx_cq_required=128 tx_cq_batch=64 rx_cq_batch=64 cq_headroom=64 cq_sleep_ns=0 strict_topology=1 selective_completion=0 rma_write_delivery_complete=1 rma_write_more=0 rma_write_more_burst=64
zcofi-rma-connection-warmup: role=client lane=27 provider=efa direction=client-send-server-recv bytes=16 status=sent
zcofi-rma-read-lane: worker=27 lane=27 provider=efa endpoint=rdm addr=172.31.47.13 service=49047 control_port=50047 remote_addr=0x0000fb209bfe4010 remote_key=0x0000000000400013 extent_bytes=4096 queue_depth=256 registered_buffer_bytes=1048576 max_msg_size=8928 max_rma_size=1073741824 inject_size=32 completion=initiator-local-cq-data-visible local_registration_scope=fixed-buffer-per-outstanding-operation cq_processing=batched access_pattern=random-permutation permutation_start=23593 permutation_stride=136907
zcofi-rma-setup-admission: role=client-read lane=27 order=lane-ascending parallelism=1 phase=endpoint-control-warmup-mr status=complete
zcofi-rma-setup-admission: role=client-read lane=28 order=lane-ascending parallelism=1 phase=endpoint-control-warmup-mr status=admitted
zcofi-rma-start-barrier: role=client-read worker=27 streams=1 ready_workers=28 worker_count=48 failure_aware=yes status=ready
zcofi-endpoint-profile: provider=efa fabric=efa-direct domain=efa_1-rdm device=efa_1 endpoint_type=3 api_requested=2.0 api_query=2.0 api_returned=2.0 caps=6755399441071878 mode=4503599627370496 mr_mode=116 mr_local=1 mr_virt_addr=1 control_progress=1 data_progress=1 max_msg_size=8928 max_msg_size_query_rc=0 max_rma_size=1073741824 max_rma_size_query_rc=0 inject_size=32 rma_iov_limit=1 efa=1 efa_direct=1 efa_emulated_read=0 efa_emulated_read_query_rc=0 efa_emulated_write=0 efa_emulated_write_query_rc=0 efa_write_high_pps_available=0 efa_write_high_pps_requested=0 efa_write_high_pps_effective=0 efa_write_high_pps_verified=0 provider_tx_queue_requested=576 provider_tx_queue_size=576 provider_rx_queue_requested=64 provider_rx_queue_size=64 tx_cq_size=640 tx_cq_required=640 rx_cq_size=128 rx_cq_required=128 tx_cq_batch=64 rx_cq_batch=64 cq_headroom=64 cq_sleep_ns=0 strict_topology=1 selective_completion=0 rma_write_delivery_complete=1 rma_write_more=0 rma_write_more_burst=64
zcofi-control-client: addr=172.31.47.13:50048 local_addr_bytes=32 remote_addr_bytes=32 peer_profile_validated=yes wire_contract=zcofi-rma-window-v4;lanes=48;bytes_per_lane=671088640;extent=4096;cm_warmup=client-send-server-recv;done=operation-plus-payload-digest
zcofi-control-client-peer-profile: provider=efa fabric=efa-direct domain=efa_1-rdm device=efa_1 endpoint_type=3 api_requested=2.0 api_query=2.0 api_returned=2.0 caps=6755399441071878 mode=4503599627370496 mr_mode=116 mr_local=1 mr_virt_addr=1 control_progress=1 data_progress=1 max_msg_size=8928 max_msg_size_query_rc=0 max_rma_size=1073741824 max_rma_size_query_rc=0 inject_size=32 rma_iov_limit=1 efa=1 efa_direct=1 efa_emulated_read=0 efa_emulated_read_query_rc=0 efa_emulated_write=0 efa_emulated_write_query_rc=0 efa_write_high_pps_available=0 efa_write_high_pps_requested=0 efa_write_high_pps_effective=0 efa_write_high_pps_verified=0 provider_tx_queue_requested=576 provider_tx_queue_size=576 provider_rx_queue_requested=64 provider_rx_queue_size=64 tx_cq_size=640 tx_cq_required=640 rx_cq_size=128 rx_cq_required=128 tx_cq_batch=64 rx_cq_batch=64 cq_headroom=64 cq_sleep_ns=0 strict_topology=1 selective_completion=0 rma_write_delivery_complete=1 rma_write_more=0 rma_write_more_burst=64
zcofi-rma-connection-warmup: role=client lane=28 provider=efa direction=client-send-server-recv bytes=16 status=sent
zcofi-rma-read-lane: worker=28 lane=28 provider=efa endpoint=rdm addr=172.31.47.13 service=49048 control_port=50048 remote_addr=0x0000fb2073fe3010 remote_key=0x0000000000200048 extent_bytes=4096 queue_depth=256 registered_buffer_bytes=1048576 max_msg_size=8928 max_rma_size=1073741824 inject_size=32 completion=initiator-local-cq-data-visible local_registration_scope=fixed-buffer-per-outstanding-operation cq_processing=batched access_pattern=random-permutation permutation_start=162272 permutation_stride=28127
zcofi-rma-setup-admission: role=client-read lane=28 order=lane-ascending parallelism=1 phase=endpoint-control-warmup-mr status=complete
zcofi-rma-start-barrier: role=client-read worker=28 streams=1 ready_workers=29 worker_count=48 failure_aware=yes status=ready
zcofi-rma-setup-admission: role=client-read lane=29 order=lane-ascending parallelism=1 phase=endpoint-control-warmup-mr status=admitted
zcofi-endpoint-profile: provider=efa fabric=efa-direct domain=efa_1-rdm device=efa_1 endpoint_type=3 api_requested=2.0 api_query=2.0 api_returned=2.0 caps=6755399441071878 mode=4503599627370496 mr_mode=116 mr_local=1 mr_virt_addr=1 control_progress=1 data_progress=1 max_msg_size=8928 max_msg_size_query_rc=0 max_rma_size=1073741824 max_rma_size_query_rc=0 inject_size=32 rma_iov_limit=1 efa=1 efa_direct=1 efa_emulated_read=0 efa_emulated_read_query_rc=0 efa_emulated_write=0 efa_emulated_write_query_rc=0 efa_write_high_pps_available=0 efa_write_high_pps_requested=0 efa_write_high_pps_effective=0 efa_write_high_pps_verified=0 provider_tx_queue_requested=576 provider_tx_queue_size=576 provider_rx_queue_requested=64 provider_rx_queue_size=64 tx_cq_size=640 tx_cq_required=640 rx_cq_size=128 rx_cq_required=128 tx_cq_batch=64 rx_cq_batch=64 cq_headroom=64 cq_sleep_ns=0 strict_topology=1 selective_completion=0 rma_write_delivery_complete=1 rma_write_more=0 rma_write_more_burst=64
zcofi-control-client: addr=172.31.47.13:50049 local_addr_bytes=32 remote_addr_bytes=32 peer_profile_validated=yes wire_contract=zcofi-rma-window-v4;lanes=48;bytes_per_lane=671088640;extent=4096;cm_warmup=client-send-server-recv;done=operation-plus-payload-digest
zcofi-control-client-peer-profile: provider=efa fabric=efa-direct domain=efa_1-rdm device=efa_1 endpoint_type=3 api_requested=2.0 api_query=2.0 api_returned=2.0 caps=6755399441071878 mode=4503599627370496 mr_mode=116 mr_local=1 mr_virt_addr=1 control_progress=1 data_progress=1 max_msg_size=8928 max_msg_size_query_rc=0 max_rma_size=1073741824 max_rma_size_query_rc=0 inject_size=32 rma_iov_limit=1 efa=1 efa_direct=1 efa_emulated_read=0 efa_emulated_read_query_rc=0 efa_emulated_write=0 efa_emulated_write_query_rc=0 efa_write_high_pps_available=0 efa_write_high_pps_requested=0 efa_write_high_pps_effective=0 efa_write_high_pps_verified=0 provider_tx_queue_requested=576 provider_tx_queue_size=576 provider_rx_queue_requested=64 provider_rx_queue_size=64 tx_cq_size=640 tx_cq_required=640 rx_cq_size=128 rx_cq_required=128 tx_cq_batch=64 rx_cq_batch=64 cq_headroom=64 cq_sleep_ns=0 strict_topology=1 selective_completion=0 rma_write_delivery_complete=1 rma_write_more=0 rma_write_more_burst=64
zcofi-rma-connection-warmup: role=client lane=29 provider=efa direction=client-send-server-recv bytes=16 status=sent
zcofi-rma-read-lane: worker=29 lane=29 provider=efa endpoint=rdm addr=172.31.47.13 service=49049 control_port=50049 remote_addr=0x0000fb204bfe2010 remote_key=0x0000000000400038 extent_bytes=4096 queue_depth=256 registered_buffer_bytes=1048576 max_msg_size=8928 max_rma_size=1073741824 inject_size=32 completion=initiator-local-cq-data-visible local_registration_scope=fixed-buffer-per-outstanding-operation cq_processing=batched access_pattern=random-permutation permutation_start=38843 permutation_stride=58607
zcofi-rma-setup-admission: role=client-read lane=29 order=lane-ascending parallelism=1 phase=endpoint-control-warmup-mr status=complete
zcofi-rma-start-barrier: role=client-read worker=29 streams=1 ready_workers=30 worker_count=48 failure_aware=yes status=ready
zcofi-rma-setup-admission: role=client-read lane=30 order=lane-ascending parallelism=1 phase=endpoint-control-warmup-mr status=admitted
zcofi-endpoint-profile: provider=efa fabric=efa-direct domain=efa_1-rdm device=efa_1 endpoint_type=3 api_requested=2.0 api_query=2.0 api_returned=2.0 caps=6755399441071878 mode=4503599627370496 mr_mode=116 mr_local=1 mr_virt_addr=1 control_progress=1 data_progress=1 max_msg_size=8928 max_msg_size_query_rc=0 max_rma_size=1073741824 max_rma_size_query_rc=0 inject_size=32 rma_iov_limit=1 efa=1 efa_direct=1 efa_emulated_read=0 efa_emulated_read_query_rc=0 efa_emulated_write=0 efa_emulated_write_query_rc=0 efa_write_high_pps_available=0 efa_write_high_pps_requested=0 efa_write_high_pps_effective=0 efa_write_high_pps_verified=0 provider_tx_queue_requested=576 provider_tx_queue_size=576 provider_rx_queue_requested=64 provider_rx_queue_size=64 tx_cq_size=640 tx_cq_required=640 rx_cq_size=128 rx_cq_required=128 tx_cq_batch=64 rx_cq_batch=64 cq_headroom=64 cq_sleep_ns=0 strict_topology=1 selective_completion=0 rma_write_delivery_complete=1 rma_write_more=0 rma_write_more_burst=64
zcofi-control-client: addr=172.31.47.13:50050 local_addr_bytes=32 remote_addr_bytes=32 peer_profile_validated=yes wire_contract=zcofi-rma-window-v4;lanes=48;bytes_per_lane=671088640;extent=4096;cm_warmup=client-send-server-recv;done=operation-plus-payload-digest
zcofi-control-client-peer-profile: provider=efa fabric=efa-direct domain=efa_1-rdm device=efa_1 endpoint_type=3 api_requested=2.0 api_query=2.0 api_returned=2.0 caps=6755399441071878 mode=4503599627370496 mr_mode=116 mr_local=1 mr_virt_addr=1 control_progress=1 data_progress=1 max_msg_size=8928 max_msg_size_query_rc=0 max_rma_size=1073741824 max_rma_size_query_rc=0 inject_size=32 rma_iov_limit=1 efa=1 efa_direct=1 efa_emulated_read=0 efa_emulated_read_query_rc=0 efa_emulated_write=0 efa_emulated_write_query_rc=0 efa_write_high_pps_available=0 efa_write_high_pps_requested=0 efa_write_high_pps_effective=0 efa_write_high_pps_verified=0 provider_tx_queue_requested=576 provider_tx_queue_size=576 provider_rx_queue_requested=64 provider_rx_queue_size=64 tx_cq_size=640 tx_cq_required=640 rx_cq_size=128 rx_cq_required=128 tx_cq_batch=64 rx_cq_batch=64 cq_headroom=64 cq_sleep_ns=0 strict_topology=1 selective_completion=0 rma_write_delivery_complete=1 rma_write_more=0 rma_write_more_burst=64
zcofi-rma-connection-warmup: role=client lane=30 provider=efa direction=client-send-server-recv bytes=16 status=sent
zcofi-rma-read-lane: worker=30 lane=30 provider=efa endpoint=rdm addr=172.31.47.13 service=49050 control_port=50050 remote_addr=0x0000fb2023fe1010 remote_key=0x00000000001000b6 extent_bytes=4096 queue_depth=256 registered_buffer_bytes=1048576 max_msg_size=8928 max_rma_size=1073741824 inject_size=32 completion=initiator-local-cq-data-visible local_registration_scope=fixed-buffer-per-outstanding-operation cq_processing=batched access_pattern=random-permutation permutation_start=44402 permutation_stride=31729
zcofi-rma-setup-admission: role=client-read lane=30 order=lane-ascending parallelism=1 phase=endpoint-control-warmup-mr status=complete
zcofi-rma-start-barrier: role=client-read worker=30 streams=1 ready_workers=31 worker_count=48 failure_aware=yes status=ready
zcofi-rma-setup-admission: role=client-read lane=31 order=lane-ascending parallelism=1 phase=endpoint-control-warmup-mr status=admitted
zcofi-endpoint-profile: provider=efa fabric=efa-direct domain=efa_1-rdm device=efa_1 endpoint_type=3 api_requested=2.0 api_query=2.0 api_returned=2.0 caps=6755399441071878 mode=4503599627370496 mr_mode=116 mr_local=1 mr_virt_addr=1 control_progress=1 data_progress=1 max_msg_size=8928 max_msg_size_query_rc=0 max_rma_size=1073741824 max_rma_size_query_rc=0 inject_size=32 rma_iov_limit=1 efa=1 efa_direct=1 efa_emulated_read=0 efa_emulated_read_query_rc=0 efa_emulated_write=0 efa_emulated_write_query_rc=0 efa_write_high_pps_available=0 efa_write_high_pps_requested=0 efa_write_high_pps_effective=0 efa_write_high_pps_verified=0 provider_tx_queue_requested=576 provider_tx_queue_size=576 provider_rx_queue_requested=64 provider_rx_queue_size=64 tx_cq_size=640 tx_cq_required=640 rx_cq_size=128 rx_cq_required=128 tx_cq_batch=64 rx_cq_batch=64 cq_headroom=64 cq_sleep_ns=0 strict_topology=1 selective_completion=0 rma_write_delivery_complete=1 rma_write_more=0 rma_write_more_burst=64
zcofi-control-client: addr=172.31.47.13:50051 local_addr_bytes=32 remote_addr_bytes=32 peer_profile_validated=yes wire_contract=zcofi-rma-window-v4;lanes=48;bytes_per_lane=671088640;extent=4096;cm_warmup=client-send-server-recv;done=operation-plus-payload-digest
zcofi-control-client-peer-profile: provider=efa fabric=efa-direct domain=efa_1-rdm device=efa_1 endpoint_type=3 api_requested=2.0 api_query=2.0 api_returned=2.0 caps=6755399441071878 mode=4503599627370496 mr_mode=116 mr_local=1 mr_virt_addr=1 control_progress=1 data_progress=1 max_msg_size=8928 max_msg_size_query_rc=0 max_rma_size=1073741824 max_rma_size_query_rc=0 inject_size=32 rma_iov_limit=1 efa=1 efa_direct=1 efa_emulated_read=0 efa_emulated_read_query_rc=0 efa_emulated_write=0 efa_emulated_write_query_rc=0 efa_write_high_pps_available=0 efa_write_high_pps_requested=0 efa_write_high_pps_effective=0 efa_write_high_pps_verified=0 provider_tx_queue_requested=576 provider_tx_queue_size=576 provider_rx_queue_requested=64 provider_rx_queue_size=64 tx_cq_size=640 tx_cq_required=640 rx_cq_size=128 rx_cq_required=128 tx_cq_batch=64 rx_cq_batch=64 cq_headroom=64 cq_sleep_ns=0 strict_topology=1 selective_completion=0 rma_write_delivery_complete=1 rma_write_more=0 rma_write_more_burst=64
zcofi-rma-connection-warmup: role=client lane=31 provider=efa direction=client-send-server-recv bytes=16 status=sent
zcofi-rma-read-lane: worker=31 lane=31 provider=efa endpoint=rdm addr=172.31.47.13 service=49051 control_port=50051 remote_addr=0x0000fb1ffbfe0010 remote_key=0x00000000001000b5 extent_bytes=4096 queue_depth=256 registered_buffer_bytes=1048576 max_msg_size=8928 max_rma_size=1073741824 inject_size=32 completion=initiator-local-cq-data-visible local_registration_scope=fixed-buffer-per-outstanding-operation cq_processing=batched access_pattern=random-permutation permutation_start=52021 permutation_stride=160387
zcofi-rma-setup-admission: role=client-read lane=31 order=lane-ascending parallelism=1 phase=endpoint-control-warmup-mr status=complete
zcofi-rma-start-barrier: role=client-read worker=31 streams=1 ready_workers=32 worker_count=48 failure_aware=yes status=ready
zcofi-rma-setup-admission: role=client-read lane=32 order=lane-ascending parallelism=1 phase=endpoint-control-warmup-mr status=admitted
zcofi-endpoint-profile: provider=efa fabric=efa-direct domain=efa_1-rdm device=efa_1 endpoint_type=3 api_requested=2.0 api_query=2.0 api_returned=2.0 caps=6755399441071878 mode=4503599627370496 mr_mode=116 mr_local=1 mr_virt_addr=1 control_progress=1 data_progress=1 max_msg_size=8928 max_msg_size_query_rc=0 max_rma_size=1073741824 max_rma_size_query_rc=0 inject_size=32 rma_iov_limit=1 efa=1 efa_direct=1 efa_emulated_read=0 efa_emulated_read_query_rc=0 efa_emulated_write=0 efa_emulated_write_query_rc=0 efa_write_high_pps_available=0 efa_write_high_pps_requested=0 efa_write_high_pps_effective=0 efa_write_high_pps_verified=0 provider_tx_queue_requested=576 provider_tx_queue_size=576 provider_rx_queue_requested=64 provider_rx_queue_size=64 tx_cq_size=640 tx_cq_required=640 rx_cq_size=128 rx_cq_required=128 tx_cq_batch=64 rx_cq_batch=64 cq_headroom=64 cq_sleep_ns=0 strict_topology=1 selective_completion=0 rma_write_delivery_complete=1 rma_write_more=0 rma_write_more_burst=64
zcofi-control-client: addr=172.31.47.13:50052 local_addr_bytes=32 remote_addr_bytes=32 peer_profile_validated=yes wire_contract=zcofi-rma-window-v4;lanes=48;bytes_per_lane=671088640;extent=4096;cm_warmup=client-send-server-recv;done=operation-plus-payload-digest
zcofi-control-client-peer-profile: provider=efa fabric=efa-direct domain=efa_1-rdm device=efa_1 endpoint_type=3 api_requested=2.0 api_query=2.0 api_returned=2.0 caps=6755399441071878 mode=4503599627370496 mr_mode=116 mr_local=1 mr_virt_addr=1 control_progress=1 data_progress=1 max_msg_size=8928 max_msg_size_query_rc=0 max_rma_size=1073741824 max_rma_size_query_rc=0 inject_size=32 rma_iov_limit=1 efa=1 efa_direct=1 efa_emulated_read=0 efa_emulated_read_query_rc=0 efa_emulated_write=0 efa_emulated_write_query_rc=0 efa_write_high_pps_available=0 efa_write_high_pps_requested=0 efa_write_high_pps_effective=0 efa_write_high_pps_verified=0 provider_tx_queue_requested=576 provider_tx_queue_size=576 provider_rx_queue_requested=64 provider_rx_queue_size=64 tx_cq_size=640 tx_cq_required=640 rx_cq_size=128 rx_cq_required=128 tx_cq_batch=64 rx_cq_batch=64 cq_headroom=64 cq_sleep_ns=0 strict_topology=1 selective_completion=0 rma_write_delivery_complete=1 rma_write_more=0 rma_write_more_burst=64
zcofi-rma-connection-warmup: role=client lane=32 provider=efa direction=client-send-server-recv bytes=16 status=sent
zcofi-rma-read-lane: worker=32 lane=32 provider=efa endpoint=rdm addr=172.31.47.13 service=49052 control_port=50052 remote_addr=0x0000fb1fd3fdf010 remote_key=0x00000000001000b4 extent_bytes=4096 queue_depth=256 registered_buffer_bytes=1048576 max_msg_size=8928 max_rma_size=1073741824 inject_size=32 completion=initiator-local-cq-data-visible local_registration_scope=fixed-buffer-per-outstanding-operation cq_processing=batched access_pattern=random-permutation permutation_start=155852 permutation_stride=149909
zcofi-rma-setup-admission: role=client-read lane=32 order=lane-ascending parallelism=1 phase=endpoint-control-warmup-mr status=complete
zcofi-rma-start-barrier: role=client-read worker=32 streams=1 ready_workers=33 worker_count=48 failure_aware=yes status=ready
zcofi-rma-setup-admission: role=client-read lane=33 order=lane-ascending parallelism=1 phase=endpoint-control-warmup-mr status=admitted
zcofi-endpoint-profile: provider=efa fabric=efa-direct domain=efa_1-rdm device=efa_1 endpoint_type=3 api_requested=2.0 api_query=2.0 api_returned=2.0 caps=6755399441071878 mode=4503599627370496 mr_mode=116 mr_local=1 mr_virt_addr=1 control_progress=1 data_progress=1 max_msg_size=8928 max_msg_size_query_rc=0 max_rma_size=1073741824 max_rma_size_query_rc=0 inject_size=32 rma_iov_limit=1 efa=1 efa_direct=1 efa_emulated_read=0 efa_emulated_read_query_rc=0 efa_emulated_write=0 efa_emulated_write_query_rc=0 efa_write_high_pps_available=0 efa_write_high_pps_requested=0 efa_write_high_pps_effective=0 efa_write_high_pps_verified=0 provider_tx_queue_requested=576 provider_tx_queue_size=576 provider_rx_queue_requested=64 provider_rx_queue_size=64 tx_cq_size=640 tx_cq_required=640 rx_cq_size=128 rx_cq_required=128 tx_cq_batch=64 rx_cq_batch=64 cq_headroom=64 cq_sleep_ns=0 strict_topology=1 selective_completion=0 rma_write_delivery_complete=1 rma_write_more=0 rma_write_more_burst=64
zcofi-control-client: addr=172.31.47.13:50053 local_addr_bytes=32 remote_addr_bytes=32 peer_profile_validated=yes wire_contract=zcofi-rma-window-v4;lanes=48;bytes_per_lane=671088640;extent=4096;cm_warmup=client-send-server-recv;done=operation-plus-payload-digest
zcofi-control-client-peer-profile: provider=efa fabric=efa-direct domain=efa_1-rdm device=efa_1 endpoint_type=3 api_requested=2.0 api_query=2.0 api_returned=2.0 caps=6755399441071878 mode=4503599627370496 mr_mode=116 mr_local=1 mr_virt_addr=1 control_progress=1 data_progress=1 max_msg_size=8928 max_msg_size_query_rc=0 max_rma_size=1073741824 max_rma_size_query_rc=0 inject_size=32 rma_iov_limit=1 efa=1 efa_direct=1 efa_emulated_read=0 efa_emulated_read_query_rc=0 efa_emulated_write=0 efa_emulated_write_query_rc=0 efa_write_high_pps_available=0 efa_write_high_pps_requested=0 efa_write_high_pps_effective=0 efa_write_high_pps_verified=0 provider_tx_queue_requested=576 provider_tx_queue_size=576 provider_rx_queue_requested=64 provider_rx_queue_size=64 tx_cq_size=640 tx_cq_required=640 rx_cq_size=128 rx_cq_required=128 tx_cq_batch=64 rx_cq_batch=64 cq_headroom=64 cq_sleep_ns=0 strict_topology=1 selective_completion=0 rma_write_delivery_complete=1 rma_write_more=0 rma_write_more_burst=64
zcofi-rma-connection-warmup: role=client lane=33 provider=efa direction=client-send-server-recv bytes=16 status=sent
zcofi-rma-read-lane: worker=33 lane=33 provider=efa endpoint=rdm addr=172.31.47.13 service=49053 control_port=50053 remote_addr=0x0000fb1fabada010 remote_key=0x0000000000100086 extent_bytes=4096 queue_depth=256 registered_buffer_bytes=1048576 max_msg_size=8928 max_rma_size=1073741824 inject_size=32 completion=initiator-local-cq-data-visible local_registration_scope=fixed-buffer-per-outstanding-operation cq_processing=batched access_pattern=random-permutation permutation_start=97927 permutation_stride=82107
zcofi-rma-setup-admission: role=client-read lane=33 order=lane-ascending parallelism=1 phase=endpoint-control-warmup-mr status=complete
zcofi-rma-start-barrier: role=client-read worker=33 streams=1 ready_workers=34 worker_count=48 failure_aware=yes status=ready
zcofi-rma-setup-admission: role=client-read lane=34 order=lane-ascending parallelism=1 phase=endpoint-control-warmup-mr status=admitted
zcofi-endpoint-profile: provider=efa fabric=efa-direct domain=efa_1-rdm device=efa_1 endpoint_type=3 api_requested=2.0 api_query=2.0 api_returned=2.0 caps=6755399441071878 mode=4503599627370496 mr_mode=116 mr_local=1 mr_virt_addr=1 control_progress=1 data_progress=1 max_msg_size=8928 max_msg_size_query_rc=0 max_rma_size=1073741824 max_rma_size_query_rc=0 inject_size=32 rma_iov_limit=1 efa=1 efa_direct=1 efa_emulated_read=0 efa_emulated_read_query_rc=0 efa_emulated_write=0 efa_emulated_write_query_rc=0 efa_write_high_pps_available=0 efa_write_high_pps_requested=0 efa_write_high_pps_effective=0 efa_write_high_pps_verified=0 provider_tx_queue_requested=576 provider_tx_queue_size=576 provider_rx_queue_requested=64 provider_rx_queue_size=64 tx_cq_size=640 tx_cq_required=640 rx_cq_size=128 rx_cq_required=128 tx_cq_batch=64 rx_cq_batch=64 cq_headroom=64 cq_sleep_ns=0 strict_topology=1 selective_completion=0 rma_write_delivery_complete=1 rma_write_more=0 rma_write_more_burst=64
zcofi-control-client: addr=172.31.47.13:50054 local_addr_bytes=32 remote_addr_bytes=32 peer_profile_validated=yes wire_contract=zcofi-rma-window-v4;lanes=48;bytes_per_lane=671088640;extent=4096;cm_warmup=client-send-server-recv;done=operation-plus-payload-digest
zcofi-control-client-peer-profile: provider=efa fabric=efa-direct domain=efa_1-rdm device=efa_1 endpoint_type=3 api_requested=2.0 api_query=2.0 api_returned=2.0 caps=6755399441071878 mode=4503599627370496 mr_mode=116 mr_local=1 mr_virt_addr=1 control_progress=1 data_progress=1 max_msg_size=8928 max_msg_size_query_rc=0 max_rma_size=1073741824 max_rma_size_query_rc=0 inject_size=32 rma_iov_limit=1 efa=1 efa_direct=1 efa_emulated_read=0 efa_emulated_read_query_rc=0 efa_emulated_write=0 efa_emulated_write_query_rc=0 efa_write_high_pps_available=0 efa_write_high_pps_requested=0 efa_write_high_pps_effective=0 efa_write_high_pps_verified=0 provider_tx_queue_requested=576 provider_tx_queue_size=576 provider_rx_queue_requested=64 provider_rx_queue_size=64 tx_cq_size=640 tx_cq_required=640 rx_cq_size=128 rx_cq_required=128 tx_cq_batch=64 rx_cq_batch=64 cq_headroom=64 cq_sleep_ns=0 strict_topology=1 selective_completion=0 rma_write_delivery_complete=1 rma_write_more=0 rma_write_more_burst=64
zcofi-rma-connection-warmup: role=client lane=34 provider=efa direction=client-send-server-recv bytes=16 status=sent
zcofi-rma-read-lane: worker=34 lane=34 provider=efa endpoint=rdm addr=172.31.47.13 service=49054 control_port=50054 remote_addr=0x0000fb1f83529010 remote_key=0x0000000000100085 extent_bytes=4096 queue_depth=256 registered_buffer_bytes=1048576 max_msg_size=8928 max_rma_size=1073741824 inject_size=32 completion=initiator-local-cq-data-visible local_registration_scope=fixed-buffer-per-outstanding-operation cq_processing=batched access_pattern=random-permutation permutation_start=70750 permutation_stride=120651
zcofi-rma-setup-admission: role=client-read lane=34 order=lane-ascending parallelism=1 phase=endpoint-control-warmup-mr status=complete
zcofi-rma-setup-admission: role=client-read lane=35 order=lane-ascending parallelism=1 phase=endpoint-control-warmup-mr status=admitted
zcofi-rma-start-barrier: role=client-read worker=34 streams=1 ready_workers=35 worker_count=48 failure_aware=yes status=ready
zcofi-endpoint-profile: provider=efa fabric=efa-direct domain=efa_1-rdm device=efa_1 endpoint_type=3 api_requested=2.0 api_query=2.0 api_returned=2.0 caps=6755399441071878 mode=4503599627370496 mr_mode=116 mr_local=1 mr_virt_addr=1 control_progress=1 data_progress=1 max_msg_size=8928 max_msg_size_query_rc=0 max_rma_size=1073741824 max_rma_size_query_rc=0 inject_size=32 rma_iov_limit=1 efa=1 efa_direct=1 efa_emulated_read=0 efa_emulated_read_query_rc=0 efa_emulated_write=0 efa_emulated_write_query_rc=0 efa_write_high_pps_available=0 efa_write_high_pps_requested=0 efa_write_high_pps_effective=0 efa_write_high_pps_verified=0 provider_tx_queue_requested=576 provider_tx_queue_size=576 provider_rx_queue_requested=64 provider_rx_queue_size=64 tx_cq_size=640 tx_cq_required=640 rx_cq_size=128 rx_cq_required=128 tx_cq_batch=64 rx_cq_batch=64 cq_headroom=64 cq_sleep_ns=0 strict_topology=1 selective_completion=0 rma_write_delivery_complete=1 rma_write_more=0 rma_write_more_burst=64
zcofi-control-client: addr=172.31.47.13:50055 local_addr_bytes=32 remote_addr_bytes=32 peer_profile_validated=yes wire_contract=zcofi-rma-window-v4;lanes=48;bytes_per_lane=671088640;extent=4096;cm_warmup=client-send-server-recv;done=operation-plus-payload-digest
zcofi-control-client-peer-profile: provider=efa fabric=efa-direct domain=efa_1-rdm device=efa_1 endpoint_type=3 api_requested=2.0 api_query=2.0 api_returned=2.0 caps=6755399441071878 mode=4503599627370496 mr_mode=116 mr_local=1 mr_virt_addr=1 control_progress=1 data_progress=1 max_msg_size=8928 max_msg_size_query_rc=0 max_rma_size=1073741824 max_rma_size_query_rc=0 inject_size=32 rma_iov_limit=1 efa=1 efa_direct=1 efa_emulated_read=0 efa_emulated_read_query_rc=0 efa_emulated_write=0 efa_emulated_write_query_rc=0 efa_write_high_pps_available=0 efa_write_high_pps_requested=0 efa_write_high_pps_effective=0 efa_write_high_pps_verified=0 provider_tx_queue_requested=576 provider_tx_queue_size=576 provider_rx_queue_requested=64 provider_rx_queue_size=64 tx_cq_size=640 tx_cq_required=640 rx_cq_size=128 rx_cq_required=128 tx_cq_batch=64 rx_cq_batch=64 cq_headroom=64 cq_sleep_ns=0 strict_topology=1 selective_completion=0 rma_write_delivery_complete=1 rma_write_more=0 rma_write_more_burst=64
zcofi-rma-connection-warmup: role=client lane=35 provider=efa direction=client-send-server-recv bytes=16 status=sent
zcofi-rma-read-lane: worker=35 lane=35 provider=efa endpoint=rdm addr=172.31.47.13 service=49055 control_port=50055 remote_addr=0x0000fb1f5af77010 remote_key=0x000000000040001f extent_bytes=4096 queue_depth=256 registered_buffer_bytes=1048576 max_msg_size=8928 max_rma_size=1073741824 inject_size=32 completion=initiator-local-cq-data-visible local_registration_scope=fixed-buffer-per-outstanding-operation cq_processing=batched access_pattern=random-permutation permutation_start=45585 permutation_stride=142941
zcofi-rma-setup-admission: role=client-read lane=35 order=lane-ascending parallelism=1 phase=endpoint-control-warmup-mr status=complete
zcofi-rma-start-barrier: role=client-read worker=35 streams=1 ready_workers=36 worker_count=48 failure_aware=yes status=ready
zcofi-rma-setup-admission: role=client-read lane=36 order=lane-ascending parallelism=1 phase=endpoint-control-warmup-mr status=admitted
zcofi-endpoint-profile: provider=efa fabric=efa-direct domain=efa_1-rdm device=efa_1 endpoint_type=3 api_requested=2.0 api_query=2.0 api_returned=2.0 caps=6755399441071878 mode=4503599627370496 mr_mode=116 mr_local=1 mr_virt_addr=1 control_progress=1 data_progress=1 max_msg_size=8928 max_msg_size_query_rc=0 max_rma_size=1073741824 max_rma_size_query_rc=0 inject_size=32 rma_iov_limit=1 efa=1 efa_direct=1 efa_emulated_read=0 efa_emulated_read_query_rc=0 efa_emulated_write=0 efa_emulated_write_query_rc=0 efa_write_high_pps_available=0 efa_write_high_pps_requested=0 efa_write_high_pps_effective=0 efa_write_high_pps_verified=0 provider_tx_queue_requested=576 provider_tx_queue_size=576 provider_rx_queue_requested=64 provider_rx_queue_size=64 tx_cq_size=640 tx_cq_required=640 rx_cq_size=128 rx_cq_required=128 tx_cq_batch=64 rx_cq_batch=64 cq_headroom=64 cq_sleep_ns=0 strict_topology=1 selective_completion=0 rma_write_delivery_complete=1 rma_write_more=0 rma_write_more_burst=64
zcofi-control-client: addr=172.31.47.13:50056 local_addr_bytes=32 remote_addr_bytes=32 peer_profile_validated=yes wire_contract=zcofi-rma-window-v4;lanes=48;bytes_per_lane=671088640;extent=4096;cm_warmup=client-send-server-recv;done=operation-plus-payload-digest
zcofi-control-client-peer-profile: provider=efa fabric=efa-direct domain=efa_1-rdm device=efa_1 endpoint_type=3 api_requested=2.0 api_query=2.0 api_returned=2.0 caps=6755399441071878 mode=4503599627370496 mr_mode=116 mr_local=1 mr_virt_addr=1 control_progress=1 data_progress=1 max_msg_size=8928 max_msg_size_query_rc=0 max_rma_size=1073741824 max_rma_size_query_rc=0 inject_size=32 rma_iov_limit=1 efa=1 efa_direct=1 efa_emulated_read=0 efa_emulated_read_query_rc=0 efa_emulated_write=0 efa_emulated_write_query_rc=0 efa_write_high_pps_available=0 efa_write_high_pps_requested=0 efa_write_high_pps_effective=0 efa_write_high_pps_verified=0 provider_tx_queue_requested=576 provider_tx_queue_size=576 provider_rx_queue_requested=64 provider_rx_queue_size=64 tx_cq_size=640 tx_cq_required=640 rx_cq_size=128 rx_cq_required=128 tx_cq_batch=64 rx_cq_batch=64 cq_headroom=64 cq_sleep_ns=0 strict_topology=1 selective_completion=0 rma_write_delivery_complete=1 rma_write_more=0 rma_write_more_burst=64
zcofi-rma-connection-warmup: role=client lane=36 provider=efa direction=client-send-server-recv bytes=16 status=sent
zcofi-rma-read-lane: worker=36 lane=36 provider=efa endpoint=rdm addr=172.31.47.13 service=49056 control_port=50056 remote_addr=0x0000fb1f329c5010 remote_key=0x00000000001000ba extent_bytes=4096 queue_depth=256 registered_buffer_bytes=1048576 max_msg_size=8928 max_rma_size=1073741824 inject_size=32 completion=initiator-local-cq-data-visible local_registration_scope=fixed-buffer-per-outstanding-operation cq_processing=batched access_pattern=random-permutation permutation_start=85928 permutation_stride=42351
zcofi-rma-setup-admission: role=client-read lane=36 order=lane-ascending parallelism=1 phase=endpoint-control-warmup-mr status=complete
zcofi-rma-start-barrier: role=client-read worker=36 streams=1 ready_workers=37 worker_count=48 failure_aware=yes status=ready
zcofi-rma-setup-admission: role=client-read lane=37 order=lane-ascending parallelism=1 phase=endpoint-control-warmup-mr status=admitted
zcofi-endpoint-profile: provider=efa fabric=efa-direct domain=efa_1-rdm device=efa_1 endpoint_type=3 api_requested=2.0 api_query=2.0 api_returned=2.0 caps=6755399441071878 mode=4503599627370496 mr_mode=116 mr_local=1 mr_virt_addr=1 control_progress=1 data_progress=1 max_msg_size=8928 max_msg_size_query_rc=0 max_rma_size=1073741824 max_rma_size_query_rc=0 inject_size=32 rma_iov_limit=1 efa=1 efa_direct=1 efa_emulated_read=0 efa_emulated_read_query_rc=0 efa_emulated_write=0 efa_emulated_write_query_rc=0 efa_write_high_pps_available=0 efa_write_high_pps_requested=0 efa_write_high_pps_effective=0 efa_write_high_pps_verified=0 provider_tx_queue_requested=576 provider_tx_queue_size=576 provider_rx_queue_requested=64 provider_rx_queue_size=64 tx_cq_size=640 tx_cq_required=640 rx_cq_size=128 rx_cq_required=128 tx_cq_batch=64 rx_cq_batch=64 cq_headroom=64 cq_sleep_ns=0 strict_topology=1 selective_completion=0 rma_write_delivery_complete=1 rma_write_more=0 rma_write_more_burst=64
zcofi-control-client: addr=172.31.47.13:50057 local_addr_bytes=32 remote_addr_bytes=32 peer_profile_validated=yes wire_contract=zcofi-rma-window-v4;lanes=48;bytes_per_lane=671088640;extent=4096;cm_warmup=client-send-server-recv;done=operation-plus-payload-digest
zcofi-control-client-peer-profile: provider=efa fabric=efa-direct domain=efa_1-rdm device=efa_1 endpoint_type=3 api_requested=2.0 api_query=2.0 api_returned=2.0 caps=6755399441071878 mode=4503599627370496 mr_mode=116 mr_local=1 mr_virt_addr=1 control_progress=1 data_progress=1 max_msg_size=8928 max_msg_size_query_rc=0 max_rma_size=1073741824 max_rma_size_query_rc=0 inject_size=32 rma_iov_limit=1 efa=1 efa_direct=1 efa_emulated_read=0 efa_emulated_read_query_rc=0 efa_emulated_write=0 efa_emulated_write_query_rc=0 efa_write_high_pps_available=0 efa_write_high_pps_requested=0 efa_write_high_pps_effective=0 efa_write_high_pps_verified=0 provider_tx_queue_requested=576 provider_tx_queue_size=576 provider_rx_queue_requested=64 provider_rx_queue_size=64 tx_cq_size=640 tx_cq_required=640 rx_cq_size=128 rx_cq_required=128 tx_cq_batch=64 rx_cq_batch=64 cq_headroom=64 cq_sleep_ns=0 strict_topology=1 selective_completion=0 rma_write_delivery_complete=1 rma_write_more=0 rma_write_more_burst=64
zcofi-rma-connection-warmup: role=client lane=37 provider=efa direction=client-send-server-recv bytes=16 status=sent
zcofi-rma-read-lane: worker=37 lane=37 provider=efa endpoint=rdm addr=172.31.47.13 service=49057 control_port=50057 remote_addr=0x0000fb1f0a413010 remote_key=0x00000000001000ae extent_bytes=4096 queue_depth=256 registered_buffer_bytes=1048576 max_msg_size=8928 max_rma_size=1073741824 inject_size=32 completion=initiator-local-cq-data-visible local_registration_scope=fixed-buffer-per-outstanding-operation cq_processing=batched access_pattern=random-permutation permutation_start=25955 permutation_stride=146547
zcofi-rma-setup-admission: role=client-read lane=37 order=lane-ascending parallelism=1 phase=endpoint-control-warmup-mr status=complete
zcofi-rma-start-barrier: role=client-read worker=37 streams=1 ready_workers=38 worker_count=48 failure_aware=yes status=ready
zcofi-rma-setup-admission: role=client-read lane=38 order=lane-ascending parallelism=1 phase=endpoint-control-warmup-mr status=admitted
zcofi-endpoint-profile: provider=efa fabric=efa-direct domain=efa_1-rdm device=efa_1 endpoint_type=3 api_requested=2.0 api_query=2.0 api_returned=2.0 caps=6755399441071878 mode=4503599627370496 mr_mode=116 mr_local=1 mr_virt_addr=1 control_progress=1 data_progress=1 max_msg_size=8928 max_msg_size_query_rc=0 max_rma_size=1073741824 max_rma_size_query_rc=0 inject_size=32 rma_iov_limit=1 efa=1 efa_direct=1 efa_emulated_read=0 efa_emulated_read_query_rc=0 efa_emulated_write=0 efa_emulated_write_query_rc=0 efa_write_high_pps_available=0 efa_write_high_pps_requested=0 efa_write_high_pps_effective=0 efa_write_high_pps_verified=0 provider_tx_queue_requested=576 provider_tx_queue_size=576 provider_rx_queue_requested=64 provider_rx_queue_size=64 tx_cq_size=640 tx_cq_required=640 rx_cq_size=128 rx_cq_required=128 tx_cq_batch=64 rx_cq_batch=64 cq_headroom=64 cq_sleep_ns=0 strict_topology=1 selective_completion=0 rma_write_delivery_complete=1 rma_write_more=0 rma_write_more_burst=64
zcofi-control-client: addr=172.31.47.13:50058 local_addr_bytes=32 remote_addr_bytes=32 peer_profile_validated=yes wire_contract=zcofi-rma-window-v4;lanes=48;bytes_per_lane=671088640;extent=4096;cm_warmup=client-send-server-recv;done=operation-plus-payload-digest
zcofi-control-client-peer-profile: provider=efa fabric=efa-direct domain=efa_1-rdm device=efa_1 endpoint_type=3 api_requested=2.0 api_query=2.0 api_returned=2.0 caps=6755399441071878 mode=4503599627370496 mr_mode=116 mr_local=1 mr_virt_addr=1 control_progress=1 data_progress=1 max_msg_size=8928 max_msg_size_query_rc=0 max_rma_size=1073741824 max_rma_size_query_rc=0 inject_size=32 rma_iov_limit=1 efa=1 efa_direct=1 efa_emulated_read=0 efa_emulated_read_query_rc=0 efa_emulated_write=0 efa_emulated_write_query_rc=0 efa_write_high_pps_available=0 efa_write_high_pps_requested=0 efa_write_high_pps_effective=0 efa_write_high_pps_verified=0 provider_tx_queue_requested=576 provider_tx_queue_size=576 provider_rx_queue_requested=64 provider_rx_queue_size=64 tx_cq_size=640 tx_cq_required=640 rx_cq_size=128 rx_cq_required=128 tx_cq_batch=64 rx_cq_batch=64 cq_headroom=64 cq_sleep_ns=0 strict_topology=1 selective_completion=0 rma_write_delivery_complete=1 rma_write_more=0 rma_write_more_burst=64
zcofi-rma-connection-warmup: role=client lane=38 provider=efa direction=client-send-server-recv bytes=16 status=sent
zcofi-rma-read-lane: worker=38 lane=38 provider=efa endpoint=rdm addr=172.31.47.13 service=49058 control_port=50058 remote_addr=0x0000fb1ee1e61010 remote_key=0x00000000001000ad extent_bytes=4096 queue_depth=256 registered_buffer_bytes=1048576 max_msg_size=8928 max_rma_size=1073741824 inject_size=32 completion=initiator-local-cq-data-visible local_registration_scope=fixed-buffer-per-outstanding-operation cq_processing=batched access_pattern=random-permutation permutation_start=99130 permutation_stride=13061
zcofi-rma-setup-admission: role=client-read lane=38 order=lane-ascending parallelism=1 phase=endpoint-control-warmup-mr status=complete
zcofi-rma-start-barrier: role=client-read worker=38 streams=1 ready_workers=39 worker_count=48 failure_aware=yes status=ready
zcofi-rma-setup-admission: role=client-read lane=39 order=lane-ascending parallelism=1 phase=endpoint-control-warmup-mr status=admitted
zcofi-endpoint-profile: provider=efa fabric=efa-direct domain=efa_1-rdm device=efa_1 endpoint_type=3 api_requested=2.0 api_query=2.0 api_returned=2.0 caps=6755399441071878 mode=4503599627370496 mr_mode=116 mr_local=1 mr_virt_addr=1 control_progress=1 data_progress=1 max_msg_size=8928 max_msg_size_query_rc=0 max_rma_size=1073741824 max_rma_size_query_rc=0 inject_size=32 rma_iov_limit=1 efa=1 efa_direct=1 efa_emulated_read=0 efa_emulated_read_query_rc=0 efa_emulated_write=0 efa_emulated_write_query_rc=0 efa_write_high_pps_available=0 efa_write_high_pps_requested=0 efa_write_high_pps_effective=0 efa_write_high_pps_verified=0 provider_tx_queue_requested=576 provider_tx_queue_size=576 provider_rx_queue_requested=64 provider_rx_queue_size=64 tx_cq_size=640 tx_cq_required=640 rx_cq_size=128 rx_cq_required=128 tx_cq_batch=64 rx_cq_batch=64 cq_headroom=64 cq_sleep_ns=0 strict_topology=1 selective_completion=0 rma_write_delivery_complete=1 rma_write_more=0 rma_write_more_burst=64
zcofi-control-client: addr=172.31.47.13:50059 local_addr_bytes=32 remote_addr_bytes=32 peer_profile_validated=yes wire_contract=zcofi-rma-window-v4;lanes=48;bytes_per_lane=671088640;extent=4096;cm_warmup=client-send-server-recv;done=operation-plus-payload-digest
zcofi-control-client-peer-profile: provider=efa fabric=efa-direct domain=efa_1-rdm device=efa_1 endpoint_type=3 api_requested=2.0 api_query=2.0 api_returned=2.0 caps=6755399441071878 mode=4503599627370496 mr_mode=116 mr_local=1 mr_virt_addr=1 control_progress=1 data_progress=1 max_msg_size=8928 max_msg_size_query_rc=0 max_rma_size=1073741824 max_rma_size_query_rc=0 inject_size=32 rma_iov_limit=1 efa=1 efa_direct=1 efa_emulated_read=0 efa_emulated_read_query_rc=0 efa_emulated_write=0 efa_emulated_write_query_rc=0 efa_write_high_pps_available=0 efa_write_high_pps_requested=0 efa_write_high_pps_effective=0 efa_write_high_pps_verified=0 provider_tx_queue_requested=576 provider_tx_queue_size=576 provider_rx_queue_requested=64 provider_rx_queue_size=64 tx_cq_size=640 tx_cq_required=640 rx_cq_size=128 rx_cq_required=128 tx_cq_batch=64 rx_cq_batch=64 cq_headroom=64 cq_sleep_ns=0 strict_topology=1 selective_completion=0 rma_write_delivery_complete=1 rma_write_more=0 rma_write_more_burst=64
zcofi-rma-connection-warmup: role=client lane=39 provider=efa direction=client-send-server-recv bytes=16 status=sent
zcofi-rma-read-lane: worker=39 lane=39 provider=efa endpoint=rdm addr=172.31.47.13 service=49059 control_port=50059 remote_addr=0x0000fb1eb98af010 remote_key=0x00000000001000fe extent_bytes=4096 queue_depth=256 registered_buffer_bytes=1048576 max_msg_size=8928 max_rma_size=1073741824 inject_size=32 completion=initiator-local-cq-data-visible local_registration_scope=fixed-buffer-per-outstanding-operation cq_processing=batched access_pattern=random-permutation permutation_start=39165 permutation_stride=35351
zcofi-rma-setup-admission: role=client-read lane=39 order=lane-ascending parallelism=1 phase=endpoint-control-warmup-mr status=complete
zcofi-rma-start-barrier: role=client-read worker=39 streams=1 ready_workers=40 worker_count=48 failure_aware=yes status=ready
zcofi-rma-setup-admission: role=client-read lane=40 order=lane-ascending parallelism=1 phase=endpoint-control-warmup-mr status=admitted
zcofi-endpoint-profile: provider=efa fabric=efa-direct domain=efa_1-rdm device=efa_1 endpoint_type=3 api_requested=2.0 api_query=2.0 api_returned=2.0 caps=6755399441071878 mode=4503599627370496 mr_mode=116 mr_local=1 mr_virt_addr=1 control_progress=1 data_progress=1 max_msg_size=8928 max_msg_size_query_rc=0 max_rma_size=1073741824 max_rma_size_query_rc=0 inject_size=32 rma_iov_limit=1 efa=1 efa_direct=1 efa_emulated_read=0 efa_emulated_read_query_rc=0 efa_emulated_write=0 efa_emulated_write_query_rc=0 efa_write_high_pps_available=0 efa_write_high_pps_requested=0 efa_write_high_pps_effective=0 efa_write_high_pps_verified=0 provider_tx_queue_requested=576 provider_tx_queue_size=576 provider_rx_queue_requested=64 provider_rx_queue_size=64 tx_cq_size=640 tx_cq_required=640 rx_cq_size=128 rx_cq_required=128 tx_cq_batch=64 rx_cq_batch=64 cq_headroom=64 cq_sleep_ns=0 strict_topology=1 selective_completion=0 rma_write_delivery_complete=1 rma_write_more=0 rma_write_more_burst=64
zcofi-control-client: addr=172.31.47.13:50060 local_addr_bytes=32 remote_addr_bytes=32 peer_profile_validated=yes wire_contract=zcofi-rma-window-v4;lanes=48;bytes_per_lane=671088640;extent=4096;cm_warmup=client-send-server-recv;done=operation-plus-payload-digest
zcofi-control-client-peer-profile: provider=efa fabric=efa-direct domain=efa_1-rdm device=efa_1 endpoint_type=3 api_requested=2.0 api_query=2.0 api_returned=2.0 caps=6755399441071878 mode=4503599627370496 mr_mode=116 mr_local=1 mr_virt_addr=1 control_progress=1 data_progress=1 max_msg_size=8928 max_msg_size_query_rc=0 max_rma_size=1073741824 max_rma_size_query_rc=0 inject_size=32 rma_iov_limit=1 efa=1 efa_direct=1 efa_emulated_read=0 efa_emulated_read_query_rc=0 efa_emulated_write=0 efa_emulated_write_query_rc=0 efa_write_high_pps_available=0 efa_write_high_pps_requested=0 efa_write_high_pps_effective=0 efa_write_high_pps_verified=0 provider_tx_queue_requested=576 provider_tx_queue_size=576 provider_rx_queue_requested=64 provider_rx_queue_size=64 tx_cq_size=640 tx_cq_required=640 rx_cq_size=128 rx_cq_required=128 tx_cq_batch=64 rx_cq_batch=64 cq_headroom=64 cq_sleep_ns=0 strict_topology=1 selective_completion=0 rma_write_delivery_complete=1 rma_write_more=0 rma_write_more_burst=64
zcofi-rma-connection-warmup: role=client lane=40 provider=efa direction=client-send-server-recv bytes=16 status=sent
zcofi-rma-read-lane: worker=40 lane=40 provider=efa endpoint=rdm addr=172.31.47.13 service=49060 control_port=50060 remote_addr=0x0000fb1e912fd010 remote_key=0x00000000001000e6 extent_bytes=4096 queue_depth=256 registered_buffer_bytes=1048576 max_msg_size=8928 max_rma_size=1073741824 inject_size=32 completion=initiator-local-cq-data-visible local_registration_scope=fixed-buffer-per-outstanding-operation cq_processing=batched access_pattern=random-permutation permutation_start=145076 permutation_stride=313
zcofi-rma-setup-admission: role=client-read lane=40 order=lane-ascending parallelism=1 phase=endpoint-control-warmup-mr status=complete
zcofi-rma-start-barrier: role=client-read worker=40 streams=1 ready_workers=41 worker_count=48 failure_aware=yes status=ready
zcofi-rma-setup-admission: role=client-read lane=41 order=lane-ascending parallelism=1 phase=endpoint-control-warmup-mr status=admitted
zcofi-endpoint-profile: provider=efa fabric=efa-direct domain=efa_1-rdm device=efa_1 endpoint_type=3 api_requested=2.0 api_query=2.0 api_returned=2.0 caps=6755399441071878 mode=4503599627370496 mr_mode=116 mr_local=1 mr_virt_addr=1 control_progress=1 data_progress=1 max_msg_size=8928 max_msg_size_query_rc=0 max_rma_size=1073741824 max_rma_size_query_rc=0 inject_size=32 rma_iov_limit=1 efa=1 efa_direct=1 efa_emulated_read=0 efa_emulated_read_query_rc=0 efa_emulated_write=0 efa_emulated_write_query_rc=0 efa_write_high_pps_available=0 efa_write_high_pps_requested=0 efa_write_high_pps_effective=0 efa_write_high_pps_verified=0 provider_tx_queue_requested=576 provider_tx_queue_size=576 provider_rx_queue_requested=64 provider_rx_queue_size=64 tx_cq_size=640 tx_cq_required=640 rx_cq_size=128 rx_cq_required=128 tx_cq_batch=64 rx_cq_batch=64 cq_headroom=64 cq_sleep_ns=0 strict_topology=1 selective_completion=0 rma_write_delivery_complete=1 rma_write_more=0 rma_write_more_burst=64
zcofi-control-client: addr=172.31.47.13:50061 local_addr_bytes=32 remote_addr_bytes=32 peer_profile_validated=yes wire_contract=zcofi-rma-window-v4;lanes=48;bytes_per_lane=671088640;extent=4096;cm_warmup=client-send-server-recv;done=operation-plus-payload-digest
zcofi-control-client-peer-profile: provider=efa fabric=efa-direct domain=efa_1-rdm device=efa_1 endpoint_type=3 api_requested=2.0 api_query=2.0 api_returned=2.0 caps=6755399441071878 mode=4503599627370496 mr_mode=116 mr_local=1 mr_virt_addr=1 control_progress=1 data_progress=1 max_msg_size=8928 max_msg_size_query_rc=0 max_rma_size=1073741824 max_rma_size_query_rc=0 inject_size=32 rma_iov_limit=1 efa=1 efa_direct=1 efa_emulated_read=0 efa_emulated_read_query_rc=0 efa_emulated_write=0 efa_emulated_write_query_rc=0 efa_write_high_pps_available=0 efa_write_high_pps_requested=0 efa_write_high_pps_effective=0 efa_write_high_pps_verified=0 provider_tx_queue_requested=576 provider_tx_queue_size=576 provider_rx_queue_requested=64 provider_rx_queue_size=64 tx_cq_size=640 tx_cq_required=640 rx_cq_size=128 rx_cq_required=128 tx_cq_batch=64 rx_cq_batch=64 cq_headroom=64 cq_sleep_ns=0 strict_topology=1 selective_completion=0 rma_write_delivery_complete=1 rma_write_more=0 rma_write_more_burst=64
zcofi-rma-connection-warmup: role=client lane=41 provider=efa direction=client-send-server-recv bytes=16 status=sent
zcofi-rma-read-lane: worker=41 lane=41 provider=efa endpoint=rdm addr=172.31.47.13 service=49061 control_port=50061 remote_addr=0x0000fb1e68d4b010 remote_key=0x000000000020006e extent_bytes=4096 queue_depth=256 registered_buffer_bytes=1048576 max_msg_size=8928 max_rma_size=1073741824 inject_size=32 completion=initiator-local-cq-data-visible local_registration_scope=fixed-buffer-per-outstanding-operation cq_processing=batched access_pattern=random-permutation permutation_start=52303 permutation_stride=39371
zcofi-rma-setup-admission: role=client-read lane=41 order=lane-ascending parallelism=1 phase=endpoint-control-warmup-mr status=complete
zcofi-rma-setup-admission: role=client-read lane=42 order=lane-ascending parallelism=1 phase=endpoint-control-warmup-mr status=admitted
zcofi-rma-start-barrier: role=client-read worker=41 streams=1 ready_workers=42 worker_count=48 failure_aware=yes status=ready
zcofi-endpoint-profile: provider=efa fabric=efa-direct domain=efa_1-rdm device=efa_1 endpoint_type=3 api_requested=2.0 api_query=2.0 api_returned=2.0 caps=6755399441071878 mode=4503599627370496 mr_mode=116 mr_local=1 mr_virt_addr=1 control_progress=1 data_progress=1 max_msg_size=8928 max_msg_size_query_rc=0 max_rma_size=1073741824 max_rma_size_query_rc=0 inject_size=32 rma_iov_limit=1 efa=1 efa_direct=1 efa_emulated_read=0 efa_emulated_read_query_rc=0 efa_emulated_write=0 efa_emulated_write_query_rc=0 efa_write_high_pps_available=0 efa_write_high_pps_requested=0 efa_write_high_pps_effective=0 efa_write_high_pps_verified=0 provider_tx_queue_requested=576 provider_tx_queue_size=576 provider_rx_queue_requested=64 provider_rx_queue_size=64 tx_cq_size=640 tx_cq_required=640 rx_cq_size=128 rx_cq_required=128 tx_cq_batch=64 rx_cq_batch=64 cq_headroom=64 cq_sleep_ns=0 strict_topology=1 selective_completion=0 rma_write_delivery_complete=1 rma_write_more=0 rma_write_more_burst=64
zcofi-control-client: addr=172.31.47.13:50062 local_addr_bytes=32 remote_addr_bytes=32 peer_profile_validated=yes wire_contract=zcofi-rma-window-v4;lanes=48;bytes_per_lane=671088640;extent=4096;cm_warmup=client-send-server-recv;done=operation-plus-payload-digest
zcofi-control-client-peer-profile: provider=efa fabric=efa-direct domain=efa_1-rdm device=efa_1 endpoint_type=3 api_requested=2.0 api_query=2.0 api_returned=2.0 caps=6755399441071878 mode=4503599627370496 mr_mode=116 mr_local=1 mr_virt_addr=1 control_progress=1 data_progress=1 max_msg_size=8928 max_msg_size_query_rc=0 max_rma_size=1073741824 max_rma_size_query_rc=0 inject_size=32 rma_iov_limit=1 efa=1 efa_direct=1 efa_emulated_read=0 efa_emulated_read_query_rc=0 efa_emulated_write=0 efa_emulated_write_query_rc=0 efa_write_high_pps_available=0 efa_write_high_pps_requested=0 efa_write_high_pps_effective=0 efa_write_high_pps_verified=0 provider_tx_queue_requested=576 provider_tx_queue_size=576 provider_rx_queue_requested=64 provider_rx_queue_size=64 tx_cq_size=640 tx_cq_required=640 rx_cq_size=128 rx_cq_required=128 tx_cq_batch=64 rx_cq_batch=64 cq_headroom=64 cq_sleep_ns=0 strict_topology=1 selective_completion=0 rma_write_delivery_complete=1 rma_write_more=0 rma_write_more_burst=64
zcofi-rma-connection-warmup: role=client lane=42 provider=efa direction=client-send-server-recv bytes=16 status=sent
zcofi-rma-read-lane: worker=42 lane=42 provider=efa endpoint=rdm addr=172.31.47.13 service=49062 control_port=50062 remote_addr=0x0000fb1e40799010 remote_key=0x0000000000100082 extent_bytes=4096 queue_depth=256 registered_buffer_bytes=1048576 max_msg_size=8928 max_rma_size=1073741824 inject_size=32 completion=initiator-local-cq-data-visible local_registration_scope=fixed-buffer-per-outstanding-operation cq_processing=batched access_pattern=random-permutation permutation_start=125446 permutation_stride=4317
zcofi-rma-setup-admission: role=client-read lane=42 order=lane-ascending parallelism=1 phase=endpoint-control-warmup-mr status=complete
zcofi-rma-start-barrier: role=client-read worker=42 streams=1 ready_workers=43 worker_count=48 failure_aware=yes status=ready
zcofi-rma-setup-admission: role=client-read lane=43 order=lane-ascending parallelism=1 phase=endpoint-control-warmup-mr status=admitted
zcofi-endpoint-profile: provider=efa fabric=efa-direct domain=efa_1-rdm device=efa_1 endpoint_type=3 api_requested=2.0 api_query=2.0 api_returned=2.0 caps=6755399441071878 mode=4503599627370496 mr_mode=116 mr_local=1 mr_virt_addr=1 control_progress=1 data_progress=1 max_msg_size=8928 max_msg_size_query_rc=0 max_rma_size=1073741824 max_rma_size_query_rc=0 inject_size=32 rma_iov_limit=1 efa=1 efa_direct=1 efa_emulated_read=0 efa_emulated_read_query_rc=0 efa_emulated_write=0 efa_emulated_write_query_rc=0 efa_write_high_pps_available=0 efa_write_high_pps_requested=0 efa_write_high_pps_effective=0 efa_write_high_pps_verified=0 provider_tx_queue_requested=576 provider_tx_queue_size=576 provider_rx_queue_requested=64 provider_rx_queue_size=64 tx_cq_size=640 tx_cq_required=640 rx_cq_size=128 rx_cq_required=128 tx_cq_batch=64 rx_cq_batch=64 cq_headroom=64 cq_sleep_ns=0 strict_topology=1 selective_completion=0 rma_write_delivery_complete=1 rma_write_more=0 rma_write_more_burst=64
zcofi-control-client: addr=172.31.47.13:50063 local_addr_bytes=32 remote_addr_bytes=32 peer_profile_validated=yes wire_contract=zcofi-rma-window-v4;lanes=48;bytes_per_lane=671088640;extent=4096;cm_warmup=client-send-server-recv;done=operation-plus-payload-digest
zcofi-control-client-peer-profile: provider=efa fabric=efa-direct domain=efa_1-rdm device=efa_1 endpoint_type=3 api_requested=2.0 api_query=2.0 api_returned=2.0 caps=6755399441071878 mode=4503599627370496 mr_mode=116 mr_local=1 mr_virt_addr=1 control_progress=1 data_progress=1 max_msg_size=8928 max_msg_size_query_rc=0 max_rma_size=1073741824 max_rma_size_query_rc=0 inject_size=32 rma_iov_limit=1 efa=1 efa_direct=1 efa_emulated_read=0 efa_emulated_read_query_rc=0 efa_emulated_write=0 efa_emulated_write_query_rc=0 efa_write_high_pps_available=0 efa_write_high_pps_requested=0 efa_write_high_pps_effective=0 efa_write_high_pps_verified=0 provider_tx_queue_requested=576 provider_tx_queue_size=576 provider_rx_queue_requested=64 provider_rx_queue_size=64 tx_cq_size=640 tx_cq_required=640 rx_cq_size=128 rx_cq_required=128 tx_cq_batch=64 rx_cq_batch=64 cq_headroom=64 cq_sleep_ns=0 strict_topology=1 selective_completion=0 rma_write_delivery_complete=1 rma_write_more=0 rma_write_more_burst=64
zcofi-rma-connection-warmup: role=client lane=43 provider=efa direction=client-send-server-recv bytes=16 status=sent
zcofi-rma-read-lane: worker=43 lane=43 provider=efa endpoint=rdm addr=172.31.47.13 service=49063 control_port=50063 remote_addr=0x0000fb1e181e7010 remote_key=0x0000000000100081 extent_bytes=4096 queue_depth=256 registered_buffer_bytes=1048576 max_msg_size=8928 max_rma_size=1073741824 inject_size=32 completion=initiator-local-cq-data-visible local_registration_scope=fixed-buffer-per-outstanding-operation cq_processing=batched access_pattern=random-permutation permutation_start=67545 permutation_stride=59377
zcofi-rma-setup-admission: role=client-read lane=43 order=lane-ascending parallelism=1 phase=endpoint-control-warmup-mr status=complete
zcofi-rma-start-barrier: role=client-read worker=43 streams=1 ready_workers=44 worker_count=48 failure_aware=yes status=ready
zcofi-rma-setup-admission: role=client-read lane=44 order=lane-ascending parallelism=1 phase=endpoint-control-warmup-mr status=admitted
zcofi-endpoint-profile: provider=efa fabric=efa-direct domain=efa_1-rdm device=efa_1 endpoint_type=3 api_requested=2.0 api_query=2.0 api_returned=2.0 caps=6755399441071878 mode=4503599627370496 mr_mode=116 mr_local=1 mr_virt_addr=1 control_progress=1 data_progress=1 max_msg_size=8928 max_msg_size_query_rc=0 max_rma_size=1073741824 max_rma_size_query_rc=0 inject_size=32 rma_iov_limit=1 efa=1 efa_direct=1 efa_emulated_read=0 efa_emulated_read_query_rc=0 efa_emulated_write=0 efa_emulated_write_query_rc=0 efa_write_high_pps_available=0 efa_write_high_pps_requested=0 efa_write_high_pps_effective=0 efa_write_high_pps_verified=0 provider_tx_queue_requested=576 provider_tx_queue_size=576 provider_rx_queue_requested=64 provider_rx_queue_size=64 tx_cq_size=640 tx_cq_required=640 rx_cq_size=128 rx_cq_required=128 tx_cq_batch=64 rx_cq_batch=64 cq_headroom=64 cq_sleep_ns=0 strict_topology=1 selective_completion=0 rma_write_delivery_complete=1 rma_write_more=0 rma_write_more_burst=64
zcofi-control-client: addr=172.31.47.13:50064 local_addr_bytes=32 remote_addr_bytes=32 peer_profile_validated=yes wire_contract=zcofi-rma-window-v4;lanes=48;bytes_per_lane=671088640;extent=4096;cm_warmup=client-send-server-recv;done=operation-plus-payload-digest
zcofi-control-client-peer-profile: provider=efa fabric=efa-direct domain=efa_1-rdm device=efa_1 endpoint_type=3 api_requested=2.0 api_query=2.0 api_returned=2.0 caps=6755399441071878 mode=4503599627370496 mr_mode=116 mr_local=1 mr_virt_addr=1 control_progress=1 data_progress=1 max_msg_size=8928 max_msg_size_query_rc=0 max_rma_size=1073741824 max_rma_size_query_rc=0 inject_size=32 rma_iov_limit=1 efa=1 efa_direct=1 efa_emulated_read=0 efa_emulated_read_query_rc=0 efa_emulated_write=0 efa_emulated_write_query_rc=0 efa_write_high_pps_available=0 efa_write_high_pps_requested=0 efa_write_high_pps_effective=0 efa_write_high_pps_verified=0 provider_tx_queue_requested=576 provider_tx_queue_size=576 provider_rx_queue_requested=64 provider_rx_queue_size=64 tx_cq_size=640 tx_cq_required=640 rx_cq_size=128 rx_cq_required=128 tx_cq_batch=64 rx_cq_batch=64 cq_headroom=64 cq_sleep_ns=0 strict_topology=1 selective_completion=0 rma_write_delivery_complete=1 rma_write_more=0 rma_write_more_burst=64
zcofi-rma-connection-warmup: role=client lane=44 provider=efa direction=client-send-server-recv bytes=16 status=sent
zcofi-rma-read-lane: worker=44 lane=44 provider=efa endpoint=rdm addr=172.31.47.13 service=49064 control_port=50064 remote_addr=0x0000fb1defc35010 remote_key=0x00000000001000d6 extent_bytes=4096 queue_depth=256 registered_buffer_bytes=1048576 max_msg_size=8928 max_rma_size=1073741824 inject_size=32 completion=initiator-local-cq-data-visible local_registration_scope=fixed-buffer-per-outstanding-operation cq_processing=batched access_pattern=random-permutation permutation_start=138640 permutation_stride=163571
zcofi-rma-setup-admission: role=client-read lane=44 order=lane-ascending parallelism=1 phase=endpoint-control-warmup-mr status=complete
zcofi-rma-setup-admission: role=client-read lane=45 order=lane-ascending parallelism=1 phase=endpoint-control-warmup-mr status=admitted
zcofi-rma-start-barrier: role=client-read worker=44 streams=1 ready_workers=45 worker_count=48 failure_aware=yes status=ready
zcofi-endpoint-profile: provider=efa fabric=efa-direct domain=efa_1-rdm device=efa_1 endpoint_type=3 api_requested=2.0 api_query=2.0 api_returned=2.0 caps=6755399441071878 mode=4503599627370496 mr_mode=116 mr_local=1 mr_virt_addr=1 control_progress=1 data_progress=1 max_msg_size=8928 max_msg_size_query_rc=0 max_rma_size=1073741824 max_rma_size_query_rc=0 inject_size=32 rma_iov_limit=1 efa=1 efa_direct=1 efa_emulated_read=0 efa_emulated_read_query_rc=0 efa_emulated_write=0 efa_emulated_write_query_rc=0 efa_write_high_pps_available=0 efa_write_high_pps_requested=0 efa_write_high_pps_effective=0 efa_write_high_pps_verified=0 provider_tx_queue_requested=576 provider_tx_queue_size=576 provider_rx_queue_requested=64 provider_rx_queue_size=64 tx_cq_size=640 tx_cq_required=640 rx_cq_size=128 rx_cq_required=128 tx_cq_batch=64 rx_cq_batch=64 cq_headroom=64 cq_sleep_ns=0 strict_topology=1 selective_completion=0 rma_write_delivery_complete=1 rma_write_more=0 rma_write_more_burst=64
zcofi-control-client: addr=172.31.47.13:50065 local_addr_bytes=32 remote_addr_bytes=32 peer_profile_validated=yes wire_contract=zcofi-rma-window-v4;lanes=48;bytes_per_lane=671088640;extent=4096;cm_warmup=client-send-server-recv;done=operation-plus-payload-digest
zcofi-control-client-peer-profile: provider=efa fabric=efa-direct domain=efa_1-rdm device=efa_1 endpoint_type=3 api_requested=2.0 api_query=2.0 api_returned=2.0 caps=6755399441071878 mode=4503599627370496 mr_mode=116 mr_local=1 mr_virt_addr=1 control_progress=1 data_progress=1 max_msg_size=8928 max_msg_size_query_rc=0 max_rma_size=1073741824 max_rma_size_query_rc=0 inject_size=32 rma_iov_limit=1 efa=1 efa_direct=1 efa_emulated_read=0 efa_emulated_read_query_rc=0 efa_emulated_write=0 efa_emulated_write_query_rc=0 efa_write_high_pps_available=0 efa_write_high_pps_requested=0 efa_write_high_pps_effective=0 efa_write_high_pps_verified=0 provider_tx_queue_requested=576 provider_tx_queue_size=576 provider_rx_queue_requested=64 provider_rx_queue_size=64 tx_cq_size=640 tx_cq_required=640 rx_cq_size=128 rx_cq_required=128 tx_cq_batch=64 rx_cq_batch=64 cq_headroom=64 cq_sleep_ns=0 strict_topology=1 selective_completion=0 rma_write_delivery_complete=1 rma_write_more=0 rma_write_more_burst=64
zcofi-rma-connection-warmup: role=client lane=45 provider=efa direction=client-send-server-recv bytes=16 status=sent
zcofi-rma-read-lane: worker=45 lane=45 provider=efa endpoint=rdm addr=172.31.47.13 service=49065 control_port=50065 remote_addr=0x0000fb1dc7683010 remote_key=0x00000000001000e2 extent_bytes=4096 queue_depth=256 registered_buffer_bytes=1048576 max_msg_size=8928 max_rma_size=1073741824 inject_size=32 completion=initiator-local-cq-data-visible local_registration_scope=fixed-buffer-per-outstanding-operation cq_processing=batched access_pattern=random-permutation permutation_start=80683 permutation_stride=161157
zcofi-rma-setup-admission: role=client-read lane=45 order=lane-ascending parallelism=1 phase=endpoint-control-warmup-mr status=complete
zcofi-rma-setup-admission: role=client-read lane=46 order=lane-ascending parallelism=1 phase=endpoint-control-warmup-mr status=admitted
zcofi-rma-start-barrier: role=client-read worker=45 streams=1 ready_workers=46 worker_count=48 failure_aware=yes status=ready
zcofi-endpoint-profile: provider=efa fabric=efa-direct domain=efa_1-rdm device=efa_1 endpoint_type=3 api_requested=2.0 api_query=2.0 api_returned=2.0 caps=6755399441071878 mode=4503599627370496 mr_mode=116 mr_local=1 mr_virt_addr=1 control_progress=1 data_progress=1 max_msg_size=8928 max_msg_size_query_rc=0 max_rma_size=1073741824 max_rma_size_query_rc=0 inject_size=32 rma_iov_limit=1 efa=1 efa_direct=1 efa_emulated_read=0 efa_emulated_read_query_rc=0 efa_emulated_write=0 efa_emulated_write_query_rc=0 efa_write_high_pps_available=0 efa_write_high_pps_requested=0 efa_write_high_pps_effective=0 efa_write_high_pps_verified=0 provider_tx_queue_requested=576 provider_tx_queue_size=576 provider_rx_queue_requested=64 provider_rx_queue_size=64 tx_cq_size=640 tx_cq_required=640 rx_cq_size=128 rx_cq_required=128 tx_cq_batch=64 rx_cq_batch=64 cq_headroom=64 cq_sleep_ns=0 strict_topology=1 selective_completion=0 rma_write_delivery_complete=1 rma_write_more=0 rma_write_more_burst=64
zcofi-control-client: addr=172.31.47.13:50066 local_addr_bytes=32 remote_addr_bytes=32 peer_profile_validated=yes wire_contract=zcofi-rma-window-v4;lanes=48;bytes_per_lane=671088640;extent=4096;cm_warmup=client-send-server-recv;done=operation-plus-payload-digest
zcofi-control-client-peer-profile: provider=efa fabric=efa-direct domain=efa_1-rdm device=efa_1 endpoint_type=3 api_requested=2.0 api_query=2.0 api_returned=2.0 caps=6755399441071878 mode=4503599627370496 mr_mode=116 mr_local=1 mr_virt_addr=1 control_progress=1 data_progress=1 max_msg_size=8928 max_msg_size_query_rc=0 max_rma_size=1073741824 max_rma_size_query_rc=0 inject_size=32 rma_iov_limit=1 efa=1 efa_direct=1 efa_emulated_read=0 efa_emulated_read_query_rc=0 efa_emulated_write=0 efa_emulated_write_query_rc=0 efa_write_high_pps_available=0 efa_write_high_pps_requested=0 efa_write_high_pps_effective=0 efa_write_high_pps_verified=0 provider_tx_queue_requested=576 provider_tx_queue_size=576 provider_rx_queue_requested=64 provider_rx_queue_size=64 tx_cq_size=640 tx_cq_required=640 rx_cq_size=128 rx_cq_required=128 tx_cq_batch=64 rx_cq_batch=64 cq_headroom=64 cq_sleep_ns=0 strict_topology=1 selective_completion=0 rma_write_delivery_complete=1 rma_write_more=0 rma_write_more_burst=64
zcofi-rma-connection-warmup: role=client lane=46 provider=efa direction=client-send-server-recv bytes=16 status=sent
zcofi-rma-read-lane: worker=46 lane=46 provider=efa endpoint=rdm addr=172.31.47.13 service=49066 control_port=50066 remote_addr=0x0000fb1d9f0d1010 remote_key=0x0000000000400009 extent_bytes=4096 queue_depth=256 registered_buffer_bytes=1048576 max_msg_size=8928 max_rma_size=1073741824 inject_size=32 completion=initiator-local-cq-data-visible local_registration_scope=fixed-buffer-per-outstanding-operation cq_processing=batched access_pattern=random-permutation permutation_start=20706 permutation_stride=85143
zcofi-rma-setup-admission: role=client-read lane=46 order=lane-ascending parallelism=1 phase=endpoint-control-warmup-mr status=complete
zcofi-rma-start-barrier: role=client-read worker=46 streams=1 ready_workers=47 worker_count=48 failure_aware=yes status=ready
zcofi-rma-setup-admission: role=client-read lane=47 order=lane-ascending parallelism=1 phase=endpoint-control-warmup-mr status=admitted
zcofi-endpoint-profile: provider=efa fabric=efa-direct domain=efa_1-rdm device=efa_1 endpoint_type=3 api_requested=2.0 api_query=2.0 api_returned=2.0 caps=6755399441071878 mode=4503599627370496 mr_mode=116 mr_local=1 mr_virt_addr=1 control_progress=1 data_progress=1 max_msg_size=8928 max_msg_size_query_rc=0 max_rma_size=1073741824 max_rma_size_query_rc=0 inject_size=32 rma_iov_limit=1 efa=1 efa_direct=1 efa_emulated_read=0 efa_emulated_read_query_rc=0 efa_emulated_write=0 efa_emulated_write_query_rc=0 efa_write_high_pps_available=0 efa_write_high_pps_requested=0 efa_write_high_pps_effective=0 efa_write_high_pps_verified=0 provider_tx_queue_requested=576 provider_tx_queue_size=576 provider_rx_queue_requested=64 provider_rx_queue_size=64 tx_cq_size=640 tx_cq_required=640 rx_cq_size=128 rx_cq_required=128 tx_cq_batch=64 rx_cq_batch=64 cq_headroom=64 cq_sleep_ns=0 strict_topology=1 selective_completion=0 rma_write_delivery_complete=1 rma_write_more=0 rma_write_more_burst=64
zcofi-control-client: addr=172.31.47.13:50067 local_addr_bytes=32 remote_addr_bytes=32 peer_profile_validated=yes wire_contract=zcofi-rma-window-v4;lanes=48;bytes_per_lane=671088640;extent=4096;cm_warmup=client-send-server-recv;done=operation-plus-payload-digest
zcofi-control-client-peer-profile: provider=efa fabric=efa-direct domain=efa_1-rdm device=efa_1 endpoint_type=3 api_requested=2.0 api_query=2.0 api_returned=2.0 caps=6755399441071878 mode=4503599627370496 mr_mode=116 mr_local=1 mr_virt_addr=1 control_progress=1 data_progress=1 max_msg_size=8928 max_msg_size_query_rc=0 max_rma_size=1073741824 max_rma_size_query_rc=0 inject_size=32 rma_iov_limit=1 efa=1 efa_direct=1 efa_emulated_read=0 efa_emulated_read_query_rc=0 efa_emulated_write=0 efa_emulated_write_query_rc=0 efa_write_high_pps_available=0 efa_write_high_pps_requested=0 efa_write_high_pps_effective=0 efa_write_high_pps_verified=0 provider_tx_queue_requested=576 provider_tx_queue_size=576 provider_rx_queue_requested=64 provider_rx_queue_size=64 tx_cq_size=640 tx_cq_required=640 rx_cq_size=128 rx_cq_required=128 tx_cq_batch=64 rx_cq_batch=64 cq_headroom=64 cq_sleep_ns=0 strict_topology=1 selective_completion=0 rma_write_delivery_complete=1 rma_write_more=0 rma_write_more_burst=64
zcofi-rma-connection-warmup: role=client lane=47 provider=efa direction=client-send-server-recv bytes=16 status=sent
zcofi-rma-read-lane: worker=47 lane=47 provider=efa endpoint=rdm addr=172.31.47.13 service=49067 control_port=50067 remote_addr=0x0000fb1d76b1f010 remote_key=0x000000000020007a extent_bytes=4096 queue_depth=256 registered_buffer_bytes=1048576 max_msg_size=8928 max_rma_size=1073741824 inject_size=32 completion=initiator-local-cq-data-visible local_registration_scope=fixed-buffer-per-outstanding-operation cq_processing=batched access_pattern=random-permutation permutation_start=159397 permutation_stride=148409
zcofi-rma-setup-admission: role=client-read lane=47 order=lane-ascending parallelism=1 phase=endpoint-control-warmup-mr status=complete
zcofi-rma-start-barrier: role=client-read worker=47 streams=1 ready_workers=48 worker_count=48 failure_aware=yes status=ready
zcofi-endpoint-stats: send_depth=64 send_active=0 send_inflight=0 send_peak=1 send_posts=2 send_completions=2 send_eagain=0 send_retries=0 send_errors=0 recv_depth=64 recv_active=0 recv_inflight=0 recv_peak=1 recv_posts=1 recv_completions=1 recv_eagain=0 recv_retries=0 recv_errors=0 read_depth=256 read_active=0 read_inflight=0 read_peak=256 read_posts=163840 read_completions=163840 read_eagain=0 read_retries=0 read_errors=0 write_depth=256 write_active=0 write_inflight=0 write_peak=0 write_posts=0 write_completions=0 write_eagain=0 write_retries=0 write_errors=0 tx_cq_polls=340208 tx_cq_empty=241205 tx_cq_nonempty=99003 tx_cq_entries=163842 tx_cq_errors=0 tx_cq_sleeps=0 rx_cq_polls=14469463 rx_cq_empty=14469462 rx_cq_nonempty=1 rx_cq_entries=1 rx_cq_errors=0 rx_cq_sleeps=0 send_mr_reg=2 send_mr_close=0 send_mr_hot=0 send_mr_hits=1 recv_mr_reg=1 recv_mr_close=0 recv_mr_hot=0 recv_mr_hits=0 read_mr_reg=1 read_mr_close=0 read_mr_hot=0 read_mr_hits=163840 write_mr_reg=0 write_mr_close=0 write_mr_hot=0 write_mr_hits=0 target_mr_reg=0 target_mr_close=0 target_mr_hot=0 inject_posts=0 fatal_rc=0 efa_write_high_pps_available=0 efa_write_high_pps_effective=0 efa_write_high_pps_verified=0 efa_write_high_pps_fallbacks=0 rma_write_delivery_complete=1 rma_write_more=0 rma_write_more_burst=64 rma_write_more_posts=0 rma_write_flush_posts=0 rma_write_forced_flush_posts=0 rma_write_more_followup_eagain=0 rma_write_force_flush=0 tx_cq_avg_cqes_per_nonempty=1.65 rx_cq_avg_cqes_per_nonempty=1.00
zcofi-endpoint-stats: send_depth=64 send_active=0 send_inflight=0 send_peak=1 send_posts=2 send_completions=2 send_eagain=0 send_retries=0 send_errors=0 recv_depth=64 recv_active=0 recv_inflight=0 recv_peak=1 recv_posts=1 recv_completions=1 recv_eagain=0 recv_retries=0 recv_errors=0 read_depth=256 read_active=0 read_inflight=0 read_peak=256 read_posts=163840 read_completions=163840 read_eagain=0 read_retries=0 read_errors=0 write_depth=256 write_active=0 write_inflight=0 write_peak=0 write_posts=0 write_completions=0 write_eagain=0 write_retries=0 write_errors=0 tx_cq_polls=318848 tx_cq_empty=222604 tx_cq_nonempty=96244 tx_cq_entries=163842 tx_cq_errors=0 tx_cq_sleeps=0 rx_cq_polls=14592369 rx_cq_empty=14592368 rx_cq_nonempty=1 rx_cq_entries=1 rx_cq_errors=0 rx_cq_sleeps=0 send_mr_reg=2 send_mr_close=0 send_mr_hot=0 send_mr_hits=1 recv_mr_reg=1 recv_mr_close=0 recv_mr_hot=0 recv_mr_hits=0 read_mr_reg=1 read_mr_close=0 read_mr_hot=0 read_mr_hits=163840 write_mr_reg=0 write_mr_close=0 write_mr_hot=0 write_mr_hits=0 target_mr_reg=0 target_mr_close=0 target_mr_hot=0 inject_posts=0 fatal_rc=0 efa_write_high_pps_available=0 efa_write_high_pps_effective=0 efa_write_high_pps_verified=0 efa_write_high_pps_fallbacks=0 rma_write_delivery_complete=1 rma_write_more=0 rma_write_more_burst=64 rma_write_more_posts=0 rma_write_flush_posts=0 rma_write_forced_flush_posts=0 rma_write_more_followup_eagain=0 rma_write_force_flush=0 tx_cq_avg_cqes_per_nonempty=1.70 rx_cq_avg_cqes_per_nonempty=1.00
zcofi-endpoint-stats: send_depth=64 send_active=0 send_inflight=0 send_peak=1 send_posts=2 send_completions=2 send_eagain=0 send_retries=0 send_errors=0 recv_depth=64 recv_active=0 recv_inflight=0 recv_peak=1 recv_posts=1 recv_completions=1 recv_eagain=0 recv_retries=0 recv_errors=0 read_depth=256 read_active=0 read_inflight=0 read_peak=256 read_posts=163840 read_completions=163840 read_eagain=0 read_retries=0 read_errors=0 write_depth=256 write_active=0 write_inflight=0 write_peak=0 write_posts=0 write_completions=0 write_eagain=0 write_retries=0 write_errors=0 tx_cq_polls=339553 tx_cq_empty=240535 tx_cq_nonempty=99018 tx_cq_entries=163842 tx_cq_errors=0 tx_cq_sleeps=0 rx_cq_polls=14662571 rx_cq_empty=14662570 rx_cq_nonempty=1 rx_cq_entries=1 rx_cq_errors=0 rx_cq_sleeps=0 send_mr_reg=2 send_mr_close=0 send_mr_hot=0 send_mr_hits=1 recv_mr_reg=1 recv_mr_close=0 recv_mr_hot=0 recv_mr_hits=0 read_mr_reg=1 read_mr_close=0 read_mr_hot=0 read_mr_hits=163840 write_mr_reg=0 write_mr_close=0 write_mr_hot=0 write_mr_hits=0 target_mr_reg=0 target_mr_close=0 target_mr_hot=0 inject_posts=0 fatal_rc=0 efa_write_high_pps_available=0 efa_write_high_pps_effective=0 efa_write_high_pps_verified=0 efa_write_high_pps_fallbacks=0 rma_write_delivery_complete=1 rma_write_more=0 rma_write_more_burst=64 rma_write_more_posts=0 rma_write_flush_posts=0 rma_write_forced_flush_posts=0 rma_write_more_followup_eagain=0 rma_write_force_flush=0 tx_cq_avg_cqes_per_nonempty=1.65 rx_cq_avg_cqes_per_nonempty=1.00
zcofi-endpoint-stats: send_depth=64 send_active=0 send_inflight=0 send_peak=1 send_posts=2 send_completions=2 send_eagain=0 send_retries=0 send_errors=0 recv_depth=64 recv_active=0 recv_inflight=0 recv_peak=1 recv_posts=1 recv_completions=1 recv_eagain=0 recv_retries=0 recv_errors=0 read_depth=256 read_active=0 read_inflight=0 read_peak=256 read_posts=163840 read_completions=163840 read_eagain=0 read_retries=0 read_errors=0 write_depth=256 write_active=0 write_inflight=0 write_peak=0 write_posts=0 write_completions=0 write_eagain=0 write_retries=0 write_errors=0 tx_cq_polls=339954 tx_cq_empty=240988 tx_cq_nonempty=98966 tx_cq_entries=163842 tx_cq_errors=0 tx_cq_sleeps=0 rx_cq_polls=14320017 rx_cq_empty=14320016 rx_cq_nonempty=1 rx_cq_entries=1 rx_cq_errors=0 rx_cq_sleeps=0 send_mr_reg=2 send_mr_close=0 send_mr_hot=0 send_mr_hits=1 recv_mr_reg=1 recv_mr_close=0 recv_mr_hot=0 recv_mr_hits=0 read_mr_reg=1 read_mr_close=0 read_mr_hot=0 read_mr_hits=163840 write_mr_reg=0 write_mr_close=0 write_mr_hot=0 write_mr_hits=0 target_mr_reg=0 target_mr_close=0 target_mr_hot=0 inject_posts=0 fatal_rc=0 efa_write_high_pps_available=0 efa_write_high_pps_effective=0 efa_write_high_pps_verified=0 efa_write_high_pps_fallbacks=0 rma_write_delivery_complete=1 rma_write_more=0 rma_write_more_burst=64 rma_write_more_posts=0 rma_write_flush_posts=0 rma_write_forced_flush_posts=0 rma_write_more_followup_eagain=0 rma_write_force_flush=0 tx_cq_avg_cqes_per_nonempty=1.66 rx_cq_avg_cqes_per_nonempty=1.00
zcofi-endpoint-stats: send_depth=64 send_active=0 send_inflight=0 send_peak=1 send_posts=2 send_completions=2 send_eagain=0 send_retries=0 send_errors=0 recv_depth=64 recv_active=0 recv_inflight=0 recv_peak=1 recv_posts=1 recv_completions=1 recv_eagain=0 recv_retries=0 recv_errors=0 read_depth=256 read_active=0 read_inflight=0 read_peak=256 read_posts=163840 read_completions=163840 read_eagain=0 read_retries=0 read_errors=0 write_depth=256 write_active=0 write_inflight=0 write_peak=0 write_posts=0 write_completions=0 write_eagain=0 write_retries=0 write_errors=0 tx_cq_polls=336609 tx_cq_empty=237899 tx_cq_nonempty=98710 tx_cq_entries=163842 tx_cq_errors=0 tx_cq_sleeps=0 rx_cq_polls=14573936 rx_cq_empty=14573935 rx_cq_nonempty=1 rx_cq_entries=1 rx_cq_errors=0 rx_cq_sleeps=0 send_mr_reg=2 send_mr_close=0 send_mr_hot=0 send_mr_hits=1 recv_mr_reg=1 recv_mr_close=0 recv_mr_hot=0 recv_mr_hits=0 read_mr_reg=1 read_mr_close=0 read_mr_hot=0 read_mr_hits=163840 write_mr_reg=0 write_mr_close=0 write_mr_hot=0 write_mr_hits=0 target_mr_reg=0 target_mr_close=0 target_mr_hot=0 inject_posts=0 fatal_rc=0 efa_write_high_pps_available=0 efa_write_high_pps_effective=0 efa_write_high_pps_verified=0 efa_write_high_pps_fallbacks=0 rma_write_delivery_complete=1 rma_write_more=0 rma_write_more_burst=64 rma_write_more_posts=0 rma_write_flush_posts=0 rma_write_forced_flush_posts=0 rma_write_more_followup_eagain=0 rma_write_force_flush=0 tx_cq_avg_cqes_per_nonempty=1.66 rx_cq_avg_cqes_per_nonempty=1.00
zcofi-endpoint-stats: send_depth=64 send_active=0 send_inflight=0 send_peak=1 send_posts=2 send_completions=2 send_eagain=0 send_retries=0 send_errors=0 recv_depth=64 recv_active=0 recv_inflight=0 recv_peak=1 recv_posts=1 recv_completions=1 recv_eagain=0 recv_retries=0 recv_errors=0 read_depth=256 read_active=0 read_inflight=0 read_peak=256 read_posts=163840 read_completions=163840 read_eagain=0 read_retries=0 read_errors=0 write_depth=256 write_active=0 write_inflight=0 write_peak=0 write_posts=0 write_completions=0 write_eagain=0 write_retries=0 write_errors=0 tx_cq_polls=341719 tx_cq_empty=242515 tx_cq_nonempty=99204 tx_cq_entries=163842 tx_cq_errors=0 tx_cq_sleeps=0 rx_cq_polls=14726559 rx_cq_empty=14726558 rx_cq_nonempty=1 rx_cq_entries=1 rx_cq_errors=0 rx_cq_sleeps=0 send_mr_reg=2 send_mr_close=0 send_mr_hot=0 send_mr_hits=1 recv_mr_reg=1 recv_mr_close=0 recv_mr_hot=0 recv_mr_hits=0 read_mr_reg=1 read_mr_close=0 read_mr_hot=0 read_mr_hits=163840 write_mr_reg=0 write_mr_close=0 write_mr_hot=0 write_mr_hits=0 target_mr_reg=0 target_mr_close=0 target_mr_hot=0 inject_posts=0 fatal_rc=0 efa_write_high_pps_available=0 efa_write_high_pps_effective=0 efa_write_high_pps_verified=0 efa_write_high_pps_fallbacks=0 rma_write_delivery_complete=1 rma_write_more=0 rma_write_more_burst=64 rma_write_more_posts=0 rma_write_flush_posts=0 rma_write_forced_flush_posts=0 rma_write_more_followup_eagain=0 rma_write_force_flush=0 tx_cq_avg_cqes_per_nonempty=1.65 rx_cq_avg_cqes_per_nonempty=1.00
zcofi-endpoint-stats: send_depth=64 send_active=0 send_inflight=0 send_peak=1 send_posts=2 send_completions=2 send_eagain=0 send_retries=0 send_errors=0 recv_depth=64 recv_active=0 recv_inflight=0 recv_peak=1 recv_posts=1 recv_completions=1 recv_eagain=0 recv_retries=0 recv_errors=0 read_depth=256 read_active=0 read_inflight=0 read_peak=256 read_posts=163840 read_completions=163840 read_eagain=0 read_retries=0 read_errors=0 write_depth=256 write_active=0 write_inflight=0 write_peak=0 write_posts=0 write_completions=0 write_eagain=0 write_retries=0 write_errors=0 tx_cq_polls=317398 tx_cq_empty=220921 tx_cq_nonempty=96477 tx_cq_entries=163842 tx_cq_errors=0 tx_cq_sleeps=0 rx_cq_polls=14405517 rx_cq_empty=14405516 rx_cq_nonempty=1 rx_cq_entries=1 rx_cq_errors=0 rx_cq_sleeps=0 send_mr_reg=2 send_mr_close=0 send_mr_hot=0 send_mr_hits=1 recv_mr_reg=1 recv_mr_close=0 recv_mr_hot=0 recv_mr_hits=0 read_mr_reg=1 read_mr_close=0 read_mr_hot=0 read_mr_hits=163840 write_mr_reg=0 write_mr_close=0 write_mr_hot=0 write_mr_hits=0 target_mr_reg=0 target_mr_close=0 target_mr_hot=0 inject_posts=0 fatal_rc=0 efa_write_high_pps_available=0 efa_write_high_pps_effective=0 efa_write_high_pps_verified=0 efa_write_high_pps_fallbacks=0 rma_write_delivery_complete=1 rma_write_more=0 rma_write_more_burst=64 rma_write_more_posts=0 rma_write_flush_posts=0 rma_write_forced_flush_posts=0 rma_write_more_followup_eagain=0 rma_write_force_flush=0 tx_cq_avg_cqes_per_nonempty=1.70 rx_cq_avg_cqes_per_nonempty=1.00
zcofi-endpoint-stats: send_depth=64 send_active=0 send_inflight=0 send_peak=1 send_posts=2 send_completions=2 send_eagain=0 send_retries=0 send_errors=0 recv_depth=64 recv_active=0 recv_inflight=0 recv_peak=1 recv_posts=1 recv_completions=1 recv_eagain=0 recv_retries=0 recv_errors=0 read_depth=256 read_active=0 read_inflight=0 read_peak=256 read_posts=163840 read_completions=163840 read_eagain=0 read_retries=0 read_errors=0 write_depth=256 write_active=0 write_inflight=0 write_peak=0 write_posts=0 write_completions=0 write_eagain=0 write_retries=0 write_errors=0 tx_cq_polls=334494 tx_cq_empty=235432 tx_cq_nonempty=99062 tx_cq_entries=163842 tx_cq_errors=0 tx_cq_sleeps=0 rx_cq_polls=14778347 rx_cq_empty=14778346 rx_cq_nonempty=1 rx_cq_entries=1 rx_cq_errors=0 rx_cq_sleeps=0 send_mr_reg=2 send_mr_close=0 send_mr_hot=0 send_mr_hits=1 recv_mr_reg=1 recv_mr_close=0 recv_mr_hot=0 recv_mr_hits=0 read_mr_reg=1 read_mr_close=0 read_mr_hot=0 read_mr_hits=163840 write_mr_reg=0 write_mr_close=0 write_mr_hot=0 write_mr_hits=0 target_mr_reg=0 target_mr_close=0 target_mr_hot=0 inject_posts=0 fatal_rc=0 efa_write_high_pps_available=0 efa_write_high_pps_effective=0 efa_write_high_pps_verified=0 efa_write_high_pps_fallbacks=0 rma_write_delivery_complete=1 rma_write_more=0 rma_write_more_burst=64 rma_write_more_posts=0 rma_write_flush_posts=0 rma_write_forced_flush_posts=0 rma_write_more_followup_eagain=0 rma_write_force_flush=0 tx_cq_avg_cqes_per_nonempty=1.65 rx_cq_avg_cqes_per_nonempty=1.00
zcofi-endpoint-stats: send_depth=64 send_active=0 send_inflight=0 send_peak=1 send_posts=2 send_completions=2 send_eagain=0 send_retries=0 send_errors=0 recv_depth=64 recv_active=0 recv_inflight=0 recv_peak=1 recv_posts=1 recv_completions=1 recv_eagain=0 recv_retries=0 recv_errors=0 read_depth=256 read_active=0 read_inflight=0 read_peak=256 read_posts=163840 read_completions=163840 read_eagain=0 read_retries=0 read_errors=0 write_depth=256 write_active=0 write_inflight=0 write_peak=0 write_posts=0 write_completions=0 write_eagain=0 write_retries=0 write_errors=0 tx_cq_polls=343266 tx_cq_empty=244122 tx_cq_nonempty=99144 tx_cq_entries=163842 tx_cq_errors=0 tx_cq_sleeps=0 rx_cq_polls=14766588 rx_cq_empty=14766587 rx_cq_nonempty=1 rx_cq_entries=1 rx_cq_errors=0 rx_cq_sleeps=0 send_mr_reg=2 send_mr_close=0 send_mr_hot=0 send_mr_hits=1 recv_mr_reg=1 recv_mr_close=0 recv_mr_hot=0 recv_mr_hits=0 read_mr_reg=1 read_mr_close=0 read_mr_hot=0 read_mr_hits=163840 write_mr_reg=0 write_mr_close=0 write_mr_hot=0 write_mr_hits=0 target_mr_reg=0 target_mr_close=0 target_mr_hot=0 inject_posts=0 fatal_rc=0 efa_write_high_pps_available=0 efa_write_high_pps_effective=0 efa_write_high_pps_verified=0 efa_write_high_pps_fallbacks=0 rma_write_delivery_complete=1 rma_write_more=0 rma_write_more_burst=64 rma_write_more_posts=0 rma_write_flush_posts=0 rma_write_forced_flush_posts=0 rma_write_more_followup_eagain=0 rma_write_force_flush=0 tx_cq_avg_cqes_per_nonempty=1.65 rx_cq_avg_cqes_per_nonempty=1.00
zcofi-endpoint-stats: send_depth=64 send_active=0 send_inflight=0 send_peak=1 send_posts=2 send_completions=2 send_eagain=0 send_retries=0 send_errors=0 recv_depth=64 recv_active=0 recv_inflight=0 recv_peak=1 recv_posts=1 recv_completions=1 recv_eagain=0 recv_retries=0 recv_errors=0 read_depth=256 read_active=0 read_inflight=0 read_peak=256 read_posts=163840 read_completions=163840 read_eagain=0 read_retries=0 read_errors=0 write_depth=256 write_active=0 write_inflight=0 write_peak=0 write_posts=0 write_completions=0 write_eagain=0 write_retries=0 write_errors=0 tx_cq_polls=339440 tx_cq_empty=240231 tx_cq_nonempty=99209 tx_cq_entries=163842 tx_cq_errors=0 tx_cq_sleeps=0 rx_cq_polls=14754307 rx_cq_empty=14754306 rx_cq_nonempty=1 rx_cq_entries=1 rx_cq_errors=0 rx_cq_sleeps=0 send_mr_reg=2 send_mr_close=0 send_mr_hot=0 send_mr_hits=1 recv_mr_reg=1 recv_mr_close=0 recv_mr_hot=0 recv_mr_hits=0 read_mr_reg=1 read_mr_close=0 read_mr_hot=0 read_mr_hits=163840 write_mr_reg=0 write_mr_close=0 write_mr_hot=0 write_mr_hits=0 target_mr_reg=0 target_mr_close=0 target_mr_hot=0 inject_posts=0 fatal_rc=0 efa_write_high_pps_available=0 efa_write_high_pps_effective=0 efa_write_high_pps_verified=0 efa_write_high_pps_fallbacks=0 rma_write_delivery_complete=1 rma_write_more=0 rma_write_more_burst=64 rma_write_more_posts=0 rma_write_flush_posts=0 rma_write_forced_flush_posts=0 rma_write_more_followup_eagain=0 rma_write_force_flush=0 tx_cq_avg_cqes_per_nonempty=1.65 rx_cq_avg_cqes_per_nonempty=1.00
zcofi-endpoint-stats: send_depth=64 send_active=0 send_inflight=0 send_peak=1 send_posts=2 send_completions=2 send_eagain=0 send_retries=0 send_errors=0 recv_depth=64 recv_active=0 recv_inflight=0 recv_peak=1 recv_posts=1 recv_completions=1 recv_eagain=0 recv_retries=0 recv_errors=0 read_depth=256 read_active=0 read_inflight=0 read_peak=256 read_posts=163840 read_completions=163840 read_eagain=0 read_retries=0 read_errors=0 write_depth=256 write_active=0 write_inflight=0 write_peak=0 write_posts=0 write_completions=0 write_eagain=0 write_retries=0 write_errors=0 tx_cq_polls=266562 tx_cq_empty=176827 tx_cq_nonempty=89735 tx_cq_entries=163842 tx_cq_errors=0 tx_cq_sleeps=0 rx_cq_polls=14723442 rx_cq_empty=14723441 rx_cq_nonempty=1 rx_cq_entries=1 rx_cq_errors=0 rx_cq_sleeps=0 send_mr_reg=2 send_mr_close=0 send_mr_hot=0 send_mr_hits=1 recv_mr_reg=1 recv_mr_close=0 recv_mr_hot=0 recv_mr_hits=0 read_mr_reg=1 read_mr_close=0 read_mr_hot=0 read_mr_hits=163840 write_mr_reg=0 write_mr_close=0 write_mr_hot=0 write_mr_hits=0 target_mr_reg=0 target_mr_close=0 target_mr_hot=0 inject_posts=0 fatal_rc=0 efa_write_high_pps_available=0 efa_write_high_pps_effective=0 efa_write_high_pps_verified=0 efa_write_high_pps_fallbacks=0 rma_write_delivery_complete=1 rma_write_more=0 rma_write_more_burst=64 rma_write_more_posts=0 rma_write_flush_posts=0 rma_write_forced_flush_posts=0 rma_write_more_followup_eagain=0 rma_write_force_flush=0 tx_cq_avg_cqes_per_nonempty=1.83 rx_cq_avg_cqes_per_nonempty=1.00
zcofi-endpoint-stats: send_depth=64 send_active=0 send_inflight=0 send_peak=1 send_posts=2 send_completions=2 send_eagain=0 send_retries=0 send_errors=0 recv_depth=64 recv_active=0 recv_inflight=0 recv_peak=1 recv_posts=1 recv_completions=1 recv_eagain=0 recv_retries=0 recv_errors=0 read_depth=256 read_active=0 read_inflight=0 read_peak=256 read_posts=163840 read_completions=163840 read_eagain=0 read_retries=0 read_errors=0 write_depth=256 write_active=0 write_inflight=0 write_peak=0 write_posts=0 write_completions=0 write_eagain=0 write_retries=0 write_errors=0 tx_cq_polls=341262 tx_cq_empty=242646 tx_cq_nonempty=98616 tx_cq_entries=163842 tx_cq_errors=0 tx_cq_sleeps=0 rx_cq_polls=14645192 rx_cq_empty=14645191 rx_cq_nonempty=1 rx_cq_entries=1 rx_cq_errors=0 rx_cq_sleeps=0 send_mr_reg=2 send_mr_close=0 send_mr_hot=0 send_mr_hits=1 recv_mr_reg=1 recv_mr_close=0 recv_mr_hot=0 recv_mr_hits=0 read_mr_reg=1 read_mr_close=0 read_mr_hot=0 read_mr_hits=163840 write_mr_reg=0 write_mr_close=0 write_mr_hot=0 write_mr_hits=0 target_mr_reg=0 target_mr_close=0 target_mr_hot=0 inject_posts=0 fatal_rc=0 efa_write_high_pps_available=0 efa_write_high_pps_effective=0 efa_write_high_pps_verified=0 efa_write_high_pps_fallbacks=0 rma_write_delivery_complete=1 rma_write_more=0 rma_write_more_burst=64 rma_write_more_posts=0 rma_write_flush_posts=0 rma_write_forced_flush_posts=0 rma_write_more_followup_eagain=0 rma_write_force_flush=0 tx_cq_avg_cqes_per_nonempty=1.66 rx_cq_avg_cqes_per_nonempty=1.00
zcofi-endpoint-stats: send_depth=64 send_active=0 send_inflight=0 send_peak=1 send_posts=2 send_completions=2 send_eagain=0 send_retries=0 send_errors=0 recv_depth=64 recv_active=0 recv_inflight=0 recv_peak=1 recv_posts=1 recv_completions=1 recv_eagain=0 recv_retries=0 recv_errors=0 read_depth=256 read_active=0 read_inflight=0 read_peak=256 read_posts=163840 read_completions=163840 read_eagain=0 read_retries=0 read_errors=0 write_depth=256 write_active=0 write_inflight=0 write_peak=0 write_posts=0 write_completions=0 write_eagain=0 write_retries=0 write_errors=0 tx_cq_polls=339980 tx_cq_empty=240868 tx_cq_nonempty=99112 tx_cq_entries=163842 tx_cq_errors=0 tx_cq_sleeps=0 rx_cq_polls=14746524 rx_cq_empty=14746523 rx_cq_nonempty=1 rx_cq_entries=1 rx_cq_errors=0 rx_cq_sleeps=0 send_mr_reg=2 send_mr_close=0 send_mr_hot=0 send_mr_hits=1 recv_mr_reg=1 recv_mr_close=0 recv_mr_hot=0 recv_mr_hits=0 read_mr_reg=1 read_mr_close=0 read_mr_hot=0 read_mr_hits=163840 write_mr_reg=0 write_mr_close=0 write_mr_hot=0 write_mr_hits=0 target_mr_reg=0 target_mr_close=0 target_mr_hot=0 inject_posts=0 fatal_rc=0 efa_write_high_pps_available=0 efa_write_high_pps_effective=0 efa_write_high_pps_verified=0 efa_write_high_pps_fallbacks=0 rma_write_delivery_complete=1 rma_write_more=0 rma_write_more_burst=64 rma_write_more_posts=0 rma_write_flush_posts=0 rma_write_forced_flush_posts=0 rma_write_more_followup_eagain=0 rma_write_force_flush=0 tx_cq_avg_cqes_per_nonempty=1.65 rx_cq_avg_cqes_per_nonempty=1.00
zcofi-endpoint-stats: send_depth=64 send_active=0 send_inflight=0 send_peak=1 send_posts=2 send_completions=2 send_eagain=0 send_retries=0 send_errors=0 recv_depth=64 recv_active=0 recv_inflight=0 recv_peak=1 recv_posts=1 recv_completions=1 recv_eagain=0 recv_retries=0 recv_errors=0 read_depth=256 read_active=0 read_inflight=0 read_peak=256 read_posts=163840 read_completions=163840 read_eagain=0 read_retries=0 read_errors=0 write_depth=256 write_active=0 write_inflight=0 write_peak=0 write_posts=0 write_completions=0 write_eagain=0 write_retries=0 write_errors=0 tx_cq_polls=342371 tx_cq_empty=243281 tx_cq_nonempty=99090 tx_cq_entries=163842 tx_cq_errors=0 tx_cq_sleeps=0 rx_cq_polls=14790319 rx_cq_empty=14790318 rx_cq_nonempty=1 rx_cq_entries=1 rx_cq_errors=0 rx_cq_sleeps=0 send_mr_reg=2 send_mr_close=0 send_mr_hot=0 send_mr_hits=1 recv_mr_reg=1 recv_mr_close=0 recv_mr_hot=0 recv_mr_hits=0 read_mr_reg=1 read_mr_close=0 read_mr_hot=0 read_mr_hits=163840 write_mr_reg=0 write_mr_close=0 write_mr_hot=0 write_mr_hits=0 target_mr_reg=0 target_mr_close=0 target_mr_hot=0 inject_posts=0 fatal_rc=0 efa_write_high_pps_available=0 efa_write_high_pps_effective=0 efa_write_high_pps_verified=0 efa_write_high_pps_fallbacks=0 rma_write_delivery_complete=1 rma_write_more=0 rma_write_more_burst=64 rma_write_more_posts=0 rma_write_flush_posts=0 rma_write_forced_flush_posts=0 rma_write_more_followup_eagain=0 rma_write_force_flush=0 tx_cq_avg_cqes_per_nonempty=1.65 rx_cq_avg_cqes_per_nonempty=1.00
zcofi-endpoint-stats: send_depth=64 send_active=0 send_inflight=0 send_peak=1 send_posts=2 send_completions=2 send_eagain=0 send_retries=0 send_errors=0 recv_depth=64 recv_active=0 recv_inflight=0 recv_peak=1 recv_posts=1 recv_completions=1 recv_eagain=0 recv_retries=0 recv_errors=0 read_depth=256 read_active=0 read_inflight=0 read_peak=256 read_posts=163840 read_completions=163840 read_eagain=0 read_retries=0 read_errors=0 write_depth=256 write_active=0 write_inflight=0 write_peak=0 write_posts=0 write_completions=0 write_eagain=0 write_retries=0 write_errors=0 tx_cq_polls=335289 tx_cq_empty=236239 tx_cq_nonempty=99050 tx_cq_entries=163842 tx_cq_errors=0 tx_cq_sleeps=0 rx_cq_polls=14733572 rx_cq_empty=14733571 rx_cq_nonempty=1 rx_cq_entries=1 rx_cq_errors=0 rx_cq_sleeps=0 send_mr_reg=2 send_mr_close=0 send_mr_hot=0 send_mr_hits=1 recv_mr_reg=1 recv_mr_close=0 recv_mr_hot=0 recv_mr_hits=0 read_mr_reg=1 read_mr_close=0 read_mr_hot=0 read_mr_hits=163840 write_mr_reg=0 write_mr_close=0 write_mr_hot=0 write_mr_hits=0 target_mr_reg=0 target_mr_close=0 target_mr_hot=0 inject_posts=0 fatal_rc=0 efa_write_high_pps_available=0 efa_write_high_pps_effective=0 efa_write_high_pps_verified=0 efa_write_high_pps_fallbacks=0 rma_write_delivery_complete=1 rma_write_more=0 rma_write_more_burst=64 rma_write_more_posts=0 rma_write_flush_posts=0 rma_write_forced_flush_posts=0 rma_write_more_followup_eagain=0 rma_write_force_flush=0 tx_cq_avg_cqes_per_nonempty=1.65 rx_cq_avg_cqes_per_nonempty=1.00
zcofi-endpoint-stats: send_depth=64 send_active=0 send_inflight=0 send_peak=1 send_posts=2 send_completions=2 send_eagain=0 send_retries=0 send_errors=0 recv_depth=64 recv_active=0 recv_inflight=0 recv_peak=1 recv_posts=1 recv_completions=1 recv_eagain=0 recv_retries=0 recv_errors=0 read_depth=256 read_active=0 read_inflight=0 read_peak=256 read_posts=163840 read_completions=163840 read_eagain=0 read_retries=0 read_errors=0 write_depth=256 write_active=0 write_inflight=0 write_peak=0 write_posts=0 write_completions=0 write_eagain=0 write_retries=0 write_errors=0 tx_cq_polls=338220 tx_cq_empty=239185 tx_cq_nonempty=99035 tx_cq_entries=163842 tx_cq_errors=0 tx_cq_sleeps=0 rx_cq_polls=14754835 rx_cq_empty=14754834 rx_cq_nonempty=1 rx_cq_entries=1 rx_cq_errors=0 rx_cq_sleeps=0 send_mr_reg=2 send_mr_close=0 send_mr_hot=0 send_mr_hits=1 recv_mr_reg=1 recv_mr_close=0 recv_mr_hot=0 recv_mr_hits=0 read_mr_reg=1 read_mr_close=0 read_mr_hot=0 read_mr_hits=163840 write_mr_reg=0 write_mr_close=0 write_mr_hot=0 write_mr_hits=0 target_mr_reg=0 target_mr_close=0 target_mr_hot=0 inject_posts=0 fatal_rc=0 efa_write_high_pps_available=0 efa_write_high_pps_effective=0 efa_write_high_pps_verified=0 efa_write_high_pps_fallbacks=0 rma_write_delivery_complete=1 rma_write_more=0 rma_write_more_burst=64 rma_write_more_posts=0 rma_write_flush_posts=0 rma_write_forced_flush_posts=0 rma_write_more_followup_eagain=0 rma_write_force_flush=0 tx_cq_avg_cqes_per_nonempty=1.65 rx_cq_avg_cqes_per_nonempty=1.00
zcofi-endpoint-stats: send_depth=64 send_active=0 send_inflight=0 send_peak=1 send_posts=2 send_completions=2 send_eagain=0 send_retries=0 send_errors=0 recv_depth=64 recv_active=0 recv_inflight=0 recv_peak=1 recv_posts=1 recv_completions=1 recv_eagain=0 recv_retries=0 recv_errors=0 read_depth=256 read_active=0 read_inflight=0 read_peak=256 read_posts=163840 read_completions=163840 read_eagain=0 read_retries=0 read_errors=0 write_depth=256 write_active=0 write_inflight=0 write_peak=0 write_posts=0 write_completions=0 write_eagain=0 write_retries=0 write_errors=0 tx_cq_polls=342907 tx_cq_empty=243936 tx_cq_nonempty=98971 tx_cq_entries=163842 tx_cq_errors=0 tx_cq_sleeps=0 rx_cq_polls=14680381 rx_cq_empty=14680380 rx_cq_nonempty=1 rx_cq_entries=1 rx_cq_errors=0 rx_cq_sleeps=0 send_mr_reg=2 send_mr_close=0 send_mr_hot=0 send_mr_hits=1 recv_mr_reg=1 recv_mr_close=0 recv_mr_hot=0 recv_mr_hits=0 read_mr_reg=1 read_mr_close=0 read_mr_hot=0 read_mr_hits=163840 write_mr_reg=0 write_mr_close=0 write_mr_hot=0 write_mr_hits=0 target_mr_reg=0 target_mr_close=0 target_mr_hot=0 inject_posts=0 fatal_rc=0 efa_write_high_pps_available=0 efa_write_high_pps_effective=0 efa_write_high_pps_verified=0 efa_write_high_pps_fallbacks=0 rma_write_delivery_complete=1 rma_write_more=0 rma_write_more_burst=64 rma_write_more_posts=0 rma_write_flush_posts=0 rma_write_forced_flush_posts=0 rma_write_more_followup_eagain=0 rma_write_force_flush=0 tx_cq_avg_cqes_per_nonempty=1.66 rx_cq_avg_cqes_per_nonempty=1.00
zcofi-endpoint-stats: send_depth=64 send_active=0 send_inflight=0 send_peak=1 send_posts=2 send_completions=2 send_eagain=0 send_retries=0 send_errors=0 recv_depth=64 recv_active=0 recv_inflight=0 recv_peak=1 recv_posts=1 recv_completions=1 recv_eagain=0 recv_retries=0 recv_errors=0 read_depth=256 read_active=0 read_inflight=0 read_peak=256 read_posts=163840 read_completions=163840 read_eagain=0 read_retries=0 read_errors=0 write_depth=256 write_active=0 write_inflight=0 write_peak=0 write_posts=0 write_completions=0 write_eagain=0 write_retries=0 write_errors=0 tx_cq_polls=344284 tx_cq_empty=245219 tx_cq_nonempty=99065 tx_cq_entries=163842 tx_cq_errors=0 tx_cq_sleeps=0 rx_cq_polls=14533693 rx_cq_empty=14533692 rx_cq_nonempty=1 rx_cq_entries=1 rx_cq_errors=0 rx_cq_sleeps=0 send_mr_reg=2 send_mr_close=0 send_mr_hot=0 send_mr_hits=1 recv_mr_reg=1 recv_mr_close=0 recv_mr_hot=0 recv_mr_hits=0 read_mr_reg=1 read_mr_close=0 read_mr_hot=0 read_mr_hits=163840 write_mr_reg=0 write_mr_close=0 write_mr_hot=0 write_mr_hits=0 target_mr_reg=0 target_mr_close=0 target_mr_hot=0 inject_posts=0 fatal_rc=0 efa_write_high_pps_available=0 efa_write_high_pps_effective=0 efa_write_high_pps_verified=0 efa_write_high_pps_fallbacks=0 rma_write_delivery_complete=1 rma_write_more=0 rma_write_more_burst=64 rma_write_more_posts=0 rma_write_flush_posts=0 rma_write_forced_flush_posts=0 rma_write_more_followup_eagain=0 rma_write_force_flush=0 tx_cq_avg_cqes_per_nonempty=1.65 rx_cq_avg_cqes_per_nonempty=1.00
zcofi-endpoint-stats: send_depth=64 send_active=0 send_inflight=0 send_peak=1 send_posts=2 send_completions=2 send_eagain=0 send_retries=0 send_errors=0 recv_depth=64 recv_active=0 recv_inflight=0 recv_peak=1 recv_posts=1 recv_completions=1 recv_eagain=0 recv_retries=0 recv_errors=0 read_depth=256 read_active=0 read_inflight=0 read_peak=256 read_posts=163840 read_completions=163840 read_eagain=0 read_retries=0 read_errors=0 write_depth=256 write_active=0 write_inflight=0 write_peak=0 write_posts=0 write_completions=0 write_eagain=0 write_retries=0 write_errors=0 tx_cq_polls=315227 tx_cq_empty=218881 tx_cq_nonempty=96346 tx_cq_entries=163842 tx_cq_errors=0 tx_cq_sleeps=0 rx_cq_polls=14289565 rx_cq_empty=14289564 rx_cq_nonempty=1 rx_cq_entries=1 rx_cq_errors=0 rx_cq_sleeps=0 send_mr_reg=2 send_mr_close=0 send_mr_hot=0 send_mr_hits=1 recv_mr_reg=1 recv_mr_close=0 recv_mr_hot=0 recv_mr_hits=0 read_mr_reg=1 read_mr_close=0 read_mr_hot=0 read_mr_hits=163840 write_mr_reg=0 write_mr_close=0 write_mr_hot=0 write_mr_hits=0 target_mr_reg=0 target_mr_close=0 target_mr_hot=0 inject_posts=0 fatal_rc=0 efa_write_high_pps_available=0 efa_write_high_pps_effective=0 efa_write_high_pps_verified=0 efa_write_high_pps_fallbacks=0 rma_write_delivery_complete=1 rma_write_more=0 rma_write_more_burst=64 rma_write_more_posts=0 rma_write_flush_posts=0 rma_write_forced_flush_posts=0 rma_write_more_followup_eagain=0 rma_write_force_flush=0 tx_cq_avg_cqes_per_nonempty=1.70 rx_cq_avg_cqes_per_nonempty=1.00
zcofi-endpoint-stats: send_depth=64 send_active=0 send_inflight=0 send_peak=1 send_posts=2 send_completions=2 send_eagain=0 send_retries=0 send_errors=0 recv_depth=64 recv_active=0 recv_inflight=0 recv_peak=1 recv_posts=1 recv_completions=1 recv_eagain=0 recv_retries=0 recv_errors=0 read_depth=256 read_active=0 read_inflight=0 read_peak=256 read_posts=163840 read_completions=163840 read_eagain=0 read_retries=0 read_errors=0 write_depth=256 write_active=0 write_inflight=0 write_peak=0 write_posts=0 write_completions=0 write_eagain=0 write_retries=0 write_errors=0 tx_cq_polls=239419 tx_cq_empty=152354 tx_cq_nonempty=87065 tx_cq_entries=163842 tx_cq_errors=0 tx_cq_sleeps=0 rx_cq_polls=14743121 rx_cq_empty=14743120 rx_cq_nonempty=1 rx_cq_entries=1 rx_cq_errors=0 rx_cq_sleeps=0 send_mr_reg=2 send_mr_close=0 send_mr_hot=0 send_mr_hits=1 recv_mr_reg=1 recv_mr_close=0 recv_mr_hot=0 recv_mr_hits=0 read_mr_reg=1 read_mr_close=0 read_mr_hot=0 read_mr_hits=163840 write_mr_reg=0 write_mr_close=0 write_mr_hot=0 write_mr_hits=0 target_mr_reg=0 target_mr_close=0 target_mr_hot=0 inject_posts=0 fatal_rc=0 efa_write_high_pps_available=0 efa_write_high_pps_effective=0 efa_write_high_pps_verified=0 efa_write_high_pps_fallbacks=0 rma_write_delivery_complete=1 rma_write_more=0 rma_write_more_burst=64 rma_write_more_posts=0 rma_write_flush_posts=0 rma_write_forced_flush_posts=0 rma_write_more_followup_eagain=0 rma_write_force_flush=0 tx_cq_avg_cqes_per_nonempty=1.88 rx_cq_avg_cqes_per_nonempty=1.00
zcofi-endpoint-stats: send_depth=64 send_active=0 send_inflight=0 send_peak=1 send_posts=2 send_completions=2 send_eagain=0 send_retries=0 send_errors=0 recv_depth=64 recv_active=0 recv_inflight=0 recv_peak=1 recv_posts=1 recv_completions=1 recv_eagain=0 recv_retries=0 recv_errors=0 read_depth=256 read_active=0 read_inflight=0 read_peak=256 read_posts=163840 read_completions=163840 read_eagain=0 read_retries=0 read_errors=0 write_depth=256 write_active=0 write_inflight=0 write_peak=0 write_posts=0 write_completions=0 write_eagain=0 write_retries=0 write_errors=0 tx_cq_polls=336986 tx_cq_empty=238272 tx_cq_nonempty=98714 tx_cq_entries=163842 tx_cq_errors=0 tx_cq_sleeps=0 rx_cq_polls=14752305 rx_cq_empty=14752304 rx_cq_nonempty=1 rx_cq_entries=1 rx_cq_errors=0 rx_cq_sleeps=0 send_mr_reg=2 send_mr_close=0 send_mr_hot=0 send_mr_hits=1 recv_mr_reg=1 recv_mr_close=0 recv_mr_hot=0 recv_mr_hits=0 read_mr_reg=1 read_mr_close=0 read_mr_hot=0 read_mr_hits=163840 write_mr_reg=0 write_mr_close=0 write_mr_hot=0 write_mr_hits=0 target_mr_reg=0 target_mr_close=0 target_mr_hot=0 inject_posts=0 fatal_rc=0 efa_write_high_pps_available=0 efa_write_high_pps_effective=0 efa_write_high_pps_verified=0 efa_write_high_pps_fallbacks=0 rma_write_delivery_complete=1 rma_write_more=0 rma_write_more_burst=64 rma_write_more_posts=0 rma_write_flush_posts=0 rma_write_forced_flush_posts=0 rma_write_more_followup_eagain=0 rma_write_force_flush=0 tx_cq_avg_cqes_per_nonempty=1.66 rx_cq_avg_cqes_per_nonempty=1.00
zcofi-endpoint-stats: send_depth=64 send_active=0 send_inflight=0 send_peak=1 send_posts=2 send_completions=2 send_eagain=0 send_retries=0 send_errors=0 recv_depth=64 recv_active=0 recv_inflight=0 recv_peak=1 recv_posts=1 recv_completions=1 recv_eagain=0 recv_retries=0 recv_errors=0 read_depth=256 read_active=0 read_inflight=0 read_peak=256 read_posts=163840 read_completions=163840 read_eagain=0 read_retries=0 read_errors=0 write_depth=256 write_active=0 write_inflight=0 write_peak=0 write_posts=0 write_completions=0 write_eagain=0 write_retries=0 write_errors=0 tx_cq_polls=320028 tx_cq_empty=224004 tx_cq_nonempty=96024 tx_cq_entries=163842 tx_cq_errors=0 tx_cq_sleeps=0 rx_cq_polls=14569105 rx_cq_empty=14569104 rx_cq_nonempty=1 rx_cq_entries=1 rx_cq_errors=0 rx_cq_sleeps=0 send_mr_reg=2 send_mr_close=0 send_mr_hot=0 send_mr_hits=1 recv_mr_reg=1 recv_mr_close=0 recv_mr_hot=0 recv_mr_hits=0 read_mr_reg=1 read_mr_close=0 read_mr_hot=0 read_mr_hits=163840 write_mr_reg=0 write_mr_close=0 write_mr_hot=0 write_mr_hits=0 target_mr_reg=0 target_mr_close=0 target_mr_hot=0 inject_posts=0 fatal_rc=0 efa_write_high_pps_available=0 efa_write_high_pps_effective=0 efa_write_high_pps_verified=0 efa_write_high_pps_fallbacks=0 rma_write_delivery_complete=1 rma_write_more=0 rma_write_more_burst=64 rma_write_more_posts=0 rma_write_flush_posts=0 rma_write_forced_flush_posts=0 rma_write_more_followup_eagain=0 rma_write_force_flush=0 tx_cq_avg_cqes_per_nonempty=1.71 rx_cq_avg_cqes_per_nonempty=1.00
zcofi-endpoint-stats: send_depth=64 send_active=0 send_inflight=0 send_peak=1 send_posts=2 send_completions=2 send_eagain=0 send_retries=0 send_errors=0 recv_depth=64 recv_active=0 recv_inflight=0 recv_peak=1 recv_posts=1 recv_completions=1 recv_eagain=0 recv_retries=0 recv_errors=0 read_depth=256 read_active=0 read_inflight=0 read_peak=256 read_posts=163840 read_completions=163840 read_eagain=0 read_retries=0 read_errors=0 write_depth=256 write_active=0 write_inflight=0 write_peak=0 write_posts=0 write_completions=0 write_eagain=0 write_retries=0 write_errors=0 tx_cq_polls=342960 tx_cq_empty=243405 tx_cq_nonempty=99555 tx_cq_entries=163842 tx_cq_errors=0 tx_cq_sleeps=0 rx_cq_polls=14718041 rx_cq_empty=14718040 rx_cq_nonempty=1 rx_cq_entries=1 rx_cq_errors=0 rx_cq_sleeps=0 send_mr_reg=2 send_mr_close=0 send_mr_hot=0 send_mr_hits=1 recv_mr_reg=1 recv_mr_close=0 recv_mr_hot=0 recv_mr_hits=0 read_mr_reg=1 read_mr_close=0 read_mr_hot=0 read_mr_hits=163840 write_mr_reg=0 write_mr_close=0 write_mr_hot=0 write_mr_hits=0 target_mr_reg=0 target_mr_close=0 target_mr_hot=0 inject_posts=0 fatal_rc=0 efa_write_high_pps_available=0 efa_write_high_pps_effective=0 efa_write_high_pps_verified=0 efa_write_high_pps_fallbacks=0 rma_write_delivery_complete=1 rma_write_more=0 rma_write_more_burst=64 rma_write_more_posts=0 rma_write_flush_posts=0 rma_write_forced_flush_posts=0 rma_write_more_followup_eagain=0 rma_write_force_flush=0 tx_cq_avg_cqes_per_nonempty=1.65 rx_cq_avg_cqes_per_nonempty=1.00
zcofi-endpoint-stats: send_depth=64 send_active=0 send_inflight=0 send_peak=1 send_posts=2 send_completions=2 send_eagain=0 send_retries=0 send_errors=0 recv_depth=64 recv_active=0 recv_inflight=0 recv_peak=1 recv_posts=1 recv_completions=1 recv_eagain=0 recv_retries=0 recv_errors=0 read_depth=256 read_active=0 read_inflight=0 read_peak=256 read_posts=163840 read_completions=163840 read_eagain=0 read_retries=0 read_errors=0 write_depth=256 write_active=0 write_inflight=0 write_peak=0 write_posts=0 write_completions=0 write_eagain=0 write_retries=0 write_errors=0 tx_cq_polls=337267 tx_cq_empty=238113 tx_cq_nonempty=99154 tx_cq_entries=163842 tx_cq_errors=0 tx_cq_sleeps=0 rx_cq_polls=14478276 rx_cq_empty=14478275 rx_cq_nonempty=1 rx_cq_entries=1 rx_cq_errors=0 rx_cq_sleeps=0 send_mr_reg=2 send_mr_close=0 send_mr_hot=0 send_mr_hits=1 recv_mr_reg=1 recv_mr_close=0 recv_mr_hot=0 recv_mr_hits=0 read_mr_reg=1 read_mr_close=0 read_mr_hot=0 read_mr_hits=163840 write_mr_reg=0 write_mr_close=0 write_mr_hot=0 write_mr_hits=0 target_mr_reg=0 target_mr_close=0 target_mr_hot=0 inject_posts=0 fatal_rc=0 efa_write_high_pps_available=0 efa_write_high_pps_effective=0 efa_write_high_pps_verified=0 efa_write_high_pps_fallbacks=0 rma_write_delivery_complete=1 rma_write_more=0 rma_write_more_burst=64 rma_write_more_posts=0 rma_write_flush_posts=0 rma_write_forced_flush_posts=0 rma_write_more_followup_eagain=0 rma_write_force_flush=0 tx_cq_avg_cqes_per_nonempty=1.65 rx_cq_avg_cqes_per_nonempty=1.00
zcofi-endpoint-stats: send_depth=64 send_active=0 send_inflight=0 send_peak=1 send_posts=2 send_completions=2 send_eagain=0 send_retries=0 send_errors=0 recv_depth=64 recv_active=0 recv_inflight=0 recv_peak=1 recv_posts=1 recv_completions=1 recv_eagain=0 recv_retries=0 recv_errors=0 read_depth=256 read_active=0 read_inflight=0 read_peak=256 read_posts=163840 read_completions=163840 read_eagain=0 read_retries=0 read_errors=0 write_depth=256 write_active=0 write_inflight=0 write_peak=0 write_posts=0 write_completions=0 write_eagain=0 write_retries=0 write_errors=0 tx_cq_polls=339202 tx_cq_empty=240342 tx_cq_nonempty=98860 tx_cq_entries=163842 tx_cq_errors=0 tx_cq_sleeps=0 rx_cq_polls=14741594 rx_cq_empty=14741593 rx_cq_nonempty=1 rx_cq_entries=1 rx_cq_errors=0 rx_cq_sleeps=0 send_mr_reg=2 send_mr_close=0 send_mr_hot=0 send_mr_hits=1 recv_mr_reg=1 recv_mr_close=0 recv_mr_hot=0 recv_mr_hits=0 read_mr_reg=1 read_mr_close=0 read_mr_hot=0 read_mr_hits=163840 write_mr_reg=0 write_mr_close=0 write_mr_hot=0 write_mr_hits=0 target_mr_reg=0 target_mr_close=0 target_mr_hot=0 inject_posts=0 fatal_rc=0 efa_write_high_pps_available=0 efa_write_high_pps_effective=0 efa_write_high_pps_verified=0 efa_write_high_pps_fallbacks=0 rma_write_delivery_complete=1 rma_write_more=0 rma_write_more_burst=64 rma_write_more_posts=0 rma_write_flush_posts=0 rma_write_forced_flush_posts=0 rma_write_more_followup_eagain=0 rma_write_force_flush=0 tx_cq_avg_cqes_per_nonempty=1.66 rx_cq_avg_cqes_per_nonempty=1.00
zcofi-endpoint-stats: send_depth=64 send_active=0 send_inflight=0 send_peak=1 send_posts=2 send_completions=2 send_eagain=0 send_retries=0 send_errors=0 recv_depth=64 recv_active=0 recv_inflight=0 recv_peak=1 recv_posts=1 recv_completions=1 recv_eagain=0 recv_retries=0 recv_errors=0 read_depth=256 read_active=0 read_inflight=0 read_peak=256 read_posts=163840 read_completions=163840 read_eagain=0 read_retries=0 read_errors=0 write_depth=256 write_active=0 write_inflight=0 write_peak=0 write_posts=0 write_completions=0 write_eagain=0 write_retries=0 write_errors=0 tx_cq_polls=341266 tx_cq_empty=241758 tx_cq_nonempty=99508 tx_cq_entries=163842 tx_cq_errors=0 tx_cq_sleeps=0 rx_cq_polls=14692619 rx_cq_empty=14692618 rx_cq_nonempty=1 rx_cq_entries=1 rx_cq_errors=0 rx_cq_sleeps=0 send_mr_reg=2 send_mr_close=0 send_mr_hot=0 send_mr_hits=1 recv_mr_reg=1 recv_mr_close=0 recv_mr_hot=0 recv_mr_hits=0 read_mr_reg=1 read_mr_close=0 read_mr_hot=0 read_mr_hits=163840 write_mr_reg=0 write_mr_close=0 write_mr_hot=0 write_mr_hits=0 target_mr_reg=0 target_mr_close=0 target_mr_hot=0 inject_posts=0 fatal_rc=0 efa_write_high_pps_available=0 efa_write_high_pps_effective=0 efa_write_high_pps_verified=0 efa_write_high_pps_fallbacks=0 rma_write_delivery_complete=1 rma_write_more=0 rma_write_more_burst=64 rma_write_more_posts=0 rma_write_flush_posts=0 rma_write_forced_flush_posts=0 rma_write_more_followup_eagain=0 rma_write_force_flush=0 tx_cq_avg_cqes_per_nonempty=1.65 rx_cq_avg_cqes_per_nonempty=1.00
zcofi-endpoint-stats: send_depth=64 send_active=0 send_inflight=0 send_peak=1 send_posts=2 send_completions=2 send_eagain=0 send_retries=0 send_errors=0 recv_depth=64 recv_active=0 recv_inflight=0 recv_peak=1 recv_posts=1 recv_completions=1 recv_eagain=0 recv_retries=0 recv_errors=0 read_depth=256 read_active=0 read_inflight=0 read_peak=256 read_posts=163840 read_completions=163840 read_eagain=0 read_retries=0 read_errors=0 write_depth=256 write_active=0 write_inflight=0 write_peak=0 write_posts=0 write_completions=0 write_eagain=0 write_retries=0 write_errors=0 tx_cq_polls=335907 tx_cq_empty=236667 tx_cq_nonempty=99240 tx_cq_entries=163842 tx_cq_errors=0 tx_cq_sleeps=0 rx_cq_polls=14709898 rx_cq_empty=14709897 rx_cq_nonempty=1 rx_cq_entries=1 rx_cq_errors=0 rx_cq_sleeps=0 send_mr_reg=2 send_mr_close=0 send_mr_hot=0 send_mr_hits=1 recv_mr_reg=1 recv_mr_close=0 recv_mr_hot=0 recv_mr_hits=0 read_mr_reg=1 read_mr_close=0 read_mr_hot=0 read_mr_hits=163840 write_mr_reg=0 write_mr_close=0 write_mr_hot=0 write_mr_hits=0 target_mr_reg=0 target_mr_close=0 target_mr_hot=0 inject_posts=0 fatal_rc=0 efa_write_high_pps_available=0 efa_write_high_pps_effective=0 efa_write_high_pps_verified=0 efa_write_high_pps_fallbacks=0 rma_write_delivery_complete=1 rma_write_more=0 rma_write_more_burst=64 rma_write_more_posts=0 rma_write_flush_posts=0 rma_write_forced_flush_posts=0 rma_write_more_followup_eagain=0 rma_write_force_flush=0 tx_cq_avg_cqes_per_nonempty=1.65 rx_cq_avg_cqes_per_nonempty=1.00
zcofi-endpoint-stats: send_depth=64 send_active=0 send_inflight=0 send_peak=1 send_posts=2 send_completions=2 send_eagain=0 send_retries=0 send_errors=0 recv_depth=64 recv_active=0 recv_inflight=0 recv_peak=1 recv_posts=1 recv_completions=1 recv_eagain=0 recv_retries=0 recv_errors=0 read_depth=256 read_active=0 read_inflight=0 read_peak=256 read_posts=163840 read_completions=163840 read_eagain=0 read_retries=0 read_errors=0 write_depth=256 write_active=0 write_inflight=0 write_peak=0 write_posts=0 write_completions=0 write_eagain=0 write_retries=0 write_errors=0 tx_cq_polls=313041 tx_cq_empty=217371 tx_cq_nonempty=95670 tx_cq_entries=163842 tx_cq_errors=0 tx_cq_sleeps=0 rx_cq_polls=14741734 rx_cq_empty=14741733 rx_cq_nonempty=1 rx_cq_entries=1 rx_cq_errors=0 rx_cq_sleeps=0 send_mr_reg=2 send_mr_close=0 send_mr_hot=0 send_mr_hits=1 recv_mr_reg=1 recv_mr_close=0 recv_mr_hot=0 recv_mr_hits=0 read_mr_reg=1 read_mr_close=0 read_mr_hot=0 read_mr_hits=163840 write_mr_reg=0 write_mr_close=0 write_mr_hot=0 write_mr_hits=0 target_mr_reg=0 target_mr_close=0 target_mr_hot=0 inject_posts=0 fatal_rc=0 efa_write_high_pps_available=0 efa_write_high_pps_effective=0 efa_write_high_pps_verified=0 efa_write_high_pps_fallbacks=0 rma_write_delivery_complete=1 rma_write_more=0 rma_write_more_burst=64 rma_write_more_posts=0 rma_write_flush_posts=0 rma_write_forced_flush_posts=0 rma_write_more_followup_eagain=0 rma_write_force_flush=0 tx_cq_avg_cqes_per_nonempty=1.71 rx_cq_avg_cqes_per_nonempty=1.00
zcofi-endpoint-stats: send_depth=64 send_active=0 send_inflight=0 send_peak=1 send_posts=2 send_completions=2 send_eagain=0 send_retries=0 send_errors=0 recv_depth=64 recv_active=0 recv_inflight=0 recv_peak=1 recv_posts=1 recv_completions=1 recv_eagain=0 recv_retries=0 recv_errors=0 read_depth=256 read_active=0 read_inflight=0 read_peak=256 read_posts=163840 read_completions=163840 read_eagain=0 read_retries=0 read_errors=0 write_depth=256 write_active=0 write_inflight=0 write_peak=0 write_posts=0 write_completions=0 write_eagain=0 write_retries=0 write_errors=0 tx_cq_polls=327651 tx_cq_empty=230406 tx_cq_nonempty=97245 tx_cq_entries=163842 tx_cq_errors=0 tx_cq_sleeps=0 rx_cq_polls=14752782 rx_cq_empty=14752781 rx_cq_nonempty=1 rx_cq_entries=1 rx_cq_errors=0 rx_cq_sleeps=0 send_mr_reg=2 send_mr_close=0 send_mr_hot=0 send_mr_hits=1 recv_mr_reg=1 recv_mr_close=0 recv_mr_hot=0 recv_mr_hits=0 read_mr_reg=1 read_mr_close=0 read_mr_hot=0 read_mr_hits=163840 write_mr_reg=0 write_mr_close=0 write_mr_hot=0 write_mr_hits=0 target_mr_reg=0 target_mr_close=0 target_mr_hot=0 inject_posts=0 fatal_rc=0 efa_write_high_pps_available=0 efa_write_high_pps_effective=0 efa_write_high_pps_verified=0 efa_write_high_pps_fallbacks=0 rma_write_delivery_complete=1 rma_write_more=0 rma_write_more_burst=64 rma_write_more_posts=0 rma_write_flush_posts=0 rma_write_forced_flush_posts=0 rma_write_more_followup_eagain=0 rma_write_force_flush=0 tx_cq_avg_cqes_per_nonempty=1.68 rx_cq_avg_cqes_per_nonempty=1.00
zcofi-endpoint-stats: send_depth=64 send_active=0 send_inflight=0 send_peak=1 send_posts=2 send_completions=2 send_eagain=0 send_retries=0 send_errors=0 recv_depth=64 recv_active=0 recv_inflight=0 recv_peak=1 recv_posts=1 recv_completions=1 recv_eagain=0 recv_retries=0 recv_errors=0 read_depth=256 read_active=0 read_inflight=0 read_peak=256 read_posts=163840 read_completions=163840 read_eagain=0 read_retries=0 read_errors=0 write_depth=256 write_active=0 write_inflight=0 write_peak=0 write_posts=0 write_completions=0 write_eagain=0 write_retries=0 write_errors=0 tx_cq_polls=253821 tx_cq_empty=163713 tx_cq_nonempty=90108 tx_cq_entries=163842 tx_cq_errors=0 tx_cq_sleeps=0 rx_cq_polls=14792920 rx_cq_empty=14792919 rx_cq_nonempty=1 rx_cq_entries=1 rx_cq_errors=0 rx_cq_sleeps=0 send_mr_reg=2 send_mr_close=0 send_mr_hot=0 send_mr_hits=1 recv_mr_reg=1 recv_mr_close=0 recv_mr_hot=0 recv_mr_hits=0 read_mr_reg=1 read_mr_close=0 read_mr_hot=0 read_mr_hits=163840 write_mr_reg=0 write_mr_close=0 write_mr_hot=0 write_mr_hits=0 target_mr_reg=0 target_mr_close=0 target_mr_hot=0 inject_posts=0 fatal_rc=0 efa_write_high_pps_available=0 efa_write_high_pps_effective=0 efa_write_high_pps_verified=0 efa_write_high_pps_fallbacks=0 rma_write_delivery_complete=1 rma_write_more=0 rma_write_more_burst=64 rma_write_more_posts=0 rma_write_flush_posts=0 rma_write_forced_flush_posts=0 rma_write_more_followup_eagain=0 rma_write_force_flush=0 tx_cq_avg_cqes_per_nonempty=1.82 rx_cq_avg_cqes_per_nonempty=1.00
zcofi-endpoint-stats: send_depth=64 send_active=0 send_inflight=0 send_peak=1 send_posts=2 send_completions=2 send_eagain=0 send_retries=0 send_errors=0 recv_depth=64 recv_active=0 recv_inflight=0 recv_peak=1 recv_posts=1 recv_completions=1 recv_eagain=0 recv_retries=0 recv_errors=0 read_depth=256 read_active=0 read_inflight=0 read_peak=256 read_posts=163840 read_completions=163840 read_eagain=0 read_retries=0 read_errors=0 write_depth=256 write_active=0 write_inflight=0 write_peak=0 write_posts=0 write_completions=0 write_eagain=0 write_retries=0 write_errors=0 tx_cq_polls=256413 tx_cq_empty=166137 tx_cq_nonempty=90276 tx_cq_entries=163842 tx_cq_errors=0 tx_cq_sleeps=0 rx_cq_polls=14683464 rx_cq_empty=14683463 rx_cq_nonempty=1 rx_cq_entries=1 rx_cq_errors=0 rx_cq_sleeps=0 send_mr_reg=2 send_mr_close=0 send_mr_hot=0 send_mr_hits=1 recv_mr_reg=1 recv_mr_close=0 recv_mr_hot=0 recv_mr_hits=0 read_mr_reg=1 read_mr_close=0 read_mr_hot=0 read_mr_hits=163840 write_mr_reg=0 write_mr_close=0 write_mr_hot=0 write_mr_hits=0 target_mr_reg=0 target_mr_close=0 target_mr_hot=0 inject_posts=0 fatal_rc=0 efa_write_high_pps_available=0 efa_write_high_pps_effective=0 efa_write_high_pps_verified=0 efa_write_high_pps_fallbacks=0 rma_write_delivery_complete=1 rma_write_more=0 rma_write_more_burst=64 rma_write_more_posts=0 rma_write_flush_posts=0 rma_write_forced_flush_posts=0 rma_write_more_followup_eagain=0 rma_write_force_flush=0 tx_cq_avg_cqes_per_nonempty=1.81 rx_cq_avg_cqes_per_nonempty=1.00
zcofi-endpoint-stats: send_depth=64 send_active=0 send_inflight=0 send_peak=1 send_posts=2 send_completions=2 send_eagain=0 send_retries=0 send_errors=0 recv_depth=64 recv_active=0 recv_inflight=0 recv_peak=1 recv_posts=1 recv_completions=1 recv_eagain=0 recv_retries=0 recv_errors=0 read_depth=256 read_active=0 read_inflight=0 read_peak=256 read_posts=163840 read_completions=163840 read_eagain=0 read_retries=0 read_errors=0 write_depth=256 write_active=0 write_inflight=0 write_peak=0 write_posts=0 write_completions=0 write_eagain=0 write_retries=0 write_errors=0 tx_cq_polls=307891 tx_cq_empty=213204 tx_cq_nonempty=94687 tx_cq_entries=163842 tx_cq_errors=0 tx_cq_sleeps=0 rx_cq_polls=14721954 rx_cq_empty=14721953 rx_cq_nonempty=1 rx_cq_entries=1 rx_cq_errors=0 rx_cq_sleeps=0 send_mr_reg=2 send_mr_close=0 send_mr_hot=0 send_mr_hits=1 recv_mr_reg=1 recv_mr_close=0 recv_mr_hot=0 recv_mr_hits=0 read_mr_reg=1 read_mr_close=0 read_mr_hot=0 read_mr_hits=163840 write_mr_reg=0 write_mr_close=0 write_mr_hot=0 write_mr_hits=0 target_mr_reg=0 target_mr_close=0 target_mr_hot=0 inject_posts=0 fatal_rc=0 efa_write_high_pps_available=0 efa_write_high_pps_effective=0 efa_write_high_pps_verified=0 efa_write_high_pps_fallbacks=0 rma_write_delivery_complete=1 rma_write_more=0 rma_write_more_burst=64 rma_write_more_posts=0 rma_write_flush_posts=0 rma_write_forced_flush_posts=0 rma_write_more_followup_eagain=0 rma_write_force_flush=0 tx_cq_avg_cqes_per_nonempty=1.73 rx_cq_avg_cqes_per_nonempty=1.00
zcofi-endpoint-stats: send_depth=64 send_active=0 send_inflight=0 send_peak=1 send_posts=2 send_completions=2 send_eagain=0 send_retries=0 send_errors=0 recv_depth=64 recv_active=0 recv_inflight=0 recv_peak=1 recv_posts=1 recv_completions=1 recv_eagain=0 recv_retries=0 recv_errors=0 read_depth=256 read_active=0 read_inflight=0 read_peak=256 read_posts=163840 read_completions=163840 read_eagain=0 read_retries=0 read_errors=0 write_depth=256 write_active=0 write_inflight=0 write_peak=0 write_posts=0 write_completions=0 write_eagain=0 write_retries=0 write_errors=0 tx_cq_polls=265151 tx_cq_empty=174417 tx_cq_nonempty=90734 tx_cq_entries=163842 tx_cq_errors=0 tx_cq_sleeps=0 rx_cq_polls=14703815 rx_cq_empty=14703814 rx_cq_nonempty=1 rx_cq_entries=1 rx_cq_errors=0 rx_cq_sleeps=0 send_mr_reg=2 send_mr_close=0 send_mr_hot=0 send_mr_hits=1 recv_mr_reg=1 recv_mr_close=0 recv_mr_hot=0 recv_mr_hits=0 read_mr_reg=1 read_mr_close=0 read_mr_hot=0 read_mr_hits=163840 write_mr_reg=0 write_mr_close=0 write_mr_hot=0 write_mr_hits=0 target_mr_reg=0 target_mr_close=0 target_mr_hot=0 inject_posts=0 fatal_rc=0 efa_write_high_pps_available=0 efa_write_high_pps_effective=0 efa_write_high_pps_verified=0 efa_write_high_pps_fallbacks=0 rma_write_delivery_complete=1 rma_write_more=0 rma_write_more_burst=64 rma_write_more_posts=0 rma_write_flush_posts=0 rma_write_forced_flush_posts=0 rma_write_more_followup_eagain=0 rma_write_force_flush=0 tx_cq_avg_cqes_per_nonempty=1.81 rx_cq_avg_cqes_per_nonempty=1.00
zcofi-endpoint-stats: send_depth=64 send_active=0 send_inflight=0 send_peak=1 send_posts=2 send_completions=2 send_eagain=0 send_retries=0 send_errors=0 recv_depth=64 recv_active=0 recv_inflight=0 recv_peak=1 recv_posts=1 recv_completions=1 recv_eagain=0 recv_retries=0 recv_errors=0 read_depth=256 read_active=0 read_inflight=0 read_peak=256 read_posts=163840 read_completions=163840 read_eagain=0 read_retries=0 read_errors=0 write_depth=256 write_active=0 write_inflight=0 write_peak=0 write_posts=0 write_completions=0 write_eagain=0 write_retries=0 write_errors=0 tx_cq_polls=312925 tx_cq_empty=216522 tx_cq_nonempty=96403 tx_cq_entries=163842 tx_cq_errors=0 tx_cq_sleeps=0 rx_cq_polls=14748825 rx_cq_empty=14748824 rx_cq_nonempty=1 rx_cq_entries=1 rx_cq_errors=0 rx_cq_sleeps=0 send_mr_reg=2 send_mr_close=0 send_mr_hot=0 send_mr_hits=1 recv_mr_reg=1 recv_mr_close=0 recv_mr_hot=0 recv_mr_hits=0 read_mr_reg=1 read_mr_close=0 read_mr_hot=0 read_mr_hits=163840 write_mr_reg=0 write_mr_close=0 write_mr_hot=0 write_mr_hits=0 target_mr_reg=0 target_mr_close=0 target_mr_hot=0 inject_posts=0 fatal_rc=0 efa_write_high_pps_available=0 efa_write_high_pps_effective=0 efa_write_high_pps_verified=0 efa_write_high_pps_fallbacks=0 rma_write_delivery_complete=1 rma_write_more=0 rma_write_more_burst=64 rma_write_more_posts=0 rma_write_flush_posts=0 rma_write_forced_flush_posts=0 rma_write_more_followup_eagain=0 rma_write_force_flush=0 tx_cq_avg_cqes_per_nonempty=1.70 rx_cq_avg_cqes_per_nonempty=1.00
zcofi-endpoint-stats: send_depth=64 send_active=0 send_inflight=0 send_peak=1 send_posts=2 send_completions=2 send_eagain=0 send_retries=0 send_errors=0 recv_depth=64 recv_active=0 recv_inflight=0 recv_peak=1 recv_posts=1 recv_completions=1 recv_eagain=0 recv_retries=0 recv_errors=0 read_depth=256 read_active=0 read_inflight=0 read_peak=256 read_posts=163840 read_completions=163840 read_eagain=0 read_retries=0 read_errors=0 write_depth=256 write_active=0 write_inflight=0 write_peak=0 write_posts=0 write_completions=0 write_eagain=0 write_retries=0 write_errors=0 tx_cq_polls=256882 tx_cq_empty=167408 tx_cq_nonempty=89474 tx_cq_entries=163842 tx_cq_errors=0 tx_cq_sleeps=0 rx_cq_polls=14422122 rx_cq_empty=14422121 rx_cq_nonempty=1 rx_cq_entries=1 rx_cq_errors=0 rx_cq_sleeps=0 send_mr_reg=2 send_mr_close=0 send_mr_hot=0 send_mr_hits=1 recv_mr_reg=1 recv_mr_close=0 recv_mr_hot=0 recv_mr_hits=0 read_mr_reg=1 read_mr_close=0 read_mr_hot=0 read_mr_hits=163840 write_mr_reg=0 write_mr_close=0 write_mr_hot=0 write_mr_hits=0 target_mr_reg=0 target_mr_close=0 target_mr_hot=0 inject_posts=0 fatal_rc=0 efa_write_high_pps_available=0 efa_write_high_pps_effective=0 efa_write_high_pps_verified=0 efa_write_high_pps_fallbacks=0 rma_write_delivery_complete=1 rma_write_more=0 rma_write_more_burst=64 rma_write_more_posts=0 rma_write_flush_posts=0 rma_write_forced_flush_posts=0 rma_write_more_followup_eagain=0 rma_write_force_flush=0 tx_cq_avg_cqes_per_nonempty=1.83 rx_cq_avg_cqes_per_nonempty=1.00
zcofi-endpoint-stats: send_depth=64 send_active=0 send_inflight=0 send_peak=1 send_posts=2 send_completions=2 send_eagain=0 send_retries=0 send_errors=0 recv_depth=64 recv_active=0 recv_inflight=0 recv_peak=1 recv_posts=1 recv_completions=1 recv_eagain=0 recv_retries=0 recv_errors=0 read_depth=256 read_active=0 read_inflight=0 read_peak=256 read_posts=163840 read_completions=163840 read_eagain=0 read_retries=0 read_errors=0 write_depth=256 write_active=0 write_inflight=0 write_peak=0 write_posts=0 write_completions=0 write_eagain=0 write_retries=0 write_errors=0 tx_cq_polls=334617 tx_cq_empty=237129 tx_cq_nonempty=97488 tx_cq_entries=163842 tx_cq_errors=0 tx_cq_sleeps=0 rx_cq_polls=14675489 rx_cq_empty=14675488 rx_cq_nonempty=1 rx_cq_entries=1 rx_cq_errors=0 rx_cq_sleeps=0 send_mr_reg=2 send_mr_close=0 send_mr_hot=0 send_mr_hits=1 recv_mr_reg=1 recv_mr_close=0 recv_mr_hot=0 recv_mr_hits=0 read_mr_reg=1 read_mr_close=0 read_mr_hot=0 read_mr_hits=163840 write_mr_reg=0 write_mr_close=0 write_mr_hot=0 write_mr_hits=0 target_mr_reg=0 target_mr_close=0 target_mr_hot=0 inject_posts=0 fatal_rc=0 efa_write_high_pps_available=0 efa_write_high_pps_effective=0 efa_write_high_pps_verified=0 efa_write_high_pps_fallbacks=0 rma_write_delivery_complete=1 rma_write_more=0 rma_write_more_burst=64 rma_write_more_posts=0 rma_write_flush_posts=0 rma_write_forced_flush_posts=0 rma_write_more_followup_eagain=0 rma_write_force_flush=0 tx_cq_avg_cqes_per_nonempty=1.68 rx_cq_avg_cqes_per_nonempty=1.00
zcofi-endpoint-stats: send_depth=64 send_active=0 send_inflight=0 send_peak=1 send_posts=2 send_completions=2 send_eagain=0 send_retries=0 send_errors=0 recv_depth=64 recv_active=0 recv_inflight=0 recv_peak=1 recv_posts=1 recv_completions=1 recv_eagain=0 recv_retries=0 recv_errors=0 read_depth=256 read_active=0 read_inflight=0 read_peak=256 read_posts=163840 read_completions=163840 read_eagain=0 read_retries=0 read_errors=0 write_depth=256 write_active=0 write_inflight=0 write_peak=0 write_posts=0 write_completions=0 write_eagain=0 write_retries=0 write_errors=0 tx_cq_polls=342551 tx_cq_empty=243594 tx_cq_nonempty=98957 tx_cq_entries=163842 tx_cq_errors=0 tx_cq_sleeps=0 rx_cq_polls=14604199 rx_cq_empty=14604198 rx_cq_nonempty=1 rx_cq_entries=1 rx_cq_errors=0 rx_cq_sleeps=0 send_mr_reg=2 send_mr_close=0 send_mr_hot=0 send_mr_hits=1 recv_mr_reg=1 recv_mr_close=0 recv_mr_hot=0 recv_mr_hits=0 read_mr_reg=1 read_mr_close=0 read_mr_hot=0 read_mr_hits=163840 write_mr_reg=0 write_mr_close=0 write_mr_hot=0 write_mr_hits=0 target_mr_reg=0 target_mr_close=0 target_mr_hot=0 inject_posts=0 fatal_rc=0 efa_write_high_pps_available=0 efa_write_high_pps_effective=0 efa_write_high_pps_verified=0 efa_write_high_pps_fallbacks=0 rma_write_delivery_complete=1 rma_write_more=0 rma_write_more_burst=64 rma_write_more_posts=0 rma_write_flush_posts=0 rma_write_forced_flush_posts=0 rma_write_more_followup_eagain=0 rma_write_force_flush=0 tx_cq_avg_cqes_per_nonempty=1.66 rx_cq_avg_cqes_per_nonempty=1.00
zcofi-endpoint-stats: send_depth=64 send_active=0 send_inflight=0 send_peak=1 send_posts=2 send_completions=2 send_eagain=0 send_retries=0 send_errors=0 recv_depth=64 recv_active=0 recv_inflight=0 recv_peak=1 recv_posts=1 recv_completions=1 recv_eagain=0 recv_retries=0 recv_errors=0 read_depth=256 read_active=0 read_inflight=0 read_peak=256 read_posts=163840 read_completions=163840 read_eagain=0 read_retries=0 read_errors=0 write_depth=256 write_active=0 write_inflight=0 write_peak=0 write_posts=0 write_completions=0 write_eagain=0 write_retries=0 write_errors=0 tx_cq_polls=306587 tx_cq_empty=211470 tx_cq_nonempty=95117 tx_cq_entries=163842 tx_cq_errors=0 tx_cq_sleeps=0 rx_cq_polls=14463852 rx_cq_empty=14463851 rx_cq_nonempty=1 rx_cq_entries=1 rx_cq_errors=0 rx_cq_sleeps=0 send_mr_reg=2 send_mr_close=0 send_mr_hot=0 send_mr_hits=1 recv_mr_reg=1 recv_mr_close=0 recv_mr_hot=0 recv_mr_hits=0 read_mr_reg=1 read_mr_close=0 read_mr_hot=0 read_mr_hits=163840 write_mr_reg=0 write_mr_close=0 write_mr_hot=0 write_mr_hits=0 target_mr_reg=0 target_mr_close=0 target_mr_hot=0 inject_posts=0 fatal_rc=0 efa_write_high_pps_available=0 efa_write_high_pps_effective=0 efa_write_high_pps_verified=0 efa_write_high_pps_fallbacks=0 rma_write_delivery_complete=1 rma_write_more=0 rma_write_more_burst=64 rma_write_more_posts=0 rma_write_flush_posts=0 rma_write_forced_flush_posts=0 rma_write_more_followup_eagain=0 rma_write_force_flush=0 tx_cq_avg_cqes_per_nonempty=1.72 rx_cq_avg_cqes_per_nonempty=1.00
zcofi-endpoint-stats: send_depth=64 send_active=0 send_inflight=0 send_peak=1 send_posts=2 send_completions=2 send_eagain=0 send_retries=0 send_errors=0 recv_depth=64 recv_active=0 recv_inflight=0 recv_peak=1 recv_posts=1 recv_completions=1 recv_eagain=0 recv_retries=0 recv_errors=0 read_depth=256 read_active=0 read_inflight=0 read_peak=256 read_posts=163840 read_completions=163840 read_eagain=0 read_retries=0 read_errors=0 write_depth=256 write_active=0 write_inflight=0 write_peak=0 write_posts=0 write_completions=0 write_eagain=0 write_retries=0 write_errors=0 tx_cq_polls=338799 tx_cq_empty=240207 tx_cq_nonempty=98592 tx_cq_entries=163842 tx_cq_errors=0 tx_cq_sleeps=0 rx_cq_polls=14657056 rx_cq_empty=14657055 rx_cq_nonempty=1 rx_cq_entries=1 rx_cq_errors=0 rx_cq_sleeps=0 send_mr_reg=2 send_mr_close=0 send_mr_hot=0 send_mr_hits=1 recv_mr_reg=1 recv_mr_close=0 recv_mr_hot=0 recv_mr_hits=0 read_mr_reg=1 read_mr_close=0 read_mr_hot=0 read_mr_hits=163840 write_mr_reg=0 write_mr_close=0 write_mr_hot=0 write_mr_hits=0 target_mr_reg=0 target_mr_close=0 target_mr_hot=0 inject_posts=0 fatal_rc=0 efa_write_high_pps_available=0 efa_write_high_pps_effective=0 efa_write_high_pps_verified=0 efa_write_high_pps_fallbacks=0 rma_write_delivery_complete=1 rma_write_more=0 rma_write_more_burst=64 rma_write_more_posts=0 rma_write_flush_posts=0 rma_write_forced_flush_posts=0 rma_write_more_followup_eagain=0 rma_write_force_flush=0 tx_cq_avg_cqes_per_nonempty=1.66 rx_cq_avg_cqes_per_nonempty=1.00
zcofi-endpoint-stats: send_depth=64 send_active=0 send_inflight=0 send_peak=1 send_posts=2 send_completions=2 send_eagain=0 send_retries=0 send_errors=0 recv_depth=64 recv_active=0 recv_inflight=0 recv_peak=1 recv_posts=1 recv_completions=1 recv_eagain=0 recv_retries=0 recv_errors=0 read_depth=256 read_active=0 read_inflight=0 read_peak=256 read_posts=163840 read_completions=163840 read_eagain=0 read_retries=0 read_errors=0 write_depth=256 write_active=0 write_inflight=0 write_peak=0 write_posts=0 write_completions=0 write_eagain=0 write_retries=0 write_errors=0 tx_cq_polls=339302 tx_cq_empty=240267 tx_cq_nonempty=99035 tx_cq_entries=163842 tx_cq_errors=0 tx_cq_sleeps=0 rx_cq_polls=14630015 rx_cq_empty=14630014 rx_cq_nonempty=1 rx_cq_entries=1 rx_cq_errors=0 rx_cq_sleeps=0 send_mr_reg=2 send_mr_close=0 send_mr_hot=0 send_mr_hits=1 recv_mr_reg=1 recv_mr_close=0 recv_mr_hot=0 recv_mr_hits=0 read_mr_reg=1 read_mr_close=0 read_mr_hot=0 read_mr_hits=163840 write_mr_reg=0 write_mr_close=0 write_mr_hot=0 write_mr_hits=0 target_mr_reg=0 target_mr_close=0 target_mr_hot=0 inject_posts=0 fatal_rc=0 efa_write_high_pps_available=0 efa_write_high_pps_effective=0 efa_write_high_pps_verified=0 efa_write_high_pps_fallbacks=0 rma_write_delivery_complete=1 rma_write_more=0 rma_write_more_burst=64 rma_write_more_posts=0 rma_write_flush_posts=0 rma_write_forced_flush_posts=0 rma_write_more_followup_eagain=0 rma_write_force_flush=0 tx_cq_avg_cqes_per_nonempty=1.65 rx_cq_avg_cqes_per_nonempty=1.00
zcofi-endpoint-stats: send_depth=64 send_active=0 send_inflight=0 send_peak=1 send_posts=2 send_completions=2 send_eagain=0 send_retries=0 send_errors=0 recv_depth=64 recv_active=0 recv_inflight=0 recv_peak=1 recv_posts=1 recv_completions=1 recv_eagain=0 recv_retries=0 recv_errors=0 read_depth=256 read_active=0 read_inflight=0 read_peak=256 read_posts=163840 read_completions=163840 read_eagain=0 read_retries=0 read_errors=0 write_depth=256 write_active=0 write_inflight=0 write_peak=0 write_posts=0 write_completions=0 write_eagain=0 write_retries=0 write_errors=0 tx_cq_polls=335270 tx_cq_empty=236309 tx_cq_nonempty=98961 tx_cq_entries=163842 tx_cq_errors=0 tx_cq_sleeps=0 rx_cq_polls=14679264 rx_cq_empty=14679263 rx_cq_nonempty=1 rx_cq_entries=1 rx_cq_errors=0 rx_cq_sleeps=0 send_mr_reg=2 send_mr_close=0 send_mr_hot=0 send_mr_hits=1 recv_mr_reg=1 recv_mr_close=0 recv_mr_hot=0 recv_mr_hits=0 read_mr_reg=1 read_mr_close=0 read_mr_hot=0 read_mr_hits=163840 write_mr_reg=0 write_mr_close=0 write_mr_hot=0 write_mr_hits=0 target_mr_reg=0 target_mr_close=0 target_mr_hot=0 inject_posts=0 fatal_rc=0 efa_write_high_pps_available=0 efa_write_high_pps_effective=0 efa_write_high_pps_verified=0 efa_write_high_pps_fallbacks=0 rma_write_delivery_complete=1 rma_write_more=0 rma_write_more_burst=64 rma_write_more_posts=0 rma_write_flush_posts=0 rma_write_forced_flush_posts=0 rma_write_more_followup_eagain=0 rma_write_force_flush=0 tx_cq_avg_cqes_per_nonempty=1.66 rx_cq_avg_cqes_per_nonempty=1.00
zcofi-endpoint-stats: send_depth=64 send_active=0 send_inflight=0 send_peak=1 send_posts=2 send_completions=2 send_eagain=0 send_retries=0 send_errors=0 recv_depth=64 recv_active=0 recv_inflight=0 recv_peak=1 recv_posts=1 recv_completions=1 recv_eagain=0 recv_retries=0 recv_errors=0 read_depth=256 read_active=0 read_inflight=0 read_peak=256 read_posts=163840 read_completions=163840 read_eagain=0 read_retries=0 read_errors=0 write_depth=256 write_active=0 write_inflight=0 write_peak=0 write_posts=0 write_completions=0 write_eagain=0 write_retries=0 write_errors=0 tx_cq_polls=339028 tx_cq_empty=239718 tx_cq_nonempty=99310 tx_cq_entries=163842 tx_cq_errors=0 tx_cq_sleeps=0 rx_cq_polls=14629679 rx_cq_empty=14629678 rx_cq_nonempty=1 rx_cq_entries=1 rx_cq_errors=0 rx_cq_sleeps=0 send_mr_reg=2 send_mr_close=0 send_mr_hot=0 send_mr_hits=1 recv_mr_reg=1 recv_mr_close=0 recv_mr_hot=0 recv_mr_hits=0 read_mr_reg=1 read_mr_close=0 read_mr_hot=0 read_mr_hits=163840 write_mr_reg=0 write_mr_close=0 write_mr_hot=0 write_mr_hits=0 target_mr_reg=0 target_mr_close=0 target_mr_hot=0 inject_posts=0 fatal_rc=0 efa_write_high_pps_available=0 efa_write_high_pps_effective=0 efa_write_high_pps_verified=0 efa_write_high_pps_fallbacks=0 rma_write_delivery_complete=1 rma_write_more=0 rma_write_more_burst=64 rma_write_more_posts=0 rma_write_flush_posts=0 rma_write_forced_flush_posts=0 rma_write_more_followup_eagain=0 rma_write_force_flush=0 tx_cq_avg_cqes_per_nonempty=1.65 rx_cq_avg_cqes_per_nonempty=1.00
zcofi-endpoint-stats: send_depth=64 send_active=0 send_inflight=0 send_peak=1 send_posts=2 send_completions=2 send_eagain=0 send_retries=0 send_errors=0 recv_depth=64 recv_active=0 recv_inflight=0 recv_peak=1 recv_posts=1 recv_completions=1 recv_eagain=0 recv_retries=0 recv_errors=0 read_depth=256 read_active=0 read_inflight=0 read_peak=256 read_posts=163840 read_completions=163840 read_eagain=0 read_retries=0 read_errors=0 write_depth=256 write_active=0 write_inflight=0 write_peak=0 write_posts=0 write_completions=0 write_eagain=0 write_retries=0 write_errors=0 tx_cq_polls=312848 tx_cq_empty=216658 tx_cq_nonempty=96190 tx_cq_entries=163842 tx_cq_errors=0 tx_cq_sleeps=0 rx_cq_polls=14663484 rx_cq_empty=14663483 rx_cq_nonempty=1 rx_cq_entries=1 rx_cq_errors=0 rx_cq_sleeps=0 send_mr_reg=2 send_mr_close=0 send_mr_hot=0 send_mr_hits=1 recv_mr_reg=1 recv_mr_close=0 recv_mr_hot=0 recv_mr_hits=0 read_mr_reg=1 read_mr_close=0 read_mr_hot=0 read_mr_hits=163840 write_mr_reg=0 write_mr_close=0 write_mr_hot=0 write_mr_hits=0 target_mr_reg=0 target_mr_close=0 target_mr_hot=0 inject_posts=0 fatal_rc=0 efa_write_high_pps_available=0 efa_write_high_pps_effective=0 efa_write_high_pps_verified=0 efa_write_high_pps_fallbacks=0 rma_write_delivery_complete=1 rma_write_more=0 rma_write_more_burst=64 rma_write_more_posts=0 rma_write_flush_posts=0 rma_write_forced_flush_posts=0 rma_write_more_followup_eagain=0 rma_write_force_flush=0 tx_cq_avg_cqes_per_nonempty=1.70 rx_cq_avg_cqes_per_nonempty=1.00
zcofi-rma-read-worker: worker=0 streams=1 payload_bytes=671088640 wire_bytes=671088704 extents=163840 logical_records=163840 acks=1 seconds=1.016022 payload_Gbitps=5.284 logical_iops=161256 thread_cpu_seconds=1.931533 cpu_wall_pct=190.1 target_cpu=96 affinity_applied=true start_cpu=96 end_cpu=96 voluntary_ctxt_switches=25 involuntary_ctxt_switches=6 migrations=0
zcofi-rma-read-worker-cq: worker=0 streams=1 peak_outstanding=256 cq_poll_calls=130335 cq_batches=98791 cq_completions=163840 avg_cq_completions_per_batch=1.66 post_eagain=0 local_cq_completion_count=163840 local_cq_completion_avg_ns=1584007 local_cq_completion_min_ns=101384 local_cq_completion_p50_ns=2000000 local_cq_completion_p95_ns=4000000 local_cq_completion_p99_ns=6000000 local_cq_completion_p999_ns=6000000 local_cq_completion_max_ns=5670002
zcofi-rma-read-worker: worker=1 streams=1 payload_bytes=671088640 wire_bytes=671088704 extents=163840 logical_records=163840 acks=1 seconds=1.015706 payload_Gbitps=5.286 logical_iops=161307 thread_cpu_seconds=1.929997 cpu_wall_pct=190.0 target_cpu=97 affinity_applied=true start_cpu=97 end_cpu=97 voluntary_ctxt_switches=19 involuntary_ctxt_switches=14 migrations=0
zcofi-rma-read-worker-cq: worker=1 streams=1 peak_outstanding=256 cq_poll_calls=130593 cq_batches=98959 cq_completions=163840 avg_cq_completions_per_batch=1.66 post_eagain=0 local_cq_completion_count=163840 local_cq_completion_avg_ns=1583125 local_cq_completion_min_ns=122770 local_cq_completion_p50_ns=2000000 local_cq_completion_p95_ns=4000000 local_cq_completion_p99_ns=6000000 local_cq_completion_p999_ns=6000000 local_cq_completion_max_ns=5692879
zcofi-rma-read-worker: worker=2 streams=1 payload_bytes=671088640 wire_bytes=671088704 extents=163840 logical_records=163840 acks=1 seconds=1.015676 payload_Gbitps=5.286 logical_iops=161311 thread_cpu_seconds=1.908953 cpu_wall_pct=187.9 target_cpu=98 affinity_applied=true start_cpu=98 end_cpu=98 voluntary_ctxt_switches=21 involuntary_ctxt_switches=5 migrations=0
zcofi-rma-read-worker-cq: worker=2 streams=1 peak_outstanding=256 cq_poll_calls=131158 cq_batches=99308 cq_completions=163840 avg_cq_completions_per_batch=1.65 post_eagain=0 local_cq_completion_count=163840 local_cq_completion_avg_ns=1583138 local_cq_completion_min_ns=99029 local_cq_completion_p50_ns=2000000 local_cq_completion_p95_ns=4000000 local_cq_completion_p99_ns=6000000 local_cq_completion_p999_ns=6000000 local_cq_completion_max_ns=5671126
zcofi-rma-read-worker: worker=3 streams=1 payload_bytes=671088640 wire_bytes=671088704 extents=163840 logical_records=163840 acks=1 seconds=1.015431 payload_Gbitps=5.287 logical_iops=161350 thread_cpu_seconds=1.916706 cpu_wall_pct=188.8 target_cpu=99 affinity_applied=true start_cpu=99 end_cpu=99 voluntary_ctxt_switches=23 involuntary_ctxt_switches=7 migrations=0
zcofi-rma-read-worker-cq: worker=3 streams=1 peak_outstanding=256 cq_poll_calls=130675 cq_batches=99110 cq_completions=163840 avg_cq_completions_per_batch=1.65 post_eagain=0 local_cq_completion_count=163840 local_cq_completion_avg_ns=1580370 local_cq_completion_min_ns=127844 local_cq_completion_p50_ns=2000000 local_cq_completion_p95_ns=4000000 local_cq_completion_p99_ns=6000000 local_cq_completion_p999_ns=6000000 local_cq_completion_max_ns=5646122
zcofi-rma-read-worker: worker=4 streams=1 payload_bytes=671088640 wire_bytes=671088704 extents=163840 logical_records=163840 acks=1 seconds=1.015671 payload_Gbitps=5.286 logical_iops=161312 thread_cpu_seconds=1.910837 cpu_wall_pct=188.1 target_cpu=100 affinity_applied=true start_cpu=100 end_cpu=100 voluntary_ctxt_switches=24 involuntary_ctxt_switches=2 migrations=0
zcofi-rma-read-worker-cq: worker=4 streams=1 peak_outstanding=256 cq_poll_calls=130494 cq_batches=99033 cq_completions=163840 avg_cq_completions_per_batch=1.65 post_eagain=0 local_cq_completion_count=163840 local_cq_completion_avg_ns=1581697 local_cq_completion_min_ns=254604 local_cq_completion_p50_ns=2000000 local_cq_completion_p95_ns=4000000 local_cq_completion_p99_ns=6000000 local_cq_completion_p999_ns=6000000 local_cq_completion_max_ns=5653106
zcofi-rma-read-worker: worker=5 streams=1 payload_bytes=671088640 wire_bytes=671088704 extents=163840 logical_records=163840 acks=1 seconds=1.015415 payload_Gbitps=5.287 logical_iops=161353 thread_cpu_seconds=1.918887 cpu_wall_pct=189.0 target_cpu=101 affinity_applied=true start_cpu=101 end_cpu=101 voluntary_ctxt_switches=27 involuntary_ctxt_switches=4 migrations=0
zcofi-rma-read-worker-cq: worker=5 streams=1 peak_outstanding=256 cq_poll_calls=130838 cq_batches=99088 cq_completions=163840 avg_cq_completions_per_batch=1.65 post_eagain=0 local_cq_completion_count=163840 local_cq_completion_avg_ns=1581743 local_cq_completion_min_ns=167981 local_cq_completion_p50_ns=2000000 local_cq_completion_p95_ns=4000000 local_cq_completion_p99_ns=6000000 local_cq_completion_p999_ns=6000000 local_cq_completion_max_ns=5666593
zcofi-rma-read-worker: worker=6 streams=1 payload_bytes=671088640 wire_bytes=671088704 extents=163840 logical_records=163840 acks=1 seconds=1.015248 payload_Gbitps=5.288 logical_iops=161379 thread_cpu_seconds=1.912527 cpu_wall_pct=188.4 target_cpu=102 affinity_applied=true start_cpu=102 end_cpu=102 voluntary_ctxt_switches=29 involuntary_ctxt_switches=4 migrations=0
zcofi-rma-read-worker-cq: worker=6 streams=1 peak_outstanding=256 cq_poll_calls=130797 cq_batches=99016 cq_completions=163840 avg_cq_completions_per_batch=1.65 post_eagain=0 local_cq_completion_count=163840 local_cq_completion_avg_ns=1580144 local_cq_completion_min_ns=245236 local_cq_completion_p50_ns=2000000 local_cq_completion_p95_ns=4000000 local_cq_completion_p99_ns=6000000 local_cq_completion_p999_ns=6000000 local_cq_completion_max_ns=5695250
zcofi-rma-read-worker: worker=7 streams=1 payload_bytes=671088640 wire_bytes=671088704 extents=163840 logical_records=163840 acks=1 seconds=1.015318 payload_Gbitps=5.288 logical_iops=161368 thread_cpu_seconds=1.914274 cpu_wall_pct=188.5 target_cpu=103 affinity_applied=true start_cpu=103 end_cpu=103 voluntary_ctxt_switches=31 involuntary_ctxt_switches=3 migrations=0
zcofi-rma-read-worker-cq: worker=7 streams=1 peak_outstanding=256 cq_poll_calls=131102 cq_batches=99202 cq_completions=163840 avg_cq_completions_per_batch=1.65 post_eagain=0 local_cq_completion_count=163840 local_cq_completion_avg_ns=1580648 local_cq_completion_min_ns=257130 local_cq_completion_p50_ns=2000000 local_cq_completion_p95_ns=4000000 local_cq_completion_p99_ns=6000000 local_cq_completion_p999_ns=6000000 local_cq_completion_max_ns=5674878
zcofi-rma-read-worker: worker=8 streams=1 payload_bytes=671088640 wire_bytes=671088704 extents=163840 logical_records=163840 acks=1 seconds=1.015355 payload_Gbitps=5.288 logical_iops=161362 thread_cpu_seconds=1.916688 cpu_wall_pct=188.8 target_cpu=104 affinity_applied=true start_cpu=104 end_cpu=104 voluntary_ctxt_switches=33 involuntary_ctxt_switches=4 migrations=0
zcofi-rma-read-worker-cq: worker=8 streams=1 peak_outstanding=256 cq_poll_calls=130599 cq_batches=99060 cq_completions=163840 avg_cq_completions_per_batch=1.65 post_eagain=0 local_cq_completion_count=163840 local_cq_completion_avg_ns=1581089 local_cq_completion_min_ns=250616 local_cq_completion_p50_ns=2000000 local_cq_completion_p95_ns=4000000 local_cq_completion_p99_ns=6000000 local_cq_completion_p999_ns=6000000 local_cq_completion_max_ns=5658110
zcofi-rma-read-worker: worker=9 streams=1 payload_bytes=671088640 wire_bytes=671088704 extents=163840 logical_records=163840 acks=1 seconds=1.016524 payload_Gbitps=5.281 logical_iops=161177 thread_cpu_seconds=1.916830 cpu_wall_pct=188.6 target_cpu=105 affinity_applied=true start_cpu=105 end_cpu=105 voluntary_ctxt_switches=34 involuntary_ctxt_switches=3 migrations=0
zcofi-rma-read-worker-cq: worker=9 streams=1 peak_outstanding=256 cq_poll_calls=122726 cq_batches=94145 cq_completions=163840 avg_cq_completions_per_batch=1.74 post_eagain=0 local_cq_completion_count=163840 local_cq_completion_avg_ns=1583365 local_cq_completion_min_ns=228367 local_cq_completion_p50_ns=2000000 local_cq_completion_p95_ns=4000000 local_cq_completion_p99_ns=6000000 local_cq_completion_p999_ns=6000000 local_cq_completion_max_ns=5665482
zcofi-rma-read-worker: worker=10 streams=1 payload_bytes=671088640 wire_bytes=671088704 extents=163840 logical_records=163840 acks=1 seconds=1.015472 payload_Gbitps=5.287 logical_iops=161344 thread_cpu_seconds=1.917713 cpu_wall_pct=188.8 target_cpu=106 affinity_applied=true start_cpu=106 end_cpu=106 voluntary_ctxt_switches=37 involuntary_ctxt_switches=7 migrations=0
zcofi-rma-read-worker-cq: worker=10 streams=1 peak_outstanding=256 cq_poll_calls=126013 cq_batches=96022 cq_completions=163840 avg_cq_completions_per_batch=1.71 post_eagain=0 local_cq_completion_count=163840 local_cq_completion_avg_ns=1581670 local_cq_completion_min_ns=352439 local_cq_completion_p50_ns=2000000 local_cq_completion_p95_ns=4000000 local_cq_completion_p99_ns=6000000 local_cq_completion_p999_ns=6000000 local_cq_completion_max_ns=5704286
zcofi-rma-read-worker: worker=11 streams=1 payload_bytes=671088640 wire_bytes=671088704 extents=163840 logical_records=163840 acks=1 seconds=1.015465 payload_Gbitps=5.287 logical_iops=161345 thread_cpu_seconds=1.918021 cpu_wall_pct=188.9 target_cpu=107 affinity_applied=true start_cpu=107 end_cpu=107 voluntary_ctxt_switches=40 involuntary_ctxt_switches=2 migrations=0
zcofi-rma-read-worker-cq: worker=11 streams=1 peak_outstanding=256 cq_poll_calls=131085 cq_batches=99152 cq_completions=163840 avg_cq_completions_per_batch=1.65 post_eagain=0 local_cq_completion_count=163840 local_cq_completion_avg_ns=1582028 local_cq_completion_min_ns=247038 local_cq_completion_p50_ns=2000000 local_cq_completion_p95_ns=4000000 local_cq_completion_p99_ns=6000000 local_cq_completion_p999_ns=6000000 local_cq_completion_max_ns=5692663
zcofi-endpoint-stats: send_depth=64 send_active=0 send_inflight=0 send_peak=1 send_posts=2 send_completions=2 send_eagain=0 send_retries=0 send_errors=0 recv_depth=64 recv_active=0 recv_inflight=0 recv_peak=1 recv_posts=1 recv_completions=1 recv_eagain=0 recv_retries=0 recv_errors=0 read_depth=256 read_active=0 read_inflight=0 read_peak=256 read_posts=163840 read_completions=163840 read_eagain=0 read_retries=0 read_errors=0 write_depth=256 write_active=0 write_inflight=0 write_peak=0 write_posts=0 write_completions=0 write_eagain=0 write_retries=0 write_errors=0 tx_cq_polls=341912 tx_cq_empty=242906 tx_cq_nonempty=99006 tx_cq_entries=163842 tx_cq_errors=0 tx_cq_sleeps=0 rx_cq_polls=14573883 rx_cq_empty=14573882 rx_cq_nonempty=1 rx_cq_entries=1 rx_cq_errors=0 rx_cq_sleeps=0 send_mr_reg=2 send_mr_close=0 send_mr_hot=0 send_mr_hits=1 recv_mr_reg=1 recv_mr_close=0 recv_mr_hot=0 recv_mr_hits=0 read_mr_reg=1 read_mr_close=0 read_mr_hot=0 read_mr_hits=163840 write_mr_reg=0 write_mr_close=0 write_mr_hot=0 write_mr_hits=0 target_mr_reg=0 target_mr_close=0 target_mr_hot=0 inject_posts=0 fatal_rc=0 efa_write_high_pps_available=0 efa_write_high_pps_effective=0 efa_write_high_pps_verified=0 efa_write_high_pps_fallbacks=0 rma_write_delivery_complete=1 rma_write_more=0 rma_write_more_burst=64 rma_write_more_posts=0 rma_write_flush_posts=0 rma_write_forced_flush_posts=0 rma_write_more_followup_eagain=0 rma_write_force_flush=0 tx_cq_avg_cqes_per_nonempty=1.65 rx_cq_avg_cqes_per_nonempty=1.00
zcofi-endpoint-stats: send_depth=64 send_active=0 send_inflight=0 send_peak=1 send_posts=2 send_completions=2 send_eagain=0 send_retries=0 send_errors=0 recv_depth=64 recv_active=0 recv_inflight=0 recv_peak=1 recv_posts=1 recv_completions=1 recv_eagain=0 recv_retries=0 recv_errors=0 read_depth=256 read_active=0 read_inflight=0 read_peak=256 read_posts=163840 read_completions=163840 read_eagain=0 read_retries=0 read_errors=0 write_depth=256 write_active=0 write_inflight=0 write_peak=0 write_posts=0 write_completions=0 write_eagain=0 write_retries=0 write_errors=0 tx_cq_polls=339682 tx_cq_empty=240889 tx_cq_nonempty=98793 tx_cq_entries=163842 tx_cq_errors=0 tx_cq_sleeps=0 rx_cq_polls=14992816 rx_cq_empty=14992815 rx_cq_nonempty=1 rx_cq_entries=1 rx_cq_errors=0 rx_cq_sleeps=0 send_mr_reg=2 send_mr_close=0 send_mr_hot=0 send_mr_hits=1 recv_mr_reg=1 recv_mr_close=0 recv_mr_hot=0 recv_mr_hits=0 read_mr_reg=1 read_mr_close=0 read_mr_hot=0 read_mr_hits=163840 write_mr_reg=0 write_mr_close=0 write_mr_hot=0 write_mr_hits=0 target_mr_reg=0 target_mr_close=0 target_mr_hot=0 inject_posts=0 fatal_rc=0 efa_write_high_pps_available=0 efa_write_high_pps_effective=0 efa_write_high_pps_verified=0 efa_write_high_pps_fallbacks=0 rma_write_delivery_complete=1 rma_write_more=0 rma_write_more_burst=64 rma_write_more_posts=0 rma_write_flush_posts=0 rma_write_forced_flush_posts=0 rma_write_more_followup_eagain=0 rma_write_force_flush=0 tx_cq_avg_cqes_per_nonempty=1.66 rx_cq_avg_cqes_per_nonempty=1.00
zcofi-endpoint-stats: send_depth=64 send_active=0 send_inflight=0 send_peak=1 send_posts=2 send_completions=2 send_eagain=0 send_retries=0 send_errors=0 recv_depth=64 recv_active=0 recv_inflight=0 recv_peak=1 recv_posts=1 recv_completions=1 recv_eagain=0 recv_retries=0 recv_errors=0 read_depth=256 read_active=0 read_inflight=0 read_peak=256 read_posts=163840 read_completions=163840 read_eagain=0 read_retries=0 read_errors=0 write_depth=256 write_active=0 write_inflight=0 write_peak=0 write_posts=0 write_completions=0 write_eagain=0 write_retries=0 write_errors=0 tx_cq_polls=90229 tx_cq_empty=40167 tx_cq_nonempty=50062 tx_cq_entries=163842 tx_cq_errors=0 tx_cq_sleeps=0 rx_cq_polls=14629293 rx_cq_empty=14629292 rx_cq_nonempty=1 rx_cq_entries=1 rx_cq_errors=0 rx_cq_sleeps=0 send_mr_reg=2 send_mr_close=0 send_mr_hot=0 send_mr_hits=1 recv_mr_reg=1 recv_mr_close=0 recv_mr_hot=0 recv_mr_hits=0 read_mr_reg=1 read_mr_close=0 read_mr_hot=0 read_mr_hits=163840 write_mr_reg=0 write_mr_close=0 write_mr_hot=0 write_mr_hits=0 target_mr_reg=0 target_mr_close=0 target_mr_hot=0 inject_posts=0 fatal_rc=0 efa_write_high_pps_available=0 efa_write_high_pps_effective=0 efa_write_high_pps_verified=0 efa_write_high_pps_fallbacks=0 rma_write_delivery_complete=1 rma_write_more=0 rma_write_more_burst=64 rma_write_more_posts=0 rma_write_flush_posts=0 rma_write_forced_flush_posts=0 rma_write_more_followup_eagain=0 rma_write_force_flush=0 tx_cq_avg_cqes_per_nonempty=3.27 rx_cq_avg_cqes_per_nonempty=1.00
zcofi-endpoint-stats: send_depth=64 send_active=0 send_inflight=0 send_peak=1 send_posts=2 send_completions=2 send_eagain=0 send_retries=0 send_errors=0 recv_depth=64 recv_active=0 recv_inflight=0 recv_peak=1 recv_posts=1 recv_completions=1 recv_eagain=0 recv_retries=0 recv_errors=0 read_depth=256 read_active=0 read_inflight=0 read_peak=256 read_posts=163840 read_completions=163840 read_eagain=0 read_retries=0 read_errors=0 write_depth=256 write_active=0 write_inflight=0 write_peak=0 write_posts=0 write_completions=0 write_eagain=0 write_retries=0 write_errors=0 tx_cq_polls=308341 tx_cq_empty=214194 tx_cq_nonempty=94147 tx_cq_entries=163842 tx_cq_errors=0 tx_cq_sleeps=0 rx_cq_polls=14749609 rx_cq_empty=14749608 rx_cq_nonempty=1 rx_cq_entries=1 rx_cq_errors=0 rx_cq_sleeps=0 send_mr_reg=2 send_mr_close=0 send_mr_hot=0 send_mr_hits=1 recv_mr_reg=1 recv_mr_close=0 recv_mr_hot=0 recv_mr_hits=0 read_mr_reg=1 read_mr_close=0 read_mr_hot=0 read_mr_hits=163840 write_mr_reg=0 write_mr_close=0 write_mr_hot=0 write_mr_hits=0 target_mr_reg=0 target_mr_close=0 target_mr_hot=0 inject_posts=0 fatal_rc=0 efa_write_high_pps_available=0 efa_write_high_pps_effective=0 efa_write_high_pps_verified=0 efa_write_high_pps_fallbacks=0 rma_write_delivery_complete=1 rma_write_more=0 rma_write_more_burst=64 rma_write_more_posts=0 rma_write_flush_posts=0 rma_write_forced_flush_posts=0 rma_write_more_followup_eagain=0 rma_write_force_flush=0 tx_cq_avg_cqes_per_nonempty=1.74 rx_cq_avg_cqes_per_nonempty=1.00
zcofi-endpoint-stats: send_depth=64 send_active=0 send_inflight=0 send_peak=1 send_posts=2 send_completions=2 send_eagain=0 send_retries=0 send_errors=0 recv_depth=64 recv_active=0 recv_inflight=0 recv_peak=1 recv_posts=1 recv_completions=1 recv_eagain=0 recv_retries=0 recv_errors=0 read_depth=256 read_active=0 read_inflight=0 read_peak=256 read_posts=163840 read_completions=163840 read_eagain=0 read_retries=0 read_errors=0 write_depth=256 write_active=0 write_inflight=0 write_peak=0 write_posts=0 write_completions=0 write_eagain=0 write_retries=0 write_errors=0 tx_cq_polls=90986 tx_cq_empty=41885 tx_cq_nonempty=49101 tx_cq_entries=163842 tx_cq_errors=0 tx_cq_sleeps=0 rx_cq_polls=14717685 rx_cq_empty=14717684 rx_cq_nonempty=1 rx_cq_entries=1 rx_cq_errors=0 rx_cq_sleeps=0 send_mr_reg=2 send_mr_close=0 send_mr_hot=0 send_mr_hits=1 recv_mr_reg=1 recv_mr_close=0 recv_mr_hot=0 recv_mr_hits=0 read_mr_reg=1 read_mr_close=0 read_mr_hot=0 read_mr_hits=163840 write_mr_reg=0 write_mr_close=0 write_mr_hot=0 write_mr_hits=0 target_mr_reg=0 target_mr_close=0 target_mr_hot=0 inject_posts=0 fatal_rc=0 efa_write_high_pps_available=0 efa_write_high_pps_effective=0 efa_write_high_pps_verified=0 efa_write_high_pps_fallbacks=0 rma_write_delivery_complete=1 rma_write_more=0 rma_write_more_burst=64 rma_write_more_posts=0 rma_write_flush_posts=0 rma_write_forced_flush_posts=0 rma_write_more_followup_eagain=0 rma_write_force_flush=0 tx_cq_avg_cqes_per_nonempty=3.34 rx_cq_avg_cqes_per_nonempty=1.00
zcofi-rma-read-worker: worker=12 streams=1 payload_bytes=671088640 wire_bytes=671088704 extents=163840 logical_records=163840 acks=1 seconds=1.015436 payload_Gbitps=5.287 logical_iops=161349 thread_cpu_seconds=1.916020 cpu_wall_pct=188.7 target_cpu=108 affinity_applied=true start_cpu=108 end_cpu=108 voluntary_ctxt_switches=40 involuntary_ctxt_switches=6 migrations=0
zcofi-rma-read-worker-cq: worker=12 streams=1 peak_outstanding=256 cq_poll_calls=129993 cq_batches=98712 cq_completions=163840 avg_cq_completions_per_batch=1.66 post_eagain=0 local_cq_completion_count=163840 local_cq_completion_avg_ns=1581737 local_cq_completion_min_ns=398762 local_cq_completion_p50_ns=2000000 local_cq_completion_p95_ns=4000000 local_cq_completion_p99_ns=6000000 local_cq_completion_p999_ns=6000000 local_cq_completion_max_ns=5715549
zcofi-rma-read-worker: worker=13 streams=1 payload_bytes=671088640 wire_bytes=671088704 extents=163840 logical_records=163840 acks=1 seconds=1.015577 payload_Gbitps=5.286 logical_iops=161327 thread_cpu_seconds=1.913364 cpu_wall_pct=188.4 target_cpu=109 affinity_applied=true start_cpu=109 end_cpu=109 voluntary_ctxt_switches=43 involuntary_ctxt_switches=2 migrations=0
zcofi-rma-read-worker-cq: worker=13 streams=1 peak_outstanding=256 cq_poll_calls=128285 cq_batches=97486 cq_completions=163840 avg_cq_completions_per_batch=1.68 post_eagain=0 local_cq_completion_count=163840 local_cq_completion_avg_ns=1580986 local_cq_completion_min_ns=430412 local_cq_completion_p50_ns=2000000 local_cq_completion_p95_ns=4000000 local_cq_completion_p99_ns=6000000 local_cq_completion_p999_ns=6000000 local_cq_completion_max_ns=5697111
zcofi-rma-read-worker: worker=14 streams=1 payload_bytes=671088640 wire_bytes=671088704 extents=163840 logical_records=163840 acks=1 seconds=1.015326 payload_Gbitps=5.288 logical_iops=161367 thread_cpu_seconds=1.916205 cpu_wall_pct=188.7 target_cpu=110 affinity_applied=true start_cpu=110 end_cpu=110 voluntary_ctxt_switches=44 involuntary_ctxt_switches=6 migrations=0
zcofi-rma-read-worker-cq: worker=14 streams=1 peak_outstanding=256 cq_poll_calls=131055 cq_batches=99207 cq_completions=163840 avg_cq_completions_per_batch=1.65 post_eagain=0 local_cq_completion_count=163840 local_cq_completion_avg_ns=1580774 local_cq_completion_min_ns=434051 local_cq_completion_p50_ns=2000000 local_cq_completion_p95_ns=4000000 local_cq_completion_p99_ns=6000000 local_cq_completion_p999_ns=6000000 local_cq_completion_max_ns=5691493
zcofi-rma-read-worker: worker=15 streams=1 payload_bytes=671088640 wire_bytes=671088704 extents=163840 logical_records=163840 acks=1 seconds=1.015366 payload_Gbitps=5.287 logical_iops=161361 thread_cpu_seconds=1.913804 cpu_wall_pct=188.5 target_cpu=111 affinity_applied=true start_cpu=111 end_cpu=111 voluntary_ctxt_switches=47 involuntary_ctxt_switches=2 migrations=0
zcofi-rma-read-worker-cq: worker=15 streams=1 peak_outstanding=256 cq_poll_calls=131369 cq_batches=99553 cq_completions=163840 avg_cq_completions_per_batch=1.65 post_eagain=0 local_cq_completion_count=163840 local_cq_completion_avg_ns=1581611 local_cq_completion_min_ns=552006 local_cq_completion_p50_ns=2000000 local_cq_completion_p95_ns=4000000 local_cq_completion_p99_ns=6000000 local_cq_completion_p999_ns=6000000 local_cq_completion_max_ns=5719216
zcofi-rma-read-worker: worker=16 streams=1 payload_bytes=671088640 wire_bytes=671088704 extents=163840 logical_records=163840 acks=1 seconds=1.015368 payload_Gbitps=5.287 logical_iops=161360 thread_cpu_seconds=1.913560 cpu_wall_pct=188.5 target_cpu=112 affinity_applied=true start_cpu=112 end_cpu=112 voluntary_ctxt_switches=49 involuntary_ctxt_switches=3 migrations=0
zcofi-rma-read-worker-cq: worker=16 streams=1 peak_outstanding=256 cq_poll_calls=130862 cq_batches=98969 cq_completions=163840 avg_cq_completions_per_batch=1.66 post_eagain=0 local_cq_completion_count=163840 local_cq_completion_avg_ns=1581893 local_cq_completion_min_ns=497738 local_cq_completion_p50_ns=2000000 local_cq_completion_p95_ns=4000000 local_cq_completion_p99_ns=6000000 local_cq_completion_p999_ns=6000000 local_cq_completion_max_ns=5686408
zcofi-rma-read-worker: worker=17 streams=1 payload_bytes=671088640 wire_bytes=671088704 extents=163840 logical_records=163840 acks=1 seconds=1.015363 payload_Gbitps=5.287 logical_iops=161361 thread_cpu_seconds=1.908368 cpu_wall_pct=187.9 target_cpu=113 affinity_applied=true start_cpu=113 end_cpu=113 voluntary_ctxt_switches=50 involuntary_ctxt_switches=4 migrations=0
zcofi-rma-read-worker-cq: worker=17 streams=1 peak_outstanding=256 cq_poll_calls=130755 cq_batches=99063 cq_completions=163840 avg_cq_completions_per_batch=1.65 post_eagain=0 local_cq_completion_count=163840 local_cq_completion_avg_ns=1581489 local_cq_completion_min_ns=552113 local_cq_completion_p50_ns=2000000 local_cq_completion_p95_ns=4000000 local_cq_completion_p99_ns=6000000 local_cq_completion_p999_ns=6000000 local_cq_completion_max_ns=5677929
zcofi-rma-read-worker: worker=18 streams=1 payload_bytes=671088640 wire_bytes=671088704 extents=163840 logical_records=163840 acks=1 seconds=1.015397 payload_Gbitps=5.287 logical_iops=161356 thread_cpu_seconds=1.914541 cpu_wall_pct=188.6 target_cpu=114 affinity_applied=true start_cpu=114 end_cpu=114 voluntary_ctxt_switches=51 involuntary_ctxt_switches=3 migrations=0
zcofi-rma-read-worker-cq: worker=18 streams=1 peak_outstanding=256 cq_poll_calls=130900 cq_batches=99048 cq_completions=163840 avg_cq_completions_per_batch=1.65 post_eagain=0 local_cq_completion_count=163840 local_cq_completion_avg_ns=1580131 local_cq_completion_min_ns=484987 local_cq_completion_p50_ns=2000000 local_cq_completion_p95_ns=4000000 local_cq_completion_p99_ns=6000000 local_cq_completion_p999_ns=6000000 local_cq_completion_max_ns=5665931
zcofi-rma-read-worker: worker=19 streams=1 payload_bytes=671088640 wire_bytes=671088704 extents=163840 logical_records=163840 acks=1 seconds=1.015414 payload_Gbitps=5.287 logical_iops=161353 thread_cpu_seconds=1.912467 cpu_wall_pct=188.3 target_cpu=115 affinity_applied=true start_cpu=115 end_cpu=115 voluntary_ctxt_switches=53 involuntary_ctxt_switches=5 migrations=0
zcofi-rma-read-worker-cq: worker=19 streams=1 peak_outstanding=256 cq_poll_calls=131602 cq_batches=99506 cq_completions=163840 avg_cq_completions_per_batch=1.65 post_eagain=0 local_cq_completion_count=163840 local_cq_completion_avg_ns=1582416 local_cq_completion_min_ns=432006 local_cq_completion_p50_ns=2000000 local_cq_completion_p95_ns=4000000 local_cq_completion_p99_ns=6000000 local_cq_completion_p999_ns=6000000 local_cq_completion_max_ns=5649502
zcofi-rma-read-worker: worker=20 streams=1 payload_bytes=671088640 wire_bytes=671088704 extents=163840 logical_records=163840 acks=1 seconds=1.015336 payload_Gbitps=5.288 logical_iops=161365 thread_cpu_seconds=1.906171 cpu_wall_pct=187.7 target_cpu=116 affinity_applied=true start_cpu=116 end_cpu=116 voluntary_ctxt_switches=56 involuntary_ctxt_switches=3 migrations=0
zcofi-rma-read-worker-cq: worker=20 streams=1 peak_outstanding=256 cq_poll_calls=125949 cq_batches=96344 cq_completions=163840 avg_cq_completions_per_batch=1.70 post_eagain=0 local_cq_completion_count=163840 local_cq_completion_avg_ns=1581540 local_cq_completion_min_ns=605269 local_cq_completion_p50_ns=2000000 local_cq_completion_p95_ns=4000000 local_cq_completion_p99_ns=6000000 local_cq_completion_p999_ns=6000000 local_cq_completion_max_ns=5663017
zcofi-rma-read-worker: worker=21 streams=1 payload_bytes=671088640 wire_bytes=671088704 extents=163840 logical_records=163840 acks=1 seconds=1.015254 payload_Gbitps=5.288 logical_iops=161378 thread_cpu_seconds=1.913141 cpu_wall_pct=188.4 target_cpu=117 affinity_applied=true start_cpu=117 end_cpu=117 voluntary_ctxt_switches=57 involuntary_ctxt_switches=5 migrations=0
zcofi-rma-read-worker-cq: worker=21 streams=1 peak_outstanding=256 cq_poll_calls=126199 cq_batches=96475 cq_completions=163840 avg_cq_completions_per_batch=1.70 post_eagain=0 local_cq_completion_count=163840 local_cq_completion_avg_ns=1581335 local_cq_completion_min_ns=740994 local_cq_completion_p50_ns=2000000 local_cq_completion_p95_ns=4000000 local_cq_completion_p99_ns=6000000 local_cq_completion_p999_ns=6000000 local_cq_completion_max_ns=5692809
zcofi-rma-read-worker: worker=22 streams=1 payload_bytes=671088640 wire_bytes=671088704 extents=163840 logical_records=163840 acks=1 seconds=1.014611 payload_Gbitps=5.291 logical_iops=161481 thread_cpu_seconds=1.915298 cpu_wall_pct=188.8 target_cpu=118 affinity_applied=true start_cpu=118 end_cpu=118 voluntary_ctxt_switches=59 involuntary_ctxt_switches=2 migrations=0
zcofi-rma-read-worker-cq: worker=22 streams=1 peak_outstanding=256 cq_poll_calls=130560 cq_batches=99001 cq_completions=163840 avg_cq_completions_per_batch=1.65 post_eagain=0 local_cq_completion_count=163840 local_cq_completion_avg_ns=1577092 local_cq_completion_min_ns=676389 local_cq_completion_p50_ns=2000000 local_cq_completion_p95_ns=4000000 local_cq_completion_p99_ns=6000000 local_cq_completion_p999_ns=6000000 local_cq_completion_max_ns=5673660
zcofi-rma-read-worker: worker=23 streams=1 payload_bytes=671088640 wire_bytes=671088704 extents=163840 logical_records=163840 acks=1 seconds=1.015462 payload_Gbitps=5.287 logical_iops=161345 thread_cpu_seconds=1.915459 cpu_wall_pct=188.6 target_cpu=119 affinity_applied=true start_cpu=119 end_cpu=119 voluntary_ctxt_switches=61 involuntary_ctxt_switches=5 migrations=0
zcofi-rma-read-worker-cq: worker=23 streams=1 peak_outstanding=256 cq_poll_calls=127598 cq_batches=97243 cq_completions=163840 avg_cq_completions_per_batch=1.68 post_eagain=0 local_cq_completion_count=163840 local_cq_completion_avg_ns=1581815 local_cq_completion_min_ns=480281 local_cq_completion_p50_ns=2000000 local_cq_completion_p95_ns=4000000 local_cq_completion_p99_ns=6000000 local_cq_completion_p999_ns=6000000 local_cq_completion_max_ns=5660456
zcofi-rma-read-worker: worker=24 streams=1 payload_bytes=671088640 wire_bytes=671088704 extents=163840 logical_records=163840 acks=1 seconds=1.015336 payload_Gbitps=5.288 logical_iops=161365 thread_cpu_seconds=1.913420 cpu_wall_pct=188.5 target_cpu=120 affinity_applied=true start_cpu=120 end_cpu=120 voluntary_ctxt_switches=64 involuntary_ctxt_switches=2 migrations=0
zcofi-rma-read-worker-cq: worker=24 streams=1 peak_outstanding=256 cq_poll_calls=130186 cq_batches=98614 cq_completions=163840 avg_cq_completions_per_batch=1.66 post_eagain=0 local_cq_completion_count=163840 local_cq_completion_avg_ns=1581100 local_cq_completion_min_ns=785571 local_cq_completion_p50_ns=2000000 local_cq_completion_p95_ns=4000000 local_cq_completion_p99_ns=6000000 local_cq_completion_p999_ns=6000000 local_cq_completion_max_ns=5660115
zcofi-rma-read-worker: worker=25 streams=1 payload_bytes=671088640 wire_bytes=671088704 extents=163840 logical_records=163840 acks=1 seconds=1.015365 payload_Gbitps=5.287 logical_iops=161361 thread_cpu_seconds=1.913366 cpu_wall_pct=188.4 target_cpu=121 affinity_applied=true start_cpu=121 end_cpu=121 voluntary_ctxt_switches=65 involuntary_ctxt_switches=3 migrations=0
zcofi-rma-read-worker-cq: worker=25 streams=1 peak_outstanding=256 cq_poll_calls=130945 cq_batches=99238 cq_completions=163840 avg_cq_completions_per_batch=1.65 post_eagain=0 local_cq_completion_count=163840 local_cq_completion_avg_ns=1582194 local_cq_completion_min_ns=476391 local_cq_completion_p50_ns=2000000 local_cq_completion_p95_ns=4000000 local_cq_completion_p99_ns=6000000 local_cq_completion_p999_ns=6000000 local_cq_completion_max_ns=5698769
zcofi-rma-read-worker: worker=26 streams=1 payload_bytes=671088640 wire_bytes=671088704 extents=163840 logical_records=163840 acks=1 seconds=1.015147 payload_Gbitps=5.289 logical_iops=161395 thread_cpu_seconds=1.907469 cpu_wall_pct=187.9 target_cpu=122 affinity_applied=true start_cpu=122 end_cpu=122 voluntary_ctxt_switches=68 involuntary_ctxt_switches=3 migrations=0
zcofi-rma-read-worker-cq: worker=26 streams=1 peak_outstanding=256 cq_poll_calls=130768 cq_batches=98964 cq_completions=163840 avg_cq_completions_per_batch=1.66 post_eagain=0 local_cq_completion_count=163840 local_cq_completion_avg_ns=1580167 local_cq_completion_min_ns=933118 local_cq_completion_p50_ns=2000000 local_cq_completion_p95_ns=4000000 local_cq_completion_p99_ns=6000000 local_cq_completion_p999_ns=6000000 local_cq_completion_max_ns=5667547
zcofi-rma-read-worker: worker=27 streams=1 payload_bytes=671088640 wire_bytes=671088704 extents=163840 logical_records=163840 acks=1 seconds=1.015476 payload_Gbitps=5.287 logical_iops=161343 thread_cpu_seconds=1.906974 cpu_wall_pct=187.8 target_cpu=123 affinity_applied=true start_cpu=123 end_cpu=123 voluntary_ctxt_switches=72 involuntary_ctxt_switches=3 migrations=0
zcofi-rma-read-worker-cq: worker=27 streams=1 peak_outstanding=256 cq_poll_calls=130736 cq_batches=98955 cq_completions=163840 avg_cq_completions_per_batch=1.66 post_eagain=0 local_cq_completion_count=163840 local_cq_completion_avg_ns=1582753 local_cq_completion_min_ns=268937 local_cq_completion_p50_ns=2000000 local_cq_completion_p95_ns=4000000 local_cq_completion_p99_ns=6000000 local_cq_completion_p999_ns=6000000 local_cq_completion_max_ns=5665175
zcofi-rma-read-worker: worker=28 streams=1 payload_bytes=671088640 wire_bytes=671088704 extents=163840 logical_records=163840 acks=1 seconds=1.015474 payload_Gbitps=5.287 logical_iops=161343 thread_cpu_seconds=1.906319 cpu_wall_pct=187.7 target_cpu=124 affinity_applied=true start_cpu=124 end_cpu=124 voluntary_ctxt_switches=72 involuntary_ctxt_switches=4 migrations=0
zcofi-rma-read-worker-cq: worker=28 streams=1 peak_outstanding=256 cq_poll_calls=130951 cq_batches=99004 cq_completions=163840 avg_cq_completions_per_batch=1.65 post_eagain=0 local_cq_completion_count=163840 local_cq_completion_avg_ns=1582948 local_cq_completion_min_ns=218182 local_cq_completion_p50_ns=2000000 local_cq_completion_p95_ns=4000000 local_cq_completion_p99_ns=6000000 local_cq_completion_p999_ns=6000000 local_cq_completion_max_ns=5682261
zcofi-rma-read-worker: worker=29 streams=1 payload_bytes=671088640 wire_bytes=671088704 extents=163840 logical_records=163840 acks=1 seconds=1.015476 payload_Gbitps=5.287 logical_iops=161343 thread_cpu_seconds=1.910289 cpu_wall_pct=188.1 target_cpu=125 affinity_applied=true start_cpu=125 end_cpu=125 voluntary_ctxt_switches=73 involuntary_ctxt_switches=3 migrations=0
zcofi-rma-read-worker-cq: worker=29 streams=1 peak_outstanding=256 cq_poll_calls=130402 cq_batches=98590 cq_completions=163840 avg_cq_completions_per_batch=1.66 post_eagain=0 local_cq_completion_count=163840 local_cq_completion_avg_ns=1583239 local_cq_completion_min_ns=148610 local_cq_completion_p50_ns=2000000 local_cq_completion_p95_ns=4000000 local_cq_completion_p99_ns=6000000 local_cq_completion_p999_ns=6000000 local_cq_completion_max_ns=5698475
zcofi-rma-read-worker: worker=30 streams=1 payload_bytes=671088640 wire_bytes=671088704 extents=163840 logical_records=163840 acks=1 seconds=1.015452 payload_Gbitps=5.287 logical_iops=161347 thread_cpu_seconds=1.916228 cpu_wall_pct=188.7 target_cpu=126 affinity_applied=true start_cpu=126 end_cpu=126 voluntary_ctxt_switches=76 involuntary_ctxt_switches=3 migrations=0
zcofi-rma-read-worker-cq: worker=30 streams=1 peak_outstanding=256 cq_poll_calls=123990 cq_batches=95115 cq_completions=163840 avg_cq_completions_per_batch=1.72 post_eagain=0 local_cq_completion_count=163840 local_cq_completion_avg_ns=1582064 local_cq_completion_min_ns=387923 local_cq_completion_p50_ns=2000000 local_cq_completion_p95_ns=4000000 local_cq_completion_p99_ns=6000000 local_cq_completion_p999_ns=6000000 local_cq_completion_max_ns=5657247
zcofi-rma-read-worker: worker=31 streams=1 payload_bytes=671088640 wire_bytes=671088704 extents=163840 logical_records=163840 acks=1 seconds=1.014988 payload_Gbitps=5.289 logical_iops=161421 thread_cpu_seconds=1.911860 cpu_wall_pct=188.4 target_cpu=127 affinity_applied=true start_cpu=127 end_cpu=127 voluntary_ctxt_switches=77 involuntary_ctxt_switches=2 migrations=0
zcofi-rma-read-worker-cq: worker=31 streams=1 peak_outstanding=256 cq_poll_calls=125965 cq_batches=96242 cq_completions=163840 avg_cq_completions_per_batch=1.70 post_eagain=0 local_cq_completion_count=163840 local_cq_completion_avg_ns=1579318 local_cq_completion_min_ns=951414 local_cq_completion_p50_ns=2000000 local_cq_completion_p95_ns=4000000 local_cq_completion_p99_ns=6000000 local_cq_completion_p999_ns=6000000 local_cq_completion_max_ns=5680852
zcofi-rma-read-worker: worker=32 streams=1 payload_bytes=671088640 wire_bytes=671088704 extents=163840 logical_records=163840 acks=1 seconds=1.015393 payload_Gbitps=5.287 logical_iops=161356 thread_cpu_seconds=1.912161 cpu_wall_pct=188.3 target_cpu=128 affinity_applied=true start_cpu=128 end_cpu=128 voluntary_ctxt_switches=79 involuntary_ctxt_switches=5 migrations=0
zcofi-rma-read-worker-cq: worker=32 streams=1 peak_outstanding=256 cq_poll_calls=115021 cq_batches=90274 cq_completions=163840 avg_cq_completions_per_batch=1.81 post_eagain=0 local_cq_completion_count=163840 local_cq_completion_avg_ns=1581100 local_cq_completion_min_ns=774616 local_cq_completion_p50_ns=2000000 local_cq_completion_p95_ns=4000000 local_cq_completion_p99_ns=6000000 local_cq_completion_p999_ns=6000000 local_cq_completion_max_ns=5700525
zcofi-rma-read-worker: worker=33 streams=1 payload_bytes=671088640 wire_bytes=671088704 extents=163840 logical_records=163840 acks=1 seconds=1.015221 payload_Gbitps=5.288 logical_iops=161384 thread_cpu_seconds=1.914584 cpu_wall_pct=188.6 target_cpu=129 affinity_applied=true start_cpu=129 end_cpu=129 voluntary_ctxt_switches=81 involuntary_ctxt_switches=2 migrations=0
zcofi-rma-read-worker-cq: worker=33 streams=1 peak_outstanding=256 cq_poll_calls=114519 cq_batches=89733 cq_completions=163840 avg_cq_completions_per_batch=1.83 post_eagain=0 local_cq_completion_count=163840 local_cq_completion_avg_ns=1581154 local_cq_completion_min_ns=772155 local_cq_completion_p50_ns=2000000 local_cq_completion_p95_ns=4000000 local_cq_completion_p99_ns=6000000 local_cq_completion_p999_ns=6000000 local_cq_completion_max_ns=5683565
zcofi-rma-read-worker: worker=34 streams=1 payload_bytes=671088640 wire_bytes=671088704 extents=163840 logical_records=163840 acks=1 seconds=1.015286 payload_Gbitps=5.288 logical_iops=161373 thread_cpu_seconds=1.914156 cpu_wall_pct=188.5 target_cpu=130 affinity_applied=true start_cpu=130 end_cpu=130 voluntary_ctxt_switches=83 involuntary_ctxt_switches=5 migrations=0
zcofi-rma-read-worker-cq: worker=34 streams=1 peak_outstanding=256 cq_poll_calls=124909 cq_batches=95668 cq_completions=163840 avg_cq_completions_per_batch=1.71 post_eagain=0 local_cq_completion_count=163840 local_cq_completion_avg_ns=1582004 local_cq_completion_min_ns=451656 local_cq_completion_p50_ns=2000000 local_cq_completion_p95_ns=4000000 local_cq_completion_p99_ns=6000000 local_cq_completion_p999_ns=6000000 local_cq_completion_max_ns=5714311
zcofi-rma-read-worker: worker=35 streams=1 payload_bytes=671088640 wire_bytes=671088704 extents=163840 logical_records=163840 acks=1 seconds=1.015401 payload_Gbitps=5.287 logical_iops=161355 thread_cpu_seconds=1.916251 cpu_wall_pct=188.7 target_cpu=131 affinity_applied=true start_cpu=131 end_cpu=131 voluntary_ctxt_switches=83 involuntary_ctxt_switches=2 migrations=0
zcofi-rma-read-worker-cq: worker=35 streams=1 peak_outstanding=256 cq_poll_calls=126201 cq_batches=96401 cq_completions=163840 avg_cq_completions_per_batch=1.70 post_eagain=0 local_cq_completion_count=163840 local_cq_completion_avg_ns=1582279 local_cq_completion_min_ns=376795 local_cq_completion_p50_ns=2000000 local_cq_completion_p95_ns=4000000 local_cq_completion_p99_ns=6000000 local_cq_completion_p999_ns=6000000 local_cq_completion_max_ns=5675201
zcofi-rma-read-worker: worker=36 streams=1 payload_bytes=671088640 wire_bytes=671088704 extents=163840 logical_records=163840 acks=1 seconds=1.015217 payload_Gbitps=5.288 logical_iops=161384 thread_cpu_seconds=1.916548 cpu_wall_pct=188.8 target_cpu=132 affinity_applied=true start_cpu=132 end_cpu=132 voluntary_ctxt_switches=85 involuntary_ctxt_switches=4 migrations=0
zcofi-rma-read-worker-cq: worker=36 streams=1 peak_outstanding=256 cq_poll_calls=130589 cq_batches=99033 cq_completions=163840 avg_cq_completions_per_batch=1.65 post_eagain=0 local_cq_completion_count=163840 local_cq_completion_avg_ns=1581550 local_cq_completion_min_ns=655598 local_cq_completion_p50_ns=2000000 local_cq_completion_p95_ns=4000000 local_cq_completion_p99_ns=6000000 local_cq_completion_p999_ns=6000000 local_cq_completion_max_ns=5687042
zcofi-rma-read-worker: worker=37 streams=1 payload_bytes=671088640 wire_bytes=671088704 extents=163840 logical_records=163840 acks=1 seconds=1.015263 payload_Gbitps=5.288 logical_iops=161377 thread_cpu_seconds=1.915398 cpu_wall_pct=188.7 target_cpu=133 affinity_applied=true start_cpu=133 end_cpu=133 voluntary_ctxt_switches=88 involuntary_ctxt_switches=3 migrations=0
zcofi-rma-read-worker-cq: worker=37 streams=1 peak_outstanding=256 cq_poll_calls=130463 cq_batches=98858 cq_completions=163840 avg_cq_completions_per_batch=1.66 post_eagain=0 local_cq_completion_count=163840 local_cq_completion_avg_ns=1581636 local_cq_completion_min_ns=672578 local_cq_completion_p50_ns=2000000 local_cq_completion_p95_ns=4000000 local_cq_completion_p99_ns=6000000 local_cq_completion_p999_ns=6000000 local_cq_completion_max_ns=5652706
zcofi-rma-read-worker: worker=38 streams=1 payload_bytes=671088640 wire_bytes=671088704 extents=163840 logical_records=163840 acks=1 seconds=1.015067 payload_Gbitps=5.289 logical_iops=161408 thread_cpu_seconds=1.913016 cpu_wall_pct=188.5 target_cpu=134 affinity_applied=true start_cpu=134 end_cpu=134 voluntary_ctxt_switches=90 involuntary_ctxt_switches=3 migrations=0
zcofi-rma-read-worker-cq: worker=38 streams=1 peak_outstanding=256 cq_poll_calls=130089 cq_batches=98708 cq_completions=163840 avg_cq_completions_per_batch=1.66 post_eagain=0 local_cq_completion_count=163840 local_cq_completion_avg_ns=1580298 local_cq_completion_min_ns=925948 local_cq_completion_p50_ns=2000000 local_cq_completion_p95_ns=4000000 local_cq_completion_p99_ns=6000000 local_cq_completion_p999_ns=6000000 local_cq_completion_max_ns=5658705
zcofi-rma-read-worker: worker=39 streams=1 payload_bytes=671088640 wire_bytes=671088704 extents=163840 logical_records=163840 acks=1 seconds=1.015128 payload_Gbitps=5.289 logical_iops=161398 thread_cpu_seconds=1.916742 cpu_wall_pct=188.8 target_cpu=135 affinity_applied=true start_cpu=135 end_cpu=135 voluntary_ctxt_switches=92 involuntary_ctxt_switches=3 migrations=0
zcofi-rma-read-worker-cq: worker=39 streams=1 peak_outstanding=256 cq_poll_calls=131031 cq_batches=99142 cq_completions=163840 avg_cq_completions_per_batch=1.65 post_eagain=0 local_cq_completion_count=163840 local_cq_completion_avg_ns=1580944 local_cq_completion_min_ns=876548 local_cq_completion_p50_ns=2000000 local_cq_completion_p95_ns=4000000 local_cq_completion_p99_ns=6000000 local_cq_completion_p999_ns=6000000 local_cq_completion_max_ns=5662440
zcofi-rma-read-worker: worker=40 streams=1 payload_bytes=671088640 wire_bytes=671088704 extents=163840 logical_records=163840 acks=1 seconds=1.015404 payload_Gbitps=5.287 logical_iops=161355 thread_cpu_seconds=1.913029 cpu_wall_pct=188.4 target_cpu=136 affinity_applied=true start_cpu=136 end_cpu=136 voluntary_ctxt_switches=93 involuntary_ctxt_switches=2 migrations=0
zcofi-rma-read-worker-cq: worker=40 streams=1 peak_outstanding=256 cq_poll_calls=125769 cq_batches=96188 cq_completions=163840 avg_cq_completions_per_batch=1.70 post_eagain=0 local_cq_completion_count=163840 local_cq_completion_avg_ns=1581270 local_cq_completion_min_ns=744141 local_cq_completion_p50_ns=2000000 local_cq_completion_p95_ns=4000000 local_cq_completion_p99_ns=6000000 local_cq_completion_p999_ns=6000000 local_cq_completion_max_ns=5666545
zcofi-rma-read-worker: worker=41 streams=1 payload_bytes=671088640 wire_bytes=671088704 extents=163840 logical_records=163840 acks=1 seconds=1.015330 payload_Gbitps=5.288 logical_iops=161366 thread_cpu_seconds=1.914301 cpu_wall_pct=188.5 target_cpu=137 affinity_applied=true start_cpu=137 end_cpu=137 voluntary_ctxt_switches=94 involuntary_ctxt_switches=5 migrations=0
zcofi-rma-read-worker-cq: worker=41 streams=1 peak_outstanding=256 cq_poll_calls=123490 cq_batches=94685 cq_completions=163840 avg_cq_completions_per_batch=1.73 post_eagain=0 local_cq_completion_count=163840 local_cq_completion_avg_ns=1581895 local_cq_completion_min_ns=352443 local_cq_completion_p50_ns=2000000 local_cq_completion_p95_ns=4000000 local_cq_completion_p99_ns=6000000 local_cq_completion_p999_ns=6000000 local_cq_completion_max_ns=5681234
zcofi-rma-read-worker: worker=42 streams=1 payload_bytes=671088640 wire_bytes=671088704 extents=163840 logical_records=163840 acks=1 seconds=1.015329 payload_Gbitps=5.288 logical_iops=161366 thread_cpu_seconds=1.914578 cpu_wall_pct=188.6 target_cpu=138 affinity_applied=true start_cpu=138 end_cpu=138 voluntary_ctxt_switches=96 involuntary_ctxt_switches=3 migrations=0
zcofi-rma-read-worker-cq: worker=42 streams=1 peak_outstanding=256 cq_poll_calls=115989 cq_batches=90732 cq_completions=163840 avg_cq_completions_per_batch=1.81 post_eagain=0 local_cq_completion_count=163840 local_cq_completion_avg_ns=1582187 local_cq_completion_min_ns=282641 local_cq_completion_p50_ns=2000000 local_cq_completion_p95_ns=4000000 local_cq_completion_p99_ns=6000000 local_cq_completion_p999_ns=6000000 local_cq_completion_max_ns=5686171
zcofi-rma-read-worker: worker=43 streams=1 payload_bytes=671088640 wire_bytes=671088704 extents=163840 logical_records=163840 acks=1 seconds=1.015344 payload_Gbitps=5.288 logical_iops=161364 thread_cpu_seconds=1.913021 cpu_wall_pct=188.4 target_cpu=139 affinity_applied=true start_cpu=139 end_cpu=139 voluntary_ctxt_switches=97 involuntary_ctxt_switches=4 migrations=0
zcofi-rma-read-worker-cq: worker=43 streams=1 peak_outstanding=256 cq_poll_calls=113735 cq_batches=89472 cq_completions=163840 avg_cq_completions_per_batch=1.83 post_eagain=0 local_cq_completion_count=163840 local_cq_completion_avg_ns=1582203 local_cq_completion_min_ns=297751 local_cq_completion_p50_ns=2000000 local_cq_completion_p95_ns=4000000 local_cq_completion_p99_ns=6000000 local_cq_completion_p999_ns=6000000 local_cq_completion_max_ns=5677071
zcofi-rma-read-worker: worker=44 streams=1 payload_bytes=671088640 wire_bytes=671088704 extents=163840 logical_records=163840 acks=1 seconds=1.017029 payload_Gbitps=5.279 logical_iops=161097 thread_cpu_seconds=1.917613 cpu_wall_pct=188.6 target_cpu=140 affinity_applied=true start_cpu=140 end_cpu=140 voluntary_ctxt_switches=101 involuntary_ctxt_switches=2 migrations=0
zcofi-rma-read-worker-cq: worker=44 streams=1 peak_outstanding=256 cq_poll_calls=55489 cq_batches=49099 cq_completions=163840 avg_cq_completions_per_batch=3.34 post_eagain=0 local_cq_completion_count=163840 local_cq_completion_avg_ns=1582822 local_cq_completion_min_ns=173221 local_cq_completion_p50_ns=2000000 local_cq_completion_p95_ns=4000000 local_cq_completion_p99_ns=6000000 local_cq_completion_p999_ns=6000000 local_cq_completion_max_ns=5686053
zcofi-rma-read-worker: worker=45 streams=1 payload_bytes=671088640 wire_bytes=671088704 extents=163840 logical_records=163840 acks=1 seconds=1.016656 payload_Gbitps=5.281 logical_iops=161156 thread_cpu_seconds=1.917373 cpu_wall_pct=188.6 target_cpu=141 affinity_applied=true start_cpu=141 end_cpu=141 voluntary_ctxt_switches=100 involuntary_ctxt_switches=5 migrations=0
zcofi-rma-read-worker-cq: worker=45 streams=1 peak_outstanding=256 cq_poll_calls=56695 cq_batches=50060 cq_completions=163840 avg_cq_completions_per_batch=3.27 post_eagain=0 local_cq_completion_count=163840 local_cq_completion_avg_ns=1582311 local_cq_completion_min_ns=92710 local_cq_completion_p50_ns=2000000 local_cq_completion_p95_ns=4000000 local_cq_completion_p99_ns=6000000 local_cq_completion_p999_ns=6000000 local_cq_completion_max_ns=5679431
zcofi-rma-read-worker: worker=46 streams=1 payload_bytes=671088640 wire_bytes=671088704 extents=163840 logical_records=163840 acks=1 seconds=1.015523 payload_Gbitps=5.287 logical_iops=161336 thread_cpu_seconds=1.914711 cpu_wall_pct=188.5 target_cpu=142 affinity_applied=true start_cpu=142 end_cpu=142 voluntary_ctxt_switches=101 involuntary_ctxt_switches=3 migrations=0
zcofi-rma-read-worker-cq: worker=46 streams=1 peak_outstanding=256 cq_poll_calls=109883 cq_batches=87063 cq_completions=163840 avg_cq_completions_per_batch=1.88 post_eagain=0 local_cq_completion_count=163840 local_cq_completion_avg_ns=1580728 local_cq_completion_min_ns=87695 local_cq_completion_p50_ns=2000000 local_cq_completion_p95_ns=4000000 local_cq_completion_p99_ns=6000000 local_cq_completion_p999_ns=6000000 local_cq_completion_max_ns=5717510
zcofi-rma-read-worker: worker=47 streams=1 payload_bytes=671088640 wire_bytes=671088704 extents=163840 logical_records=163840 acks=1 seconds=1.015647 payload_Gbitps=5.286 logical_iops=161316 thread_cpu_seconds=1.918037 cpu_wall_pct=188.8 target_cpu=143 affinity_applied=true start_cpu=143 end_cpu=143 voluntary_ctxt_switches=99 involuntary_ctxt_switches=3 migrations=0
zcofi-rma-read-worker-cq: worker=47 streams=1 peak_outstanding=256 cq_poll_calls=114588 cq_batches=90106 cq_completions=163840 avg_cq_completions_per_batch=1.82 post_eagain=0 local_cq_completion_count=163840 local_cq_completion_avg_ns=1580701 local_cq_completion_min_ns=94535 local_cq_completion_p50_ns=2000000 local_cq_completion_p95_ns=4000000 local_cq_completion_p99_ns=6000000 local_cq_completion_p999_ns=6000000 local_cq_completion_max_ns=5639845
zcofi-rma-read-summary: payload_bytes=32212254720 wire_bytes=32212257792 extents=7864320 logical_records=7864320 doorbells=48 seconds=1.017029 payload_Gbitps=253.383 operation_iops=7732645 measured_raw_transport_rtt_us=1581.556 raw_rtt_semantics=rma-read-post-to-initiator-local-cq-data-visible matching_theoretical_iops=7769564 actual_theoretical_efficiency_pct=99.52 completion=initiator-local-cq-data-visible access_pattern=random-permutation per_lane_qd=256 per_worker_qd_min=256 per_worker_qd_max=256 workers=48 lanes=48 endpoint_count=48 cq_owner_count=48 endpoint_to_owner_map=w0:[0];w1:[1];w2:[2];w3:[3];w4:[4];w5:[5];w6:[6];w7:[7];w8:[8];w9:[9];w10:[10];w11:[11];w12:[12];w13:[13];w14:[14];w15:[15];w16:[16];w17:[17];w18:[18];w19:[19];w20:[20];w21:[21];w22:[22];w23:[23];w24:[24];w25:[25];w26:[26];w27:[27];w28:[28];w29:[29];w30:[30];w31:[31];w32:[32];w33:[33];w34:[34];w35:[35];w36:[36];w37:[37];w38:[38];w39:[39];w40:[40];w41:[41];w42:[42];w43:[43];w44:[44];w45:[45];w46:[46];w47:[47] aggregate_outstanding_depth=12288 measured_peak_outstanding=12288 local_registration_scope=fixed-buffer-per-outstanding-operation local_registered_bytes_per_lane=1048576 cq_poll_calls=5963945 cq_batches=4561437 cq_completions=7864320 avg_cq_completions_per_batch=1.72 post_eagain=0 local_cq_completion_count=7864320 local_cq_completion_avg_ns=1581556 local_cq_completion_min_ns=87695 local_cq_completion_p50_ns=2000000 local_cq_completion_p95_ns=4000000 local_cq_completion_p99_ns=6000000 local_cq_completion_p999_ns=6000000 local_cq_completion_max_ns=5719216 voluntary_ctxt_switches=2982 involuntary_ctxt_switches=184 migrations=0
